id,name,location,href,company,gbfs_href,system,source,ebikes,license,scooters,instances
abu-dhabi-careem-bike,Abu Dhabi Careem BIKE,"{'latitude': 24.4866, 'longitude': 54.3728, 'city': 'Abu Dhabi', 'country': 'AE'}",/v2/networks/abu-dhabi-careem-bike,['Careem'],https://dubai.publicbikesystem.net/customer/gbfs/v2/en/gbfs.json,,,,,,
acces-velo-saguenay,Accès Vélo,"{'latitude': 48.433333, 'longitude': -71.083333, 'city': 'Saguenay', 'country': 'CA'}",/v2/networks/acces-velo-saguenay,['PBSC Urban Solutions'],https://saguenay.publicbikesystem.net/customer/gbfs/v2/gbfs.json,,,,,,
aksu,Aksu,"{'latitude': 41.1664, 'longitude': 80.2617, 'city': '阿克苏市 (Aksu City)', 'country': 'CN'}",/v2/networks/aksu,['阿克苏公共服务'],,,,,,,
alba,Alba,"{'latitude': 44.716667, 'longitude': 8.083333, 'city': 'Alba', 'country': 'IT'}",/v2/networks/alba,['Comunicare S.r.l.'],,Bicincittà,https://www.bicincitta.com/frmLeStazioni.aspx?ID=139,,,,
albabici,AlbaBici,"{'latitude': 38.9943, 'longitude': -1.8602, 'city': 'Albacete', 'country': 'ES'}",/v2/networks/albabici,['Instituto Tecnológico de Castilla y León (ITCL)'],,bicicard,,,,,
algira,AlGira,"{'latitude': 39.2082, 'longitude': -8.6252, 'city': 'Almeirim', 'country': 'PT'}",/v2/networks/algira,"['Município de Almeirim', 'Wegoshare, Lda']",,,,True,,,
almatybike,Almatybike,"{'latitude': 43.239101, 'longitude': 76.9268076, 'city': 'Almaty', 'country': 'KZ'}",/v2/networks/almatybike,"['Velobike.kz, LLP', 'Smoove']",,Velobike,,,,,
alsa-nextbike-leon,Alsa nextbike León,"{'latitude': 42.5987263, 'longitude': -5.5670959, 'city': 'León', 'country': 'ES'}",/v2/networks/alsa-nextbike-leon,['Leonbici Nextbike Gmbh Y Autobuses Urbanos De Leon S.a. Ute'],,Nextbike,,,,,
ambici-amb,Ambici,"{'latitude': 41.44584, 'longitude': 2.19902, 'city': 'Barcelona', 'country': 'ES'}",/v2/networks/ambici-amb,"['Nextbike GmbH', 'TIER Mobility SE', 'Transports Metropolitans de Barcelona', 'Projectes i Serveis de Mobilitat S.A']",https://gbfs.nextbike.net/maps/gbfs/v2/nextbike_bs/gbfs.json,Ambici,,,,,
ambici-badalona,Ambici,"{'latitude': 41.447, 'longitude': 2.245, 'city': 'Badalona', 'country': 'ES'}",/v2/networks/ambici-badalona,"['Nextbike GmbH', 'TIER Mobility SE', 'Transports Metropolitans de Barcelona', 'Projectes i Serveis de Mobilitat S.A']",https://gbfs.nextbike.net/maps/gbfs/v2/nextbike_bs/gbfs.json,Ambici,,,,,
ambici-castelldefels,Ambici,"{'latitude': 41.2816, 'longitude': 1.97678, 'city': 'Castelldefels', 'country': 'ES'}",/v2/networks/ambici-castelldefels,"['Nextbike GmbH', 'TIER Mobility SE', 'Transports Metropolitans de Barcelona', 'Projectes i Serveis de Mobilitat S.A']",https://gbfs.nextbike.net/maps/gbfs/v2/nextbike_bs/gbfs.json,Ambici,,,,,
ambici-cornella-de-llobregat,Ambici,"{'latitude': 41.3585, 'longitude': 2.07081, 'city': 'Cornellà de Llobregat', 'country': 'ES'}",/v2/networks/ambici-cornella-de-llobregat,"['Nextbike GmbH', 'TIER Mobility SE', 'Transports Metropolitans de Barcelona', 'Projectes i Serveis de Mobilitat S.A']",https://gbfs.nextbike.net/maps/gbfs/v2/nextbike_bs/gbfs.json,Ambici,,,,,
ambici-el-prat-de-llobregat,Ambici,"{'latitude': 41.3239, 'longitude': 2.09317, 'city': 'El Prat de Llobregat', 'country': 'ES'}",/v2/networks/ambici-el-prat-de-llobregat,"['Nextbike GmbH', 'TIER Mobility SE', 'Transports Metropolitans de Barcelona', 'Projectes i Serveis de Mobilitat S.A']",https://gbfs.nextbike.net/maps/gbfs/v2/nextbike_bs/gbfs.json,Ambici,,,,,
ambici-esplugues-de-llobregat,Ambici,"{'latitude': 41.3771, 'longitude': 2.08938, 'city': 'Esplugues de Llobregat', 'country': 'ES'}",/v2/networks/ambici-esplugues-de-llobregat,"['Nextbike GmbH', 'TIER Mobility SE', 'Transports Metropolitans de Barcelona', 'Projectes i Serveis de Mobilitat S.A']",https://gbfs.nextbike.net/maps/gbfs/v2/nextbike_bs/gbfs.json,Ambici,,,,,
ambici-gava,Ambici,"{'latitude': 41.303, 'longitude': 2.00269, 'city': 'Gavà', 'country': 'ES'}",/v2/networks/ambici-gava,"['Nextbike GmbH', 'TIER Mobility SE', 'Transports Metropolitans de Barcelona', 'Projectes i Serveis de Mobilitat S.A']",https://gbfs.nextbike.net/maps/gbfs/v2/nextbike_bs/gbfs.json,Ambici,,,,,
ambici-hospitalet-de-llobregat,Ambici,"{'latitude': 41.3631, 'longitude': 2.1126, 'city': 'Hospitalet de Llobregat', 'country': 'ES'}",/v2/networks/ambici-hospitalet-de-llobregat,"['Nextbike GmbH', 'TIER Mobility SE', 'Transports Metropolitans de Barcelona', 'Projectes i Serveis de Mobilitat S.A']",https://gbfs.nextbike.net/maps/gbfs/v2/nextbike_bs/gbfs.json,Ambici,,,,,
ambici-molins-de-rei,Ambici,"{'latitude': 41.4132, 'longitude': 2.02037, 'city': 'Molins de Rei', 'country': 'ES'}",/v2/networks/ambici-molins-de-rei,"['Nextbike GmbH', 'TIER Mobility SE', 'Transports Metropolitans de Barcelona', 'Projectes i Serveis de Mobilitat S.A']",https://gbfs.nextbike.net/maps/gbfs/v2/nextbike_bs/gbfs.json,Ambici,,,,,
ambici-sant-adria-de-besos,Ambici,"{'latitude': 41.43073, 'longitude': 2.21855, 'city': 'Sant Adrià de Besòs', 'country': 'ES'}",/v2/networks/ambici-sant-adria-de-besos,"['Nextbike GmbH', 'TIER Mobility SE', 'Transports Metropolitans de Barcelona', 'Projectes i Serveis de Mobilitat S.A']",https://gbfs.nextbike.net/maps/gbfs/v2/nextbike_bs/gbfs.json,Ambici,,,,,
ambici-sant-boi-de-llobregat,Ambici,"{'latitude': 41.3458, 'longitude': 2.03404, 'city': 'Sant Boi de Llobregat', 'country': 'ES'}",/v2/networks/ambici-sant-boi-de-llobregat,"['Nextbike GmbH', 'TIER Mobility SE', 'Transports Metropolitans de Barcelona', 'Projectes i Serveis de Mobilitat S.A']",https://gbfs.nextbike.net/maps/gbfs/v2/nextbike_bs/gbfs.json,Ambici,,,,,
ambici-sant-feliu-de-llobregat,Ambici,"{'latitude': 41.38333, 'longitude': 2.05, 'city': 'Sant Feliu de Llobregat', 'country': 'ES'}",/v2/networks/ambici-sant-feliu-de-llobregat,"['Nextbike GmbH', 'TIER Mobility SE', 'Transports Metropolitans de Barcelona', 'Projectes i Serveis de Mobilitat S.A']",https://gbfs.nextbike.net/maps/gbfs/v2/nextbike_bs/gbfs.json,Ambici,,,,,
ambici-sant-joan-despi,Ambici,"{'latitude': 41.368, 'longitude': 2.05635, 'city': 'Sant Joan Despí', 'country': 'ES'}",/v2/networks/ambici-sant-joan-despi,"['Nextbike GmbH', 'TIER Mobility SE', 'Transports Metropolitans de Barcelona', 'Projectes i Serveis de Mobilitat S.A']",https://gbfs.nextbike.net/maps/gbfs/v2/nextbike_bs/gbfs.json,Ambici,,,,,
ambici-sant-just-desvern,Ambici,"{'latitude': 41.3807, 'longitude': 2.07496, 'city': 'Sant Just Desvern', 'country': 'ES'}",/v2/networks/ambici-sant-just-desvern,"['Nextbike GmbH', 'TIER Mobility SE', 'Transports Metropolitans de Barcelona', 'Projectes i Serveis de Mobilitat S.A']",https://gbfs.nextbike.net/maps/gbfs/v2/nextbike_bs/gbfs.json,Ambici,,,,,
ambici-santa-coloma-de-gramenet,Ambici,"{'latitude': 41.4459, 'longitude': 2.21033, 'city': 'Santa Coloma de Gramenet', 'country': 'ES'}",/v2/networks/ambici-santa-coloma-de-gramenet,"['Nextbike GmbH', 'TIER Mobility SE', 'Transports Metropolitans de Barcelona', 'Projectes i Serveis de Mobilitat S.A']",https://gbfs.nextbike.net/maps/gbfs/v2/nextbike_bs/gbfs.json,Ambici,,,,,
ambici-viladecans,Ambici,"{'latitude': 41.3165, 'longitude': 2.01306, 'city': 'Viladecans', 'country': 'ES'}",/v2/networks/ambici-viladecans,"['Nextbike GmbH', 'TIER Mobility SE', 'Transports Metropolitans de Barcelona', 'Projectes i Serveis de Mobilitat S.A']",https://gbfs.nextbike.net/maps/gbfs/v2/nextbike_bs/gbfs.json,Ambici,,,,,
andria,Andria in Bici,"{'latitude': 41.224346932834, 'longitude': 16.296983922753956, 'city': 'Andria', 'country': 'IT'}",/v2/networks/andria,['Comunicare S.r.l.'],,Bicincittà,https://www.bicincitta.com/frmLeStazioni.aspx?ID=192,,,,
aral,Aral,"{'latitude': 40.5577, 'longitude': 81.2879, 'city': '阿拉尔市 (Aral)', 'country': 'CN'}",/v2/networks/aral,['阿克苏公共服务'],,,,,,,
arbike,ARbike,"{'latitude': 43.473333, 'longitude': 11.87, 'city': 'Arezzo', 'country': 'IT'}",/v2/networks/arbike,['Comunicare S.r.l.'],,Bicincittà,https://www.bicincitta.com/frmLeStazioni.aspx?ID=84,,,,
arriva-nitra,Arriva,"{'latitude': 48.3088, 'longitude': 18.0783, 'city': 'Nitra', 'country': 'SK'}",/v2/networks/arriva-nitra,['Nextbike GmbH'],,,,,,,
arval-scandicci,ARVAL,"{'latitude': 43.7701, 'longitude': 11.1592, 'city': 'Scandicci', 'country': 'IT'}",/v2/networks/arval-scandicci,['Nextbike GmbH'],,Nextbike,,,,,
ascoli-piceno,Ascoli Piceno,"{'latitude': 42.85, 'longitude': 13.583333, 'city': 'Ascoli Piceno', 'country': 'IT'}",/v2/networks/ascoli-piceno,['Comunicare S.r.l.'],,Bicincittà,https://www.bicincitta.com/frmLeStazioni.aspx?ID=73,,,,
athens-bikes,AthensBikes,"{'latitude': 37.9838, 'longitude': 23.7275, 'city': 'Athens', 'country': 'GR'}",/v2/networks/athens-bikes,"['Brainbox Technology', 'Smoove SAS']",,EasyBike,,,,,
auxrmlevelo,AuxR_M le vélo,"{'latitude': 47.797221, 'longitude': 3.572376, 'city': 'Auxerre', 'country': 'FR'}",/v2/networks/auxrmlevelo,['Fifteen SAS'],,Fifteen,,,,,
avelo-quebec,àVélo,"{'latitude': 46.81305, 'longitude': -71.2168, 'city': 'Québec', 'country': 'CA'}",/v2/networks/avelo-quebec,['PBSC Urban Solutions'],https://quebec.publicbikesystem.net/customer/gbfs/v2/gbfs.json,,,,,,
aventura,Aventura BCycle,"{'latitude': 25.95711, 'longitude': -80.1395, 'city': 'Aventura, FL', 'country': 'US'}",/v2/networks/aventura,"['BCycle, LLC']",https://gbfs.bcycle.com/bcycle_aventura/gbfs.json,BCycle,,,,,
aviles-en-bici,Avilés en Bici,"{'latitude': 43.5554, 'longitude': -5.9222, 'city': 'Avilés', 'country': 'ES'}",/v2/networks/aviles-en-bici,['Instituto Tecnológico de Castilla y León (ITCL)'],,bicicard,,,,,
aw-bike,AW-bike Ahrweiler,"{'latitude': 50.5452, 'longitude': 7.1212, 'city': 'Ahrweiler', 'country': 'DE'}",/v2/networks/aw-bike,['nextbike GmbH'],https://gbfs.nextbike.net/maps/gbfs/v2/nextbike_rh/gbfs.json,,,,,,
baksi-antalya,Baksi,"{'latitude': 36.862048, 'longitude': 30.638866, 'city': 'Antalya', 'country': 'TR'}",/v2/networks/baksi-antalya,['Baksi Bike Sharing System'],,Baksi,,,,,
baksi-cabis,Çabis,"{'latitude': 40.1531, 'longitude': 26.4146, 'city': 'Çanakkale', 'country': 'TR'}",/v2/networks/baksi-cabis,['Baksi Bike Sharing System'],,Baksi,,,,,
baksi-nilesplit,Nilesplit,"{'latitude': 40.2127, 'longitude': 28.9627, 'city': 'Nilüfer', 'country': 'TR'}",/v2/networks/baksi-nilesplit,['Baksi Bike Sharing System'],,Baksi,,,,,
batumvelo,Batumvelo,"{'latitude': 41.660906, 'longitude': 41.678835, 'city': 'Batumi', 'country': 'GE'}",/v2/networks/batumvelo,['Smoove'],,Smoove,,,,,
bay-wheels,Bay Wheels,"{'latitude': 37.7141454, 'longitude': -122.25, 'city': 'San Francisco Bay Area, CA', 'country': 'US'}",/v2/networks/bay-wheels,['Motivate LLC'],https://gbfs.baywheels.com/gbfs/gbfs.json,,,,,,
bealler,Pedaleando por Aller (BeALLER),"{'latitude': 43.1482, 'longitude': -5.6295, 'city': 'Aller', 'country': 'ES'}",/v2/networks/bealler,['Instituto Tecnológico de Castilla y León (ITCL)'],,bicicard,,,,,
belfastbikes-belfast,BelfastBikes,"{'latitude': 54.5969, 'longitude': -5.92918, 'city': 'Belfast', 'country': 'GB'}",/v2/networks/belfastbikes-belfast,['Nextbike GmbH'],,Nextbike,,,,,
bentonville,Bentonville BCycle,"{'latitude': 36.3605, 'longitude': -94.1996, 'city': 'Bentonville, AR', 'country': 'US'}",/v2/networks/bentonville,"['BCycle, LLC']",https://gbfs.bcycle.com/bcycle_bentonville/gbfs.json,BCycle,,,,,
bergen-bysykkel,Bysykkel,"{'latitude': 60.391263, 'longitude': 5.322054, 'city': 'Bergen', 'country': 'NO'}",/v2/networks/bergen-bysykkel,['Urban Sharing AS'],https://gbfs.urbansharing.com/bergenbysykkel.no/gbfs.json,,,,,,
bergisches-e-bike,Bergisches e-Bike,"{'latitude': 51.0192, 'longitude': 7.18025, 'city': 'Bergisches e-Bike', 'country': 'DE'}",/v2/networks/bergisches-e-bike,['Nextbike GmbH'],,Nextbike,,,,,
beryl-bcp,"Beryl - Bournemouth, Christchurch and Poole","{'latitude': 50.7196, 'longitude': -1.8734, 'city': 'Bournemouth, Christchurch and Poole', 'country': 'GB'}",/v2/networks/beryl-bcp,['Beryl'],https://gbfs.beryl.cc/v2_2/BCP/gbfs.json,,,,,,
beryl-brighton,Beryl - Brighton,"{'latitude': 50.8222, 'longitude': -0.1403, 'city': 'Brighton', 'country': 'GB'}",/v2/networks/beryl-brighton,['Beryl'],https://gbfs.beryl.cc/v2_2/Brighton/gbfs.json,,,,,,
beryl-cornwall,Beryl - Cornwall,"{'latitude': 50.2616, 'longitude': -5.051, 'city': 'Cornwall', 'country': 'GB'}",/v2/networks/beryl-cornwall,['Beryl'],https://gbfs.beryl.cc/v2_2/Cornwall/gbfs.json,,,,,,
beryl-dorchester-weymouth-portland,"Beryl - Dorchester, Weymouth and Portland","{'latitude': 50.6085, 'longitude': -2.454, 'city': 'Dorchester, Weymouth and Portland', 'country': 'GB'}",/v2/networks/beryl-dorchester-weymouth-portland,['Beryl'],https://gbfs.beryl.cc/v2_2/Weymouth/gbfs.json,,,,,,
beryl-eastleigh,Beryl - Eastleigh,"{'latitude': 50.9691, 'longitude': -1.3603, 'city': 'Eastleigh', 'country': 'GB'}",/v2/networks/beryl-eastleigh,['Beryl'],https://gbfs.beryl.cc/v2_2/Eastleigh/gbfs.json,,,,,,
beryl-greater-manchester,Beryl - Greater Manchester,"{'latitude': 53.4795, 'longitude': -2.2436, 'city': 'Greater Manchester', 'country': 'GB'}",/v2/networks/beryl-greater-manchester,['Beryl'],https://gbfs.beryl.cc/v2_2/Greater_Manchester/gbfs.json,,,,,,
beryl-guildford,Beryl - Guildford,"{'latitude': 51.2397, 'longitude': -0.5764, 'city': 'Guildford', 'country': 'GB'}",/v2/networks/beryl-guildford,['Beryl'],https://gbfs.beryl.cc/v2_2/Guildford/gbfs.json,,,,,,
beryl-hereford,Beryl - Hereford,"{'latitude': 52.0549, 'longitude': -2.7156, 'city': 'Hereford', 'country': 'GB'}",/v2/networks/beryl-hereford,['Beryl'],https://gbfs.beryl.cc/v2_2/Hereford/gbfs.json,,,,,,
beryl-hertsmere,Beryl - Hertsmere,"{'latitude': 51.6577, 'longitude': -0.2695, 'city': 'Hertsmere', 'country': 'GB'}",/v2/networks/beryl-hertsmere,['Beryl'],https://gbfs.beryl.cc/v2_2/Hertsmere/gbfs.json,,,,,,
beryl-leeds,Beryl - Leeds,"{'latitude': 53.7971, 'longitude': -1.5438, 'city': 'Leeds', 'country': 'GB'}",/v2/networks/beryl-leeds,['Beryl'],https://gbfs.beryl.cc/v2_2/Leeds/gbfs.json,,,,,,
beryl-norwich,Beryl - Norwich,"{'latitude': 52.6288, 'longitude': 1.2934, 'city': 'Norwich', 'country': 'GB'}",/v2/networks/beryl-norwich,['Beryl'],https://gbfs.beryl.cc/v2_2/Norwich/gbfs.json,,,,,,
beryl-plymouth,Beryl - Plymouth,"{'latitude': 50.3714, 'longitude': -4.1421, 'city': 'Plymouth', 'country': 'GB'}",/v2/networks/beryl-plymouth,['Beryl'],https://gbfs.beryl.cc/v2_2/Plymouth/gbfs.json,,,,,,
beryl-stevenage,Beryl - Stevenage,"{'latitude': 51.9059, 'longitude': -0.1905, 'city': 'Stevenage', 'country': 'GB'}",/v2/networks/beryl-stevenage,['Beryl'],https://gbfs.beryl.cc/v2_2/Stevenage/gbfs.json,,,,,,
beryl-watford,Beryl - Watford,"{'latitude': 51.6556, 'longitude': -0.3953, 'city': 'Watford', 'country': 'GB'}",/v2/networks/beryl-watford,['Beryl'],https://gbfs.beryl.cc/v2_2/Watford/gbfs.json,,,,,,
beryl-west-midlands,Beryl - West Midlands,"{'latitude': 52.4798, 'longitude': -1.9014, 'city': 'West Midlands', 'country': 'GB'}",/v2/networks/beryl-west-midlands,['Beryl'],https://gbfs.beryl.cc/v2_2/West_Midlands/gbfs.json,,,,,,
beryl-worcester,Beryl - Worcester,"{'latitude': 52.1912, 'longitude': -2.2206, 'city': 'Worcester', 'country': 'GB'}",/v2/networks/beryl-worcester,['Beryl'],https://gbfs.beryl.cc/v2_2/Worcester/gbfs.json,,,,,,
bia,BIA,"{'latitude': 40.8599, 'longitude': -8.6246, 'city': 'Ovar', 'country': 'PT'}",/v2/networks/bia,"['Município de Ovar', 'Share2Go - Mobilidade Partilhada, Sociedade Unipessoal Lda']",,,,True,,,
bianzone-in-bici,Bianzone in Bici,"{'latitude': 46.188197, 'longitude': 10.109354, 'city': 'Bianzone', 'country': 'IT'}",/v2/networks/bianzone-in-bici,['Comunicare S.r.l.'],,Bicincittà,https://www.bicincitta.com/frmLeStazioni.aspx?ID=147,,,,
biba,BiBa,"{'latitude': 38.878, 'longitude': -6.9701, 'city': 'Badajoz', 'country': 'ES'}",/v2/networks/biba,['Instituto Tecnológico de Castilla y León (ITCL)'],,bicicard,,,,,
bibo,BIBO,"{'latitude': 40.4125, 'longitude': -3.8909, 'city': 'Boadilla del Monte', 'country': 'ES'}",/v2/networks/bibo,['Movilidad Urbana Sostenible SLU'],,,,,,,
bici-bolzano,Bici Bolzano,"{'latitude': 46.49, 'longitude': 11.3401, 'city': 'Bolzano', 'country': 'IT'}",/v2/networks/bici-bolzano,['Ecospazio Logiss S.r.l.'],,,,,,,
bici-co,BICI&CO,"{'latitude': 45.8080597, 'longitude': 9.0851765, 'city': 'Como', 'country': 'IT'}",/v2/networks/bici-co,['Comunicare S.r.l.'],,Bicincittà,https://www.bicincitta.com/frmLeStazioni.aspx?ID=157,,,,
bici-ferrol-terra,BiciFerrolTerra,"{'latitude': 43.4896, 'longitude': -8.2193, 'city': 'Ferrol - Narón', 'country': 'ES'}",/v2/networks/bici-ferrol-terra,"['2K SYSTEMS, S.L.', 'Bike Works Naron']",,,,,,,
bici-in-busto,Bici in Busto,"{'latitude': 45.610555, 'longitude': 8.852062, 'city': 'Busto Arsizio', 'country': 'IT'}",/v2/networks/bici-in-busto,['Comunicare S.r.l.'],,Bicincittà,https://www.bicincitta.com/frmLeStazioni.aspx?ID=66,,,,
bici-perugia,Bici Perugia,"{'latitude': 43.1107168, 'longitude': 12.3908279, 'city': 'Perugia', 'country': 'IT'}",/v2/networks/bici-perugia,['Comunicare S.r.l.'],,Bicincittà,https://www.bicincitta.com/frmLeStazioni.aspx?ID=122,,,,
bicialcazar,BiciAlcázar,"{'latitude': 39.3901, 'longitude': -3.2101, 'city': 'Alcázar de San Juan', 'country': 'ES'}",/v2/networks/bicialcazar,['Instituto Tecnológico de Castilla y León (ITCL)'],,bicicard,,,,,
biciarousa,BiciArousa,"{'latitude': 42.5521, 'longitude': -8.8666, 'city': 'A Illa de Arousa', 'country': 'ES'}",/v2/networks/biciarousa,['Instituto Tecnológico de Castilla y León (ITCL)'],,bicicard,,,,,
biciarteixo,biciArteixo,"{'latitude': 43.3053, 'longitude': -8.5069, 'city': 'Arteixo', 'country': 'ES'}",/v2/networks/biciarteixo,"['Servizos Urbanos Municipais de Arteixo, S. A.']",,Nextbike,,,,,
bicibur,BiciBur,"{'latitude': 42.34392, 'longitude': -3.69697, 'city': 'Burgos', 'country': 'ES'}",/v2/networks/bicibur,['Instituto Tecnológico de Castilla y León (ITCL)'],,,,,,,
bicicas,Bicicas,"{'latitude': 39.9856, 'longitude': -0.0389, 'city': 'Castelló de la Plana', 'country': 'ES'}",/v2/networks/bicicas,"['Maquiver S.L.U.', 'Ajuntament de Castelló de la Plana']",,,,,,,
bicicletar,Bicicletar,"{'latitude': -3.7321944, 'longitude': -38.510347, 'city': 'Fortaleza', 'country': 'BR'}",/v2/networks/bicicletar,"['Mobilicidade Tecnologia LTD', 'Grupo Serttel LTDA']",,Samba,,,,,
bicicorunha,Bicicoruña,"{'latitude': 43.3623, 'longitude': -8.4115, 'city': 'A Coruña', 'country': 'ES'}",/v2/networks/bicicorunha,['PBSC Urban Solutions'],https://acoruna.publicbikesystem.net/customer/gbfs/v2/gbfs.json,,,,,,
bicicuenca,Bici Pública Cuenca,"{'latitude': -2.897, 'longitude': -79.0038, 'city': 'Cuenca', 'country': 'EC'}",/v2/networks/bicicuenca,"['Mobilicidade Tecnologia LTD', 'Grupo Serttel LTDA']",,Samba,,,,,
bicielx,Bicielx,"{'latitude': 38.2665, 'longitude': -0.7, 'city': 'Elx', 'country': 'ES'}",/v2/networks/bicielx,"['Promociones e Iniciativas Municipales de Elche, S.A.']",,,,,,,
bicikelj,Bicikelj,"{'latitude': 46.05645089999999, 'longitude': 14.5080702, 'city': 'Ljubljana', 'country': 'SI'}",/v2/networks/bicikelj,['JCDecaux'],,Cyclocity,https://developer.jcdecaux.com,,"{'name': 'Open Licence', 'url': 'https://developer.jcdecaux.com/#/opendata/licence'}",,
bicilog,BiciLog,"{'latitude': 42.4658, 'longitude': -2.4402, 'city': 'Logroño', 'country': 'ES'}",/v2/networks/bicilog,['Nextbike GmbH'],,Nextbike,,,,,
bicimad,BiciMAD,"{'latitude': 40.4168, 'longitude': -3.7038, 'city': 'Madrid', 'country': 'ES'}",/v2/networks/bicimad,"['Empresa Municipal de Transportes de Madrid, S.A.']",,bicimad,https://mobilitylabs.emtmadrid.es/,,,,
bicimia,bicimia,"{'latitude': 45.5378, 'longitude': 10.2173, 'city': 'Brescia', 'country': 'IT'}",/v2/networks/bicimia,['Comunicare S.r.l.'],,Bicincittà,https://bicimia.bresciamobilita.it/frmLeStazioni.aspx?ID=40,,,,
bicimislata,BiciMislata,"{'latitude': 39.4763, 'longitude': -0.4182, 'city': 'Mislata', 'country': 'ES'}",/v2/networks/bicimislata,"['Movilidad Urbana Sostenible, S.L']",,Nextbike,,,,,
bicincitta-acquarica-del-capo,Bicincittà,"{'latitude': 39.9144573, 'longitude': 18.2450324, 'city': 'Acquarica del Capo', 'country': 'IT'}",/v2/networks/bicincitta-acquarica-del-capo,['Comunicare S.r.l.'],,Bicincittà,https://www.bicincitta.com/frmLeStazioni.aspx?ID=146,,,,
bicincitta-acquaviva-delle-fonti,Bicincittà,"{'latitude': 40.9303721, 'longitude': 16.8414374, 'city': 'Acquaviva delle fonti', 'country': 'IT'}",/v2/networks/bicincitta-acquaviva-delle-fonti,['Comunicare S.r.l.'],,Bicincittà,https://www.bicincitta.com/frmLeStazioni.aspx?ID=160,,,,
bicincitta-alghero,Bicincittà,"{'latitude': 40.5579517, 'longitude': 8.319294900000001, 'city': 'Alghero', 'country': 'IT'}",/v2/networks/bicincitta-alghero,['Comunicare S.r.l.'],,Bicincittà,https://www.bicincitta.com/frmLeStazioni.aspx?ID=237,,,,
bicincitta-assemini,Bicincittà,"{'latitude': 39.28956306007679, 'longitude': 9.006601555294765, 'city': 'Assemini', 'country': 'IT'}",/v2/networks/bicincitta-assemini,['Comunicare S.r.l.'],,Bicincittà,https://www.bicincitta.com/frmLeStazioni.aspx?ID=205,,,,
bicincitta-borgarello,Bicincittà,"{'latitude': 45.23963753440171, 'longitude': 9.136150475640875, 'city': 'Borgarello', 'country': 'IT'}",/v2/networks/bicincitta-borgarello,['Comunicare S.r.l.'],,Bicincittà,https://www.bicincitta.com/frmLeStazioni.aspx?ID=208,,,,
bicincitta-brancaleone,Bicincittà,"{'latitude': 37.9679084, 'longitude': 16.0757749, 'city': 'Brancaleone', 'country': 'IT'}",/v2/networks/bicincitta-brancaleone,['Comunicare S.r.l.'],,Bicincittà,https://www.bicincitta.com/frmLeStazioni.aspx?ID=104,,,,
bicincitta-carrara,Bicincittà,"{'latitude': 44.07731805550891, 'longitude': 10.097172450401331, 'city': 'Carrara', 'country': 'IT'}",/v2/networks/bicincitta-carrara,['Comunicare S.r.l.'],,Bicincittà,https://www.bicincitta.com/frmLeStazioni.aspx?ID=211,,,,
bicincitta-casaletto-spartano,Bicincittà,"{'latitude': 40.1532801, 'longitude': 15.6211479, 'city': 'Casaletto Spartano', 'country': 'IT'}",/v2/networks/bicincitta-casaletto-spartano,['Comunicare S.r.l.'],,Bicincittà,https://www.bicincitta.com/frmLeStazioni.aspx?ID=199,,,,
bicincitta-castel-guelfo-the-style-outlets,Bicincittà,"{'latitude': 44.4328527, 'longitude': 11.6750857, 'city': 'Castel Guelfo di Bologna', 'country': 'IT'}",/v2/networks/bicincitta-castel-guelfo-the-style-outlets,['Comunicare S.r.l.'],,Bicincittà,https://www.bicincitta.com/frmLeStazioni.aspx?ID=233,,,,
bicincitta-cesena,Mi Muovo in bici,"{'latitude': 44.1396438, 'longitude': 12.2464292, 'city': 'Cesena', 'country': 'IT'}",/v2/networks/bicincitta-cesena,['Comunicare S.r.l.'],,Bicincittà,http://www.mimuovoinbici.it/frmLeStazioni.aspx?ID=120,,,,
bicincitta-cisterna-di-latina,Bicincittà,"{'latitude': 41.5754029, 'longitude': 12.8284772, 'city': 'Cisterna di Latina', 'country': 'IT'}",/v2/networks/bicincitta-cisterna-di-latina,['Comunicare S.r.l.'],,Bicincittà,https://www.bicincitta.com/frmLeStazioni.aspx?ID=217,,,,
bicincitta-costa-blu,Costa Blu,"{'latitude': 42.5009, 'longitude': 14.1282, 'city': 'Montesilvano', 'country': 'IT'}",/v2/networks/bicincitta-costa-blu,['Comunicare S.r.l.'],,Bicincittà,https://www.bicincitta.com/frmLeStazioni.aspx?ID=268,,,,
bicincitta-elmas,Bicincittà,"{'latitude': 39.2634329, 'longitude': 9.0515805, 'city': 'Elmas', 'country': 'IT'}",/v2/networks/bicincitta-elmas,['Comunicare S.r.l.'],,Bicincittà,https://www.bicincitta.com/frmLeStazioni.aspx?ID=218,,,,
bicincitta-ente-parco-del-circeo,Bicincittà,"{'latitude': 41.3151015, 'longitude': 13.0330782, 'city': 'Parco Nazionale del Circeo', 'country': 'IT'}",/v2/networks/bicincitta-ente-parco-del-circeo,['Comunicare S.r.l.'],,Bicincittà,https://www.bicincitta.com/frmLeStazioni.aspx?ID=135,,,,
bicincitta-ente-parco-di-montemarcello-magra,Bicincittà,"{'latitude': 44.1143897, 'longitude': 9.9635986, 'city': 'Ente Parco Montemarcello Magra', 'country': 'IT'}",/v2/networks/bicincitta-ente-parco-di-montemarcello-magra,['Comunicare S.r.l.'],,Bicincittà,https://www.bicincitta.com/frmLeStazioni.aspx?ID=132,,,,
bicincitta-ente-parco-san-rossore,Bicincittà,"{'latitude': 43.723826, 'longitude': 10.339509, 'city': 'Parco naturale Migliarino San Rossore Massaciuccoli', 'country': 'IT'}",/v2/networks/bicincitta-ente-parco-san-rossore,['Comunicare S.r.l.'],,Bicincittà,https://www.bicincitta.com/frmLeStazioni.aspx?ID=145,,,,
bicincitta-forli,Mi Muovo in Bici,"{'latitude': 44.2227398, 'longitude': 12.0407312, 'city': 'Forlì', 'country': 'IT'}",/v2/networks/bicincitta-forli,['Comunicare S.r.l.'],,Bicincittà,http://www.mimuovoinbici.it/frmLeStazioni.aspx?ID=119,,,,
bicincitta-gaeta,Bicincittà,"{'latitude': 41.209620965538036, 'longitude': 13.584335125656139, 'city': 'Gaeta', 'country': 'IT'}",/v2/networks/bicincitta-gaeta,['Comunicare S.r.l.'],,Bicincittà,https://www.bicincitta.com/frmLeStazioni.aspx?ID=207,,,,
bicincitta-gallipoli,Bicincittà,"{'latitude': 40.0558554, 'longitude': 17.9925085, 'city': 'Gallipoli', 'country': 'IT'}",/v2/networks/bicincitta-gallipoli,['Comunicare S.r.l.'],,Bicincittà,https://www.bicincitta.com/frmLeStazioni.aspx?ID=109,,,,
bicincitta-imola,Mi Muovo in bici,"{'latitude': 44.3559128, 'longitude': 11.7161197, 'city': 'Imola', 'country': 'IT'}",/v2/networks/bicincitta-imola,['Comunicare S.r.l.'],,Bicincittà,http://www.mimuovoinbici.it/frmLeStazioni.aspx?ID=196,,,,
bicincitta-lavis,Bicincittà,"{'latitude': 46.1408423, 'longitude': 11.1124935, 'city': 'Lavis', 'country': 'IT'}",/v2/networks/bicincitta-lavis,['Comunicare S.r.l.'],,Bicincittà,https://www.bicincitta.com/frmLeStazioni.aspx?ID=238,,,,
bicincitta-livorno,Bicincittà,"{'latitude': 43.548473, 'longitude': 10.3105674, 'city': 'Livorno', 'country': 'IT'}",/v2/networks/bicincitta-livorno,['Comunicare S.r.l.'],,Bicincittà,https://www.bicincitta.com/frmLeStazioni.aspx?ID=226,,,,
bicincitta-mantova,Bicincittà,"{'latitude': 45.15866370764634, 'longitude': 10.783718973016335, 'city': 'Mantova', 'country': 'IT'}",/v2/networks/bicincitta-mantova,['Comunicare S.r.l.'],,Bicincittà,https://www.bicincitta.com/frmLeStazioni.aspx?ID=204,,,,
bicincitta-massa,Bici in Massa,"{'latitude': 44.0146, 'longitude': 10.1017, 'city': 'Massa', 'country': 'IT'}",/v2/networks/bicincitta-massa,['Comunicare S.r.l.'],,Bicincittà,https://www.bicincitta.com/frmLeStazioni.aspx?ID=275,,,,
bicincitta-mezzocorona,Bicincittà,"{'latitude': 46.2339047, 'longitude': 11.1277461, 'city': 'Mezzocorona', 'country': 'IT'}",/v2/networks/bicincitta-mezzocorona,['Comunicare S.r.l.'],,Bicincittà,https://www.bicincitta.com/frmLeStazioni.aspx?ID=229,,,,
bicincitta-mezzolombardo,Bicincittà,"{'latitude': 46.21400260000001, 'longitude': 11.0967867, 'city': 'Mezzolombardo', 'country': 'IT'}",/v2/networks/bicincitta-mezzolombardo,['Comunicare S.r.l.'],,Bicincittà,https://www.bicincitta.com/frmLeStazioni.aspx?ID=228,,,,
bicincitta-modena,Mi Muovo in bici,"{'latitude': 44.647128, 'longitude': 10.9252269, 'city': 'Modena', 'country': 'IT'}",/v2/networks/bicincitta-modena,['Comunicare S.r.l.'],,Bicincittà,http://www.mimuovoinbici.it/frmLeStazioni.aspx?ID=180,,,,
bicincitta-monserrato,Bicincittà,"{'latitude': 39.2560191, 'longitude': 9.1453579, 'city': 'Monserrato', 'country': 'IT'}",/v2/networks/bicincitta-monserrato,['Comunicare S.r.l.'],,Bicincittà,https://www.bicincitta.com/frmLeStazioni.aspx?ID=220,,,,
bicincitta-montecatini-terme,Bicincittà,"{'latitude': 43.88362791665083, 'longitude': 10.764385656591799, 'city': 'Montecatini Terme', 'country': 'IT'}",/v2/networks/bicincitta-montecatini-terme,['Comunicare S.r.l.'],,Bicincittà,https://www.bicincitta.com/frmLeStazioni.aspx?ID=210,,,,
bicincitta-monteriggioni,Sipedala,"{'latitude': 43.3896, 'longitude': 11.2236, 'city': 'Monteriggioni', 'country': 'IT'}",/v2/networks/bicincitta-monteriggioni,['Comunicare S.r.l.'],,Bicincittà,https://www.bicincitta.com/frmLeStazioni.aspx?ID=274,,,,
bicincitta-monza,Bicincittà,"{'latitude': 45.5845001, 'longitude': 9.2744485, 'city': 'Monza', 'country': 'IT'}",/v2/networks/bicincitta-monza,['Comunicare S.r.l.'],,Bicincittà,https://www.bicincitta.com/frmLeStazioni.aspx?ID=224,,,,
bicincitta-morigerati,Bicincittà,"{'latitude': 40.1422031, 'longitude': 15.5298525, 'city': 'Morigerati', 'country': 'IT'}",/v2/networks/bicincitta-morigerati,['Comunicare S.r.l.'],,Bicincittà,https://www.bicincitta.com/frmLeStazioni.aspx?ID=200,,,,
bicincitta-parco-dei-colli-di-bergamo,Bicincittà,"{'latitude': 45.72295637032245, 'longitude': 9.649230073016383, 'city': 'Parco dei Colli di Bergamo', 'country': 'IT'}",/v2/networks/bicincitta-parco-dei-colli-di-bergamo,['Comunicare S.r.l.'],,Bicincittà,https://www.bicincitta.com/frmLeStazioni.aspx?ID=203,,,,
bicincitta-parco-molentargius-saline,Bicincittà,"{'latitude': 39.2052545, 'longitude': 9.146761099999999, 'city': 'Parco Naturale Molentargius - Saline', 'country': 'IT'}",/v2/networks/bicincitta-parco-molentargius-saline,['Comunicare S.r.l.'],,Bicincittà,https://www.bicincitta.com/frmLeStazioni.aspx?ID=151,,,,
bicincitta-pista,PisTA!,"{'latitude': 40.4351, 'longitude': 17.2096, 'city': 'Taranto', 'country': 'IT'}",/v2/networks/bicincitta-pista,['Comunicare S.r.l.'],,Bicincittà,https://www.bicincitta.com/frmLeStazioni.aspx?ID=270,,,,
bicincitta-pizzighettone-formigara,Bicincittà,"{'latitude': 45.186748819167434, 'longitude': 9.778087948479424, 'city': 'Pizzighettone e Formigara', 'country': 'IT'}",/v2/networks/bicincitta-pizzighettone-formigara,['Comunicare S.r.l.'],,Bicincittà,https://www.bicincitta.com/frmLeStazioni.aspx?ID=209,,,,
bicincitta-porto-torres,Bicincittà,"{'latitude': 40.8333682, 'longitude': 8.402292899999999, 'city': 'Porto Torres', 'country': 'IT'}",/v2/networks/bicincitta-porto-torres,['Comunicare S.r.l.'],,Bicincittà,https://www.bicincitta.com/frmLeStazioni.aspx?ID=221,,,,
bicincitta-rivarolo-canavese,Bicincittà,"{'latitude': 45.306633, 'longitude': 7.723242, 'city': 'Rivarolo Canavese', 'country': 'IT'}",/v2/networks/bicincitta-rivarolo-canavese,['Comunicare S.r.l.'],,Bicincittà,https://www.bicincitta.com/frmLeStazioni.aspx?ID=227,,,,
bicincitta-san-donato-milanese,Bicincittà,"{'latitude': 45.4092402, 'longitude': 9.2684867, 'city': 'San Donato Milanese', 'country': 'IT'}",/v2/networks/bicincitta-san-donato-milanese,['Comunicare S.r.l.'],,Bicincittà,https://www.bicincitta.com/frmLeStazioni.aspx?ID=234,,,,
bicincitta-san-giovanni-in-persiceto,Mi Muovo in Bici,"{'latitude': 44.6405433, 'longitude': 11.1893053, 'city': 'San Giovanni in Persiceto', 'country': 'IT'}",/v2/networks/bicincitta-san-giovanni-in-persiceto,['Comunicare S.r.l.'],,Bicincittà,http://www.mimuovoinbici.it/frmLeStazioni.aspx?ID=101,,,,
bicincitta-san-lazzaro-di-savena,Mi Muovo in Bici,"{'latitude': 44.4702725, 'longitude': 11.409399, 'city': 'San Lazzaro di Savena', 'country': 'IT'}",/v2/networks/bicincitta-san-lazzaro-di-savena,['Comunicare S.r.l.'],,Bicincittà,http://www.mimuovoinbici.it/frmLeStazioni.aspx?ID=100,,,,
bicincitta-san-michele-alladige,Bicincittà,"{'latitude': 46.1878653, 'longitude': 11.1330423, 'city': ""San Michele All'adige"", 'country': 'IT'}",/v2/networks/bicincitta-san-michele-alladige,['Comunicare S.r.l.'],,Bicincittà,https://www.bicincitta.com/frmLeStazioni.aspx?ID=231,,,,
bicincitta-san-teodoro,Bicincittà,"{'latitude': 40.7722837, 'longitude': 9.6695458, 'city': 'San Teodoro', 'country': 'IT'}",/v2/networks/bicincitta-san-teodoro,['Comunicare S.r.l.'],,Bicincittà,https://www.bicincitta.com/frmLeStazioni.aspx?ID=225,,,,
bicincitta-scafati,Bicincittà,"{'latitude': 40.7620174, 'longitude': 14.5363969, 'city': 'Scafati', 'country': 'IT'}",/v2/networks/bicincitta-scafati,['Comunicare S.r.l.'],,Bicincittà,https://www.bicincitta.com/frmLeStazioni.aspx?ID=106,,,,
bicincitta-scandiano,Mi Muovo in Bici,"{'latitude': 44.5982342, 'longitude': 10.6909273, 'city': 'Scandiano', 'country': 'IT'}",/v2/networks/bicincitta-scandiano,['Comunicare S.r.l.'],,Bicincittà,http://www.mimuovoinbici.it/frmLeStazioni.aspx?ID=94,,,,
bicincitta-selargius,Bicincittà,"{'latitude': 39.2596768, 'longitude': 9.1629372, 'city': 'Selargius', 'country': 'IT'}",/v2/networks/bicincitta-selargius,['Comunicare S.r.l.'],,Bicincittà,https://www.bicincitta.com/frmLeStazioni.aspx?ID=219,,,,
bicincitta-siena,Bicincittà,"{'latitude': 43.3186, 'longitude': 11.3306, 'city': 'Siena', 'country': 'IT'}",/v2/networks/bicincitta-siena,['Comunicare S.r.l.'],,Bicincittà,https://www.bicincitta.com/frmLeStazioni.aspx?ID=202,,,,
bicincitta-tivat,Bicincittà,"{'latitude': 42.4349809, 'longitude': 18.7066398, 'city': 'TV', 'country': 'ME'}",/v2/networks/bicincitta-tivat,['Comunicare S.r.l.'],,Bicincittà,https://www.bicincitta.com/frmLeStazioni.aspx?ID=87,,,,
bicincitta-tortoli,Bicincittà,"{'latitude': 39.92664489852196, 'longitude': 9.654953570777934, 'city': 'Tortolì', 'country': 'IT'}",/v2/networks/bicincitta-tortoli,['Comunicare S.r.l.'],,Bicincittà,https://www.bicincitta.com/frmLeStazioni.aspx?ID=206,,,,
bicincitta-treviglio,Bicincittà,"{'latitude': 45.5293372, 'longitude': 9.591435899999999, 'city': 'Treviglio', 'country': 'IT'}",/v2/networks/bicincitta-treviglio,['Comunicare S.r.l.'],,Bicincittà,https://www.bicincitta.com/frmLeStazioni.aspx?ID=174,,,,
bicincitta-trieste,BiTS,"{'latitude': 45.6495, 'longitude': 13.7768, 'city': 'Trieste', 'country': 'IT'}",/v2/networks/bicincitta-trieste,['Comunicare S.r.l.'],,Bicincittà,https://www.bicincitta.com/frmLeStazioni.aspx?ID=266,,,,
bicincitta-vicolungo-the-style-outlets,Bicincittà,"{'latitude': 45.47167229999999, 'longitude': 8.4633922, 'city': 'Vicolungo', 'country': 'IT'}",/v2/networks/bicincitta-vicolungo-the-style-outlets,['Comunicare S.r.l.'],,Bicincittà,https://www.bicincitta.com/frmLeStazioni.aspx?ID=232,,,,
bicing,Bicing,"{'latitude': 41.3850639, 'longitude': 2.1734035, 'city': 'Barcelona', 'country': 'ES'}",/v2/networks/bicing,"['Barcelona de Serveis Municipals, S.A. (BSM)', 'CESPA', 'PBSC']",,,,True,,,
bicinquartucciu,BicinQuartucciu,"{'latitude': 39.25043149806156, 'longitude': 9.179296426489255, 'city': 'Quartucciu', 'country': 'IT'}",/v2/networks/bicinquartucciu,['Comunicare S.r.l.'],,Bicincittà,https://www.bicincitta.com/frmLeStazioni.aspx?ID=193,,,,
bicinrivas,BiciNRivas,"{'latitude': 40.35353, 'longitude': -3.53095, 'city': 'Rivas-Vaciamadrid', 'country': 'ES'}",/v2/networks/bicinrivas,['Instituto Tecnológico de Castilla y León (ITCL)'],,bicicard,,,,,
bicipalma,Bicipalma,"{'latitude': 39.57119, 'longitude': 2.646634, 'city': 'Palma', 'country': 'ES'}",/v2/networks/bicipalma,['Nextbike GmbH'],,Nextbike,,,,,
bicisanvi,Bicisanvi,"{'latitude': 38.39611, 'longitude': -0.5236, 'city': 'Sant Vicent del Raspeig', 'country': 'ES'}",/v2/networks/bicisanvi,['Movilidad Urbana Sostenible SLU'],,,,,,,
bicischio,BiciSchio,"{'latitude': 45.7170517, 'longitude': 11.3597702, 'city': 'Schio', 'country': 'IT'}",/v2/networks/bicischio,['Comunicare S.r.l.'],,Bicincittà,https://www.bicincitta.com/frmLeStazioni.aspx?ID=91,,,,
biclis,biclis,"{'latitude': 39.7495, 'longitude': -8.8074, 'city': 'Leiria', 'country': 'PT'}",/v2/networks/biclis,"['Município de Leiria', 'Share2Go - Mobilidade Partilhada, Sociedade Unipessoal Lda']",,,,True,,,
bicloo,Bicloo,"{'latitude': 47.218371, 'longitude': -1.553621, 'city': 'Nantes', 'country': 'FR'}",/v2/networks/bicloo,['JCDecaux'],,Cyclocity,https://developer.jcdecaux.com,,"{'name': 'Open Licence', 'url': 'https://developer.jcdecaux.com/#/opendata/licence'}",,
bicyklezadobreskutky,Bicykle za dobré skutky,"{'latitude': 48.996275, 'longitude': 21.234341, 'city': 'Prešov', 'country': 'SK'}",/v2/networks/bicyklezadobreskutky,['Open Source Bike Share'],,OpenSourceBikeShare,,,,,
biella,Biella,"{'latitude': 45.5775, 'longitude': 8.051111, 'city': 'Biella', 'country': 'IT'}",/v2/networks/biella,['Comunicare S.r.l.'],,Bicincittà,https://www.bicincitta.com/frmLeStazioni.aspx?ID=112,,,,
bigi,BiGi,"{'latitude': 45.695, 'longitude': 9.67, 'city': 'Bergamo', 'country': 'IT'}",/v2/networks/bigi,['Comunicare S.r.l.'],,Bicincittà,https://www.bicincitta.com/frmLeStazioni.aspx?ID=133,,,,
bike-chattanooga,Bike Chattanooga,"{'latitude': 35.0456297, 'longitude': -85.3096801, 'city': 'Chattanooga, TN', 'country': 'US'}",/v2/networks/bike-chattanooga,"['Motivate International, Inc', 'PBSC']",https://chat.publicbikesystem.net/ube/gbfs/v1/,,,True,,,
bike-curitiba,BikeCuritiba,"{'latitude': -25.4299, 'longitude': -49.2722, 'city': 'Curitiba', 'country': 'BR'}",/v2/networks/bike-curitiba,"['M1 Transportes Sustentáveis Ltda.', 'M2 Soluções Em Engenharia Ltda.', 'Tembici']",https://curitiba.publicbikesystem.net/customer/gbfs/v2/gbfs.json,,,,,,
bike-itau-nordelta,Bike Itaú Nordelta,"{'latitude': -34.4146, 'longitude': -58.6493, 'city': 'Nordelta', 'country': 'AR'}",/v2/networks/bike-itau-nordelta,"['Tembici', 'Itaú Argentina', 'Zurich Insurance Group']",https://nordelta.publicbikesystem.net/customer/gbfs/v2/gbfs.json,,,,,,
bikebrasilia,BikeBrasilia,"{'latitude': -15.795115, 'longitude': -47.887424, 'city': 'Brasília', 'country': 'BR'}",/v2/networks/bikebrasilia,['Tembici'],https://brasilia.publicbikesystem.net/customer/ube/gbfs/v1/,,,,,,
bikekia-zilina,BikeKia,"{'latitude': 49.2217, 'longitude': 18.7572, 'city': 'Žilina', 'country': 'SK'}",/v2/networks/bikekia-zilina,['Nextbike GmbH'],,Nextbike,,,,,
bikemi,BikeMi,"{'latitude': 45.4654542, 'longitude': 9.186516, 'city': 'Milano', 'country': 'IT'}",/v2/networks/bikemi,['IGP S.p.A.'],https://gbfs.urbansharing.com/bikemi.com/gbfs.json,,,True,,,
bikenmedio,BikEnmedio,"{'latitude': 42.9995, 'longitude': -4.1393, 'city': 'Campoo de Enmedio', 'country': 'ES'}",/v2/networks/bikenmedio,['Instituto Tecnológico de Castilla y León (ITCL)'],,bicicard,,,,,
bikepoa,BikePOA,"{'latitude': -30.033079, 'longitude': -51.23654, 'city': 'Porto Alegre', 'country': 'BR'}",/v2/networks/bikepoa,"['Tembici', 'PBSC Urban Solutions']",https://poa.publicbikesystem.net/ube/gbfs/v1/,,,,,,
bikerecife,BikeRecife,"{'latitude': -8.047129, 'longitude': -34.873437, 'city': 'Recife', 'country': 'BR'}",/v2/networks/bikerecife,"['Tembici', 'PBSC Urban Solutions']",https://rec.publicbikesystem.net/ube/gbfs/v1/,,,,,,
bikerio,BikeRio,"{'latitude': -22.904315, 'longitude': -43.184776, 'city': 'Rio de Janeiro', 'country': 'BR'}",/v2/networks/bikerio,"['Tembici', 'PBSC Urban Solutions']",https://riodejaneiro.publicbikesystem.net/ube/gbfs/v1/,,,,,,
bikesalvador,BikeSalvador,"{'latitude': -12.973959, 'longitude': -38.508171, 'city': 'Salvador', 'country': 'BR'}",/v2/networks/bikesalvador,"['Tembici', 'PBSC Urban Solutions']",https://salvador.publicbikesystem.net/ube/gbfs/v1/,,,,,,
bikesampa,BikeSampa,"{'latitude': -23.55, 'longitude': -46.6333, 'city': 'São Paulo', 'country': 'BR'}",/v2/networks/bikesampa,"['Tembici', 'PBSC Urban Solutions']",https://saopaulo.publicbikesystem.net/ube/gbfs/v1/,,,,,,
bikesantiago,BikeSantiago,"{'latitude': -33.45, 'longitude': -70.67, 'city': 'Santiago', 'country': 'CL'}",/v2/networks/bikesantiago,"['Tembici', 'PBSC Urban Solutions']",https://santiago.publicbikesystem.net/ube/gbfs/v1/,,,,,,
bikesantos,BikeSantos,"{'latitude': -23.954052, 'longitude': -46.333345, 'city': 'Santos', 'country': 'BR'}",/v2/networks/bikesantos,"['Mobilicidade Tecnologia LTD', 'Grupo Serttel LTDA']",,Samba,,,,,
bikeshare-peninsula-papagayo,Peninsula Papagayo Bike-Share,"{'latitude': 10.6246, 'longitude': -85.6796, 'city': 'Península de Papagayo', 'country': 'CR'}",/v2/networks/bikeshare-peninsula-papagayo,"['Ecodesarrollo Papagayo Limitada', 'Wegoshare, Lda']",,,,True,,,
biketown,BIKETOWN,"{'latitude': 45.52175423291714, 'longitude': -122.68107935786247, 'city': 'Portland, OR', 'country': 'US'}",/v2/networks/biketown,"['Portland Bureau of Transportation (PBOT)', 'Lyft Inc.']",https://gbfs.biketownpdx.com/gbfs/gbfs.json,,,,,,
biketown-whq,Biketown WHQ (Nike campus),"{'latitude': 45.5087, 'longitude': -122.8294, 'city': 'Beaverton, OR', 'country': 'US'}",/v2/networks/biketown-whq,[],https://nike.publicbikesystem.net/customer/gbfs/v2/gbfs.json,,,,,,
bikeu-bra,Bydgoski rower aglomeracyjny,"{'latitude': 53.12193, 'longitude': 18.00038, 'city': 'Bydgoszcz', 'country': 'PL'}",/v2/networks/bikeu-bra,['Bike U Sp. z o.o.'],,Bike U,,,,,
bikeverona,Verona Bike,"{'latitude': 45.438611, 'longitude': 10.992778, 'city': 'Verona', 'country': 'IT'}",/v2/networks/bikeverona,"['IGP S.p.A.', 'Urban Sharing AS']",https://gbfs.urbansharing.com/bikeverona.it/gbfs.json,,,,,,
bikevitoria,Bike Vitória,"{'latitude': -20.3202, 'longitude': -40.3375, 'city': 'Vitória', 'country': 'BR'}",/v2/networks/bikevitoria,"['Mobilicidade Tecnologia LTD', 'Grupo Serttel LTDA']",,Samba,,,,,
biki,BIKI,"{'latitude': 41.6522, 'longitude': -4.7243, 'city': 'Valladolid', 'country': 'ES'}",/v2/networks/biki,['Autobuses Urbanos de Valladolid S.A'],,,,True,,,
bilbon-bizi,BilbonBizi,"{'latitude': 43.2752, 'longitude': -2.93528, 'city': 'Bilbao', 'country': 'ES'}",/v2/networks/bilbon-bizi,['Nextbike GmbH'],,Nextbike,,,,,
bismarck,BisPArks BCycle,"{'latitude': 46.8082, 'longitude': -100.7847, 'city': 'Bismarck, ND', 'country': 'US'}",/v2/networks/bismarck,"['BCycle, LLC']",https://gbfs.bcycle.com/bcycle_bismarck/gbfs.json,BCycle,,,,,
bixi-montreal,Bixi,"{'latitude': 45.508693, 'longitude': -73.553928, 'city': 'Montréal, QC', 'country': 'CA'}",/v2/networks/bixi-montreal,"['Motivate International, Inc.', 'PBSC Urban Solutions', 'BIXI Montréal']",https://gbfs.velobixi.com/gbfs/gbfs.json,,,True,,,
bixi-toronto,Bike Share Toronto,"{'latitude': 43.653226, 'longitude': -79.3831843, 'city': 'Toronto, ON', 'country': 'CA'}",/v2/networks/bixi-toronto,"['Motivate International, Inc.', 'PBSC Urban Solutions']",https://tor.publicbikesystem.net/ube/gbfs/v1/,,,,,,
bizi,Bizi,"{'latitude': 41.6487908, 'longitude': -0.8895811, 'city': 'Zaragoza', 'country': 'ES'}",/v2/networks/bizi,"['UTE Serveo Servicios', 'PBSC Urban Solutions']",https://zaragoza.publicbikesystem.net/customer/gbfs/v2/gbfs.json,,,,,,
bizkaibizi-barakaldo,Bizkaibizi,"{'latitude': 43.2966, 'longitude': -2.987, 'city': 'Barakaldo', 'country': 'ES'}",/v2/networks/bizkaibizi-barakaldo,['UTE Bizkaibizi'],,Bizkaibizi,,,,,
bizkaibizi-berango,Bizkaibizi,"{'latitude': 43.3619, 'longitude': -2.9968, 'city': 'Berango', 'country': 'ES'}",/v2/networks/bizkaibizi-berango,['UTE Bizkaibizi'],,Bizkaibizi,,,,,
bizkaibizi-bilbao,Bizkaibizi,"{'latitude': 43.2617, 'longitude': -2.9491, 'city': 'Bilbao', 'country': 'ES'}",/v2/networks/bizkaibizi-bilbao,['UTE Bizkaibizi'],,Bizkaibizi,,,,,
bizkaibizi-erandio,Bizkaibizi,"{'latitude': 43.3029, 'longitude': -2.9756, 'city': 'Erandio', 'country': 'ES'}",/v2/networks/bizkaibizi-erandio,['UTE Bizkaibizi'],,Bizkaibizi,,,,,
bizkaibizi-getxo,Bizkaibizi,"{'latitude': 43.3476, 'longitude': -3.0088, 'city': 'getxo', 'country': 'ES'}",/v2/networks/bizkaibizi-getxo,['UTE Bizkaibizi'],,Bizkaibizi,,,,,
bizkaibizi-leioa,Bizkaibizi,"{'latitude': 43.3266, 'longitude': -2.9897, 'city': 'Leioa', 'country': 'ES'}",/v2/networks/bizkaibizi-leioa,['UTE Bizkaibizi'],,Bizkaibizi,,,,,
bizkaibizi-portugalete,Bizkaibizi,"{'latitude': 43.318, 'longitude': -3.0214, 'city': 'Portugalete', 'country': 'ES'}",/v2/networks/bizkaibizi-portugalete,['UTE Bizkaibizi'],,Bizkaibizi,,,,,
bizkaibizi-santurtzi,Bizkaibizi,"{'latitude': 43.328, 'longitude': -3.0335, 'city': 'Santurtzi', 'country': 'ES'}",/v2/networks/bizkaibizi-santurtzi,['UTE Bizkaibizi'],,Bizkaibizi,,,,,
bizkaibizi-sestao,Bizkaibizi,"{'latitude': 43.3093, 'longitude': -3.0068, 'city': 'Sestao', 'country': 'ES'}",/v2/networks/bizkaibizi-sestao,['UTE Bizkaibizi'],,Bizkaibizi,,,,,
bl-bike-banja-luka,BL bike,"{'latitude': 44.775, 'longitude': 17.1994, 'city': 'Banja Luka', 'country': 'BA'}",/v2/networks/bl-bike-banja-luka,['Nextbike GmbH'],,Nextbike,,,,,
blue-bikes,Blue Bikes,"{'latitude': 42.3584308, 'longitude': -71.0597732, 'city': 'Boston, MA', 'country': 'US'}",/v2/networks/blue-bikes,"['Motivate International, Inc.', 'PBSC Urban Solutions']",https://gbfs.bluebikes.com/gbfs/gbfs.json,,,True,,,
bora,Bora!,"{'latitude': 40.656392, 'longitude': -7.912545, 'city': 'CIM Viseu Dão-Lafões', 'country': 'PT'}",/v2/networks/bora,"['SOLTRÁFEGO, SA']",,Soltrafego,,,,,
boulder,Boulder BCycle,"{'latitude': 40.00811, 'longitude': -105.26385, 'city': 'Boulder, CO', 'country': 'US'}",/v2/networks/boulder,"['BCycle, LLC']",https://gbfs.bcycle.com/bcycle_boulder/gbfs.json,BCycle,,,,,
brindisi,BrindisiByBike,"{'latitude': 40.637580319936106, 'longitude': 17.940774547082572, 'city': 'Brindisi', 'country': 'IT'}",/v2/networks/brindisi,['Comunicare S.r.l.'],,Bicincittà,https://www.bicincitta.com/frmLeStazioni.aspx?ID=197,,,,
broward,Broward BCycle,"{'latitude': 26.12026, 'longitude': -80.14819, 'city': 'Fort Lauderdale, FL', 'country': 'US'}",/v2/networks/broward,"['BCycle, LLC']",https://gbfs.bcycle.com/bcycle_broward/gbfs.json,BCycle,,,,,
bubi,MOL Bubi,"{'latitude': 47.497912, 'longitude': 19.040235, 'city': 'Budapest', 'country': 'HU'}",/v2/networks/bubi,['Nextbike GmbH'],,Nextbike,,,,,
bublr-bikes,Bublr Bikes,"{'latitude': 43.0369, 'longitude': -87.89667, 'city': 'Milwaukee, WI', 'country': 'US'}",/v2/networks/bublr-bikes,"['BCycle, LLC']",https://gbfs.bcycle.com/bcycle_bublr/gbfs.json,BCycle,,,,,
buga,BUGA,"{'latitude': 40.6388, 'longitude': -8.6479, 'city': 'Aveiro', 'country': 'PT'}",/v2/networks/buga,"['SOLTRÁFEGO, SA']",,Soltrafego,,,,,
burgenland-neusiedler-see,Burgenland,"{'latitude': 47.839, 'longitude': 16.761, 'city': 'Neusiedler See', 'country': 'AT'}",/v2/networks/burgenland-neusiedler-see,['Nextbike GmbH'],,Nextbike,,,,,
bysykkel-lillestrom,Bysykkel,"{'latitude': 59.9559696, 'longitude': 11.0503785, 'city': 'Lillestrøm', 'country': 'NO'}",/v2/networks/bysykkel-lillestrom,['JCDecaux'],,Cyclocity,https://developer.jcdecaux.com,,"{'name': 'Open Licence', 'url': 'https://developer.jcdecaux.com/#/opendata/licence'}",,
c-velo,C.vélo,"{'latitude': 45.7831, 'longitude': 3.0824, 'city': 'Clermont-Ferrand', 'country': 'FR'}",/v2/networks/c-velo,"['CityBike France', 'PBSC Urban Solutions']",https://clermontferrand.publicbikesystem.net/customer/ube/gbfs/v1/,,,,,,
cagliari,Cagliari,"{'latitude': 39.220817, 'longitude': 9.121399, 'city': 'Cagliari', 'country': 'IT'}",/v2/networks/cagliari,['Comunicare S.r.l.'],,Bicincittà,https://www.bicincitta.com/frmLeStazioni.aspx?ID=177,,,,
callabike-berlin,Call-A-Bike,"{'latitude': 52.5179, 'longitude': 13.3895, 'city': 'Berlin', 'country': 'DE'}",/v2/networks/callabike-berlin,['Deutsche Bahn AG'],https://apis.deutschebahn.com/db-api-marketplace/apis/shared-mobility-gbfs/v2/de/CallABike/gbfs,deutschebahn,,,,,
callabike-darmstadt,Call-A-Bike,"{'latitude': 49.8707135, 'longitude': 8.6527299, 'city': 'Darmstadt', 'country': 'DE'}",/v2/networks/callabike-darmstadt,['Deutsche Bahn AG'],https://apis.deutschebahn.com/db-api-marketplace/apis/shared-mobility-gbfs/v2/de/CallABike/gbfs,deutschebahn,,,,,
callabike-frankfurt,Call-A-Bike,"{'latitude': 50.1109, 'longitude': 8.6795, 'city': 'Frankfurt', 'country': 'DE'}",/v2/networks/callabike-frankfurt,['Deutsche Bahn AG'],https://apis.deutschebahn.com/db-api-marketplace/apis/shared-mobility-gbfs/v2/de/CallABike/gbfs,deutschebahn,,,,,
callabike-koln,Call-A-Bike,"{'latitude': 50.939, 'longitude': 6.9595, 'city': 'Köln', 'country': 'DE'}",/v2/networks/callabike-koln,['Deutsche Bahn AG'],https://apis.deutschebahn.com/db-api-marketplace/apis/shared-mobility-gbfs/v2/de/CallABike/gbfs,deutschebahn,,,,,
callabike-munchen,Call-A-Bike,"{'latitude': 48.1375, 'longitude': 11.5759, 'city': 'München', 'country': 'DE'}",/v2/networks/callabike-munchen,['Deutsche Bahn AG'],https://apis.deutschebahn.com/db-api-marketplace/apis/shared-mobility-gbfs/v2/de/CallABike/gbfs,deutschebahn,,,,,
capital-bikeshare,Capital BikeShare,"{'latitude': 38.8967584, 'longitude': -77.03701629999999, 'city': 'Washington, DC', 'country': 'US'}",/v2/networks/capital-bikeshare,"['Motivate International, Inc.', 'PBSC Urban Solutions']",https://gbfs.capitalbikeshare.com/gbfs/gbfs.json,,,True,,,
capmetro-austin,CapMetro Bikeshare,"{'latitude': 30.26408, 'longitude': -97.74355, 'city': 'Austin, TX', 'country': 'US'}",/v2/networks/capmetro-austin,"['CapMetro', 'City of Austin']",https://austin.publicbikesystem.net/customer/gbfs/v2/gbfs.json,,,,,,
carbonia,Carbonia,"{'latitude': 39.167222, 'longitude': 8.522222, 'city': 'Carbonia', 'country': 'IT'}",/v2/networks/carbonia,['Comunicare S.r.l.'],,Bicincittà,https://www.bicincitta.com/frmLeStazioni.aspx?ID=173,,,,
carvelo,carvelo eCargo-Bike Sharing,"{'latitude': 46.9829, 'longitude': 8.2331, 'city': 'Switzerland', 'country': 'CH'}",/v2/networks/carvelo,"['Mobilitätsakademie AG', 'Touring Club Switzerland (TCS)']",https://gbfs.prod.sharedmobility.ch/v2/gbfs/carvelo2go/gbfs,,https://github.com/SFOE/sharedmobility/blob/main/Access%20the%20data.md,,"{'name': 'Open Use', 'url': 'https://opendata.swiss/en/dataset/standorte-und-verfugbarkeit-von-shared-mobility-angeboten'}",,
cascavel,Cascavel Vai de Bici,"{'latitude': -24.9558, 'longitude': -53.4566, 'city': 'Cascavel', 'country': 'BR'}",/v2/networks/cascavel,['Mobhis Automação Urbana'],,Mobhis,,,,,
cassano-d-adda,Cassano d'Adda,"{'latitude': 45.5309616, 'longitude': 9.5155813, 'city': ""Cassano d'Adda"", 'country': 'IT'}",/v2/networks/cassano-d-adda,['Comunicare S.r.l.'],,Bicincittà,https://www.bicincitta.com/frmLeStazioni.aspx?ID=143,,,,
castellucchio,Castellucchio,"{'latitude': 45.15047821582959, 'longitude': 10.651202201843262, 'city': 'Castellucchio', 'country': 'IT'}",/v2/networks/castellucchio,['Comunicare S.r.l.'],,Bicincittà,https://www.bicincitta.com/frmLeStazioni.aspx?ID=161,,,,
chantrerie-captainbike,Chantrerie VLS (Captain Bike),"{'latitude': 47.2868203, 'longitude': -1.5210917, 'city': 'La Chantrerie, Nantes', 'country': 'FR'}",/v2/networks/chantrerie-captainbike,['Ecovelo'],https://api.gbfs.ecovelo.mobi/chantrerie/gbfs.json,Ecovelo,,True,,True,
charlotte,Charlotte Joyrides,"{'latitude': 35.22716, 'longitude': -80.83855, 'city': 'Charlotte, NC', 'country': 'US'}",/v2/networks/charlotte,"['BCycle, LLC']",https://gbfs.bcycle.com/bcycle_charlotte/gbfs.json,BCycle,,,,,
chartered-bike-bhopal,Chartered Bike,"{'latitude': 23.258546, 'longitude': 77.401851, 'city': 'Bhopal', 'country': 'IN'}",/v2/networks/chartered-bike-bhopal,['CHARTERED BIKE PRIVATE LIMITED'],,Chartered Bike,,,,,
chartered-bike-bilaspur,Chartered Bike,"{'latitude': 22.07834, 'longitude': 82.14768, 'city': 'Bilaspur', 'country': 'IN'}",/v2/networks/chartered-bike-bilaspur,['CHARTERED BIKE PRIVATE LIMITED'],,Chartered Bike,,,,,
chartered-bike-moradabad,Chartered Bike,"{'latitude': 28.83263, 'longitude': 78.77346, 'city': 'Moradabad', 'country': 'IN'}",/v2/networks/chartered-bike-moradabad,['CHARTERED BIKE PRIVATE LIMITED'],,Chartered Bike,,,,,
chartered-bike-prayagraj,Chartered Bike,"{'latitude': 25.43802, 'longitude': 81.83383, 'city': 'Prayagraj', 'country': 'IN'}",/v2/networks/chartered-bike-prayagraj,['CHARTERED BIKE PRIVATE LIMITED'],,Chartered Bike,,,,,
chartered-bike-rajarhat-new-town,Chartered Bike,"{'latitude': 22.58797, 'longitude': 88.4731, 'city': 'Rajarhat New Town', 'country': 'IN'}",/v2/networks/chartered-bike-rajarhat-new-town,['CHARTERED BIKE PRIVATE LIMITED'],,Chartered Bike,,,,,
chartered-bike-ranchi,Chartered Bike,"{'latitude': 23.37005, 'longitude': 85.325004, 'city': 'Ranchi', 'country': 'IN'}",/v2/networks/chartered-bike-ranchi,['CHARTERED BIKE PRIVATE LIMITED'],,Chartered Bike,,,,,
chartered-bike-srinagar,Chartered Bike,"{'latitude': 34.07471, 'longitude': 74.82044, 'city': 'Srinagar', 'country': 'IN'}",/v2/networks/chartered-bike-srinagar,['CHARTERED BIKE PRIVATE LIMITED'],,Chartered Bike,,,,,
chartered-bike-surat,Chartered Bike,"{'latitude': 21.18626, 'longitude': 72.80798, 'city': 'Surat', 'country': 'IN'}",/v2/networks/chartered-bike-surat,['CHARTERED BIKE PRIVATE LIMITED'],,Chartered Bike,,,,,
chivasso,Chivasso,"{'latitude': 45.189765, 'longitude': 7.888935, 'city': 'Chivasso', 'country': 'IT'}",/v2/networks/chivasso,['Comunicare S.r.l.'],,Bicincittà,https://www.bicincitta.com/frmLeStazioni.aspx?ID=201,,,,
choletbus,Choletbus 2 roues,"{'latitude': 47.06, 'longitude': -0.8783, 'city': 'Cholet', 'country': 'FR'}",/v2/networks/choletbus,['Ecovelo'],https://api.gbfs.ecovelo.mobi/choletbus/gbfs.json,Ecovelo,,True,,,
ciclopi,Ciclopi,"{'latitude': 43.7228386, 'longitude': 10.4016888, 'city': 'Pisa', 'country': 'IT'}",/v2/networks/ciclopi,['Comunicare S.r.l.'],,Bicincittà,https://www.bicincitta.com/frmLeStazioni.aspx?ID=144,,,,
cincy-red-bike,Cincy Red Bike,"{'latitude': 39.10138, 'longitude': -84.51217, 'city': 'Cincinnati, OH', 'country': 'US'}",/v2/networks/cincy-red-bike,"['BCycle, LLC']",https://gbfs.bcycle.com/bcycle_cincyredbike/gbfs.json,BCycle,,,,,
citi-bike-miami,Citi Bike Miami,"{'latitude': 25.790654, 'longitude': -80.1300455, 'city': 'Miami, FL', 'country': 'US'}",/v2/networks/citi-bike-miami,['DecoBike LLC'],,DecoBike,,,,,
citi-bike-nyc,Citi Bike,"{'latitude': 40.7143528, 'longitude': -74.00597309999999, 'city': 'New York, NY', 'country': 'US'}",/v2/networks/citi-bike-nyc,"['NYC Bike Share, LLC', 'Motivate International, Inc.', 'PBSC Urban Solutions']",https://gbfs.citibikenyc.com/gbfs/gbfs.json,,,True,,,
citybike-lima,CityBike Lima,"{'latitude': -12.1209, 'longitude': -77.0296, 'city': 'Lima', 'country': 'PE'}",/v2/networks/citybike-lima,"['CityBike Miraflores S.A.C.', 'CityBike San Isidro S.A.C', 'Fifteen', 'Moventia']",,,,,,,
citybikelinz,city bike Linz,"{'latitude': 48.3003, 'longitude': 14.2843, 'city': 'Linz', 'country': 'AT'}",/v2/networks/citybikelinz,['Nextbike GmbH'],,Nextbike,,,,,
citybikes-helsinki,City bikes,"{'latitude': 60.16985569999999, 'longitude': 24.938379, 'city': 'Helsinki', 'country': 'FI'}",/v2/networks/citybikes-helsinki,"['Helsinki City Transport', 'Helsinki Regional Transport', 'CityBikeFinland', 'Smoove SAS', 'Moventia', 'Alepa']",,OTP,,,,,
civitavecchia,Civitavecchia,"{'latitude': 42.0937524, 'longitude': 11.7922462, 'city': 'Civitavecchia', 'country': 'IT'}",/v2/networks/civitavecchia,['Comunicare S.r.l.'],,Bicincittà,https://www.bicincitta.com/frmLeStazioni.aspx?ID=127,,,,
clemson,Clemson University Bike Share,"{'latitude': 34.67847, 'longitude': -82.8351, 'city': 'Clemson, SC', 'country': 'US'}",/v2/networks/clemson,"['BCycle, LLC']",https://gbfs.bcycle.com/bcycle_clemson/gbfs.json,BCycle,,,,,
clujbike,Cluj Bike,"{'latitude': 46.775, 'longitude': 23.5975, 'city': 'Cluj-Napoca', 'country': 'RO'}",/v2/networks/clujbike,['Municipiul Cluj-Napoca'],,Clujbike,,,,,
co-bikes-exeter,Co-bikes,"{'latitude': 50.7272, 'longitude': -3.53605, 'city': 'Exeter', 'country': 'GB'}",/v2/networks/co-bikes-exeter,['Nextbike GmbH'],,,,,,,
cogo,CoGo,"{'latitude': 39.983333, 'longitude': -82.983333, 'city': 'Columbus, OH', 'country': 'US'}",/v2/networks/cogo,"['Motivate International, Inc.', 'PBSC Urban Solutions']",https://gbfs.cogobikeshare.com/gbfs/gbfs.json,,,True,,,
cork,TFI Bikes,"{'latitude': 51.893604, 'longitude': -8.494174, 'city': 'Cork', 'country': 'IE'}",/v2/networks/cork,['The National Transport Authority'],,TFI Bikes,,,,,
cuneo,Cuneo,"{'latitude': 44.384238, 'longitude': 7.541428, 'city': 'Cuneo', 'country': 'IT'}",/v2/networks/cuneo,['Comunicare S.r.l.'],,Bicincittà,https://www.bicincitta.com/frmLeStazioni.aspx?ID=39,,,,
cyclam,Cycl’AM,"{'latitude': 49.7719, 'longitude': 4.7161, 'city': 'Ardenne Métropole', 'country': 'FR'}",/v2/networks/cyclam,['Ecovelo'],https://api.gbfs.ecovelo.mobi/cyclam/gbfs.json,Ecovelo,,True,,,
cyclolibre,CYCLOlibre,"{'latitude': 43.2127, 'longitude': 2.3492, 'city': 'Carcassonne', 'country': 'FR'}",/v2/networks/cyclolibre,['Ecovelo'],https://api.gbfs.ecovelo.mobi/cyclolibre/gbfs.json,Ecovelo,,True,,,
cyclopolis-aua,Γεωπονικό Πανεπιστήμιο Αθηνών (Agricultural University of Athens),"{'latitude': 37.9846, 'longitude': 23.7056, 'city': 'Athens', 'country': 'GR'}",/v2/networks/cyclopolis-aua,['Cyclopolis Systems'],,Cyclopolis,,,,,
cyclopolis-chania,Cyclopolis,"{'latitude': 35.5148425, 'longitude': 24.0177549, 'city': 'Chania', 'country': 'GR'}",/v2/networks/cyclopolis-chania,['Cyclopolis Systems'],,Cyclopolis,,,,,
cyclopolis-edessa,Cyclopolis,"{'latitude': 40.8033168, 'longitude': 22.0436732, 'city': 'Edessa', 'country': 'GR'}",/v2/networks/cyclopolis-edessa,['Cyclopolis Systems'],,Cyclopolis,,,,,
cyclopolis-igoumenitsa,Cyclopolis,"{'latitude': 39.5031199, 'longitude': 20.2639271, 'city': 'Igoumenitsa', 'country': 'GR'}",/v2/networks/cyclopolis-igoumenitsa,['Cyclopolis Systems'],,Cyclopolis,,,,,
cyclopolis-loutraki,Cyclopolis,"{'latitude': 37.9782137, 'longitude': 22.9767486, 'city': 'Loutraki', 'country': 'GR'}",/v2/networks/cyclopolis-loutraki,['Cyclopolis Systems'],,Cyclopolis,,,,,
cyclopolis-poros,Cyclopolis,"{'latitude': 37.4995, 'longitude': 23.4546, 'city': 'Poros', 'country': 'GR'}",/v2/networks/cyclopolis-poros,['Cyclopolis Systems'],,Cyclopolis,,,,,
cyclovis,Cyclovis,"{'latitude': 49.3817, 'longitude': 3.3236, 'city': 'Soissons', 'country': 'FR'}",/v2/networks/cyclovis,['Ecovelo'],https://api.gbfs.ecovelo.mobi/cyclovis/gbfs.json,Ecovelo,,True,,,
cykl,Cykl,"{'latitude': 51.974, 'longitude': 5.6671, 'city': 'Wageningen', 'country': 'NL'}",/v2/networks/cykl,['Open Source Bike Share'],,OpenSourceBikeShare,,,,,
dbizi,Dbizi,"{'latitude': 43.3186, 'longitude': -1.9836, 'city': 'Donostia/San Sebastián', 'country': 'ES'}",/v2/networks/dbizi,"['UTE BIZISS', 'Movilidad Urbana Sostenible SLU', 'URBASER, S.A.', 'AENOR INTERNACIONAL S.A.', 'PBSC Urban Solutions']",https://sansebastian.publicbikesystem.net/customer/gbfs/v2/gbfs.json,,,,,,
dcs-bike,DCS Bike,"{'latitude': 49.5346, 'longitude': 8.47004, 'city': 'Mannheim', 'country': 'DE'}",/v2/networks/dcs-bike,['Nextbike GmbH'],,Nextbike,,,,,
denver,Lyft,"{'latitude': 39.72055, 'longitude': -104.95253, 'city': 'Denver, CO', 'country': 'US'}",/v2/networks/denver,['Lyft Inc.'],https://s3.amazonaws.com/lyft-lastmile-production-iad/lbs/den/gbfs.json,,,,,,
desmoines,Des Moines BCycle,"{'latitude': 41.6005448, 'longitude': -93.6091064, 'city': 'Des Moines, IA', 'country': 'US'}",/v2/networks/desmoines,"['BCycle, LLC']",https://gbfs.bcycle.com/bcycle_desmoines/gbfs.json,BCycle,,,,,
divia-velodi,DiviaVélodi,"{'latitude': 47.3215806, 'longitude': 5.0414701, 'city': 'Dijon', 'country': 'FR'}",/v2/networks/divia-velodi,['Cykleo SAS'],,Cykleo,,,,,
divvy,Divvy,"{'latitude': 41.8781136, 'longitude': -87.6297982, 'city': 'Chicago, IL', 'country': 'US'}",/v2/networks/divvy,"['Motivate International, Inc.', 'PBSC Urban Solutions']",https://gbfs.divvybikes.com/gbfs/gbfs.json,,,True,,,
docomo-cycle-aichi,Docomo Bike Share Aichi,"{'latitude': 35.1835, 'longitude': 136.904, 'city': '愛知県 (Aichi)', 'country': 'JP'}",/v2/networks/docomo-cycle-aichi,"['DOCOMO BIKE SHARE, INC.']",https://api-public.odpt.org/api/v4/gbfs/docomo-cycle/gbfs.json,,https://ckan.odpt.org/en/dataset/c_bikeshare_gbfs-d-nationwide-bikeshare,,"{'name': 'Creative Commons Attribution 4.0 International (CC BY 4.0)', 'url': 'https://creativecommons.org/licenses/by/4.0/'}",,
docomo-cycle-fukui,Docomo Bike Share Fukui,"{'latitude': 36.0665, 'longitude': 136.2138, 'city': '福井県 (Fukui)', 'country': 'JP'}",/v2/networks/docomo-cycle-fukui,"['DOCOMO BIKE SHARE, INC.']",https://api-public.odpt.org/api/v4/gbfs/docomo-cycle/gbfs.json,,https://ckan.odpt.org/en/dataset/c_bikeshare_gbfs-d-nationwide-bikeshare,,"{'name': 'Creative Commons Attribution 4.0 International (CC BY 4.0)', 'url': 'https://creativecommons.org/licenses/by/4.0/'}",,
docomo-cycle-gifu,Docomo Bike Share Gifu,"{'latitude': 35.4512, 'longitude': 137.02627, 'city': '岐阜県 (Gifu)', 'country': 'JP'}",/v2/networks/docomo-cycle-gifu,"['DOCOMO BIKE SHARE, INC.']",https://api-public.odpt.org/api/v4/gbfs/docomo-cycle/gbfs.json,,https://ckan.odpt.org/en/dataset/c_bikeshare_gbfs-d-nationwide-bikeshare,,"{'name': 'Creative Commons Attribution 4.0 International (CC BY 4.0)', 'url': 'https://creativecommons.org/licenses/by/4.0/'}",,
docomo-cycle-hiroshima,Docomo Bike Share Hiroshima,"{'latitude': 34.3904, 'longitude': 132.4527, 'city': '広島県 (Hiroshima)', 'country': 'JP'}",/v2/networks/docomo-cycle-hiroshima,"['DOCOMO BIKE SHARE, INC.']",https://api-public.odpt.org/api/v4/gbfs/docomo-cycle/gbfs.json,,https://ckan.odpt.org/en/dataset/c_bikeshare_gbfs-d-nationwide-bikeshare,,"{'name': 'Creative Commons Attribution 4.0 International (CC BY 4.0)', 'url': 'https://creativecommons.org/licenses/by/4.0/'}",,
docomo-cycle-hyogo,Docomo Bike Share Hyōgo,"{'latitude': 34.8147, 'longitude': 134.689, 'city': '兵庫県 (Hyōgo)', 'country': 'JP'}",/v2/networks/docomo-cycle-hyogo,"['DOCOMO BIKE SHARE, INC.']",https://api-public.odpt.org/api/v4/gbfs/docomo-cycle/gbfs.json,,https://ckan.odpt.org/en/dataset/c_bikeshare_gbfs-d-nationwide-bikeshare,,"{'name': 'Creative Commons Attribution 4.0 International (CC BY 4.0)', 'url': 'https://creativecommons.org/licenses/by/4.0/'}",,
docomo-cycle-ibaraki,Docomo Bike Share Ibaraki,"{'latitude': 36.3732, 'longitude': 140.2549, 'city': '茨城県 (Ibaraki)', 'country': 'JP'}",/v2/networks/docomo-cycle-ibaraki,"['DOCOMO BIKE SHARE, INC.']",https://api-public.odpt.org/api/v4/gbfs/docomo-cycle/gbfs.json,,https://ckan.odpt.org/en/dataset/c_bikeshare_gbfs-d-nationwide-bikeshare,,"{'name': 'Creative Commons Attribution 4.0 International (CC BY 4.0)', 'url': 'https://creativecommons.org/licenses/by/4.0/'}",,
docomo-cycle-ishikawa,Docomo Bike Share Ishikawa,"{'latitude': 36.5594, 'longitude': 136.658, 'city': '石川県 (Ishikawa)', 'country': 'JP'}",/v2/networks/docomo-cycle-ishikawa,"['DOCOMO BIKE SHARE, INC.']",https://api-public.odpt.org/api/v4/gbfs/docomo-cycle/gbfs.json,,https://ckan.odpt.org/en/dataset/c_bikeshare_gbfs-d-nationwide-bikeshare,,"{'name': 'Creative Commons Attribution 4.0 International (CC BY 4.0)', 'url': 'https://creativecommons.org/licenses/by/4.0/'}",,
docomo-cycle-kagoshima,Docomo Bike Share Kagoshima,"{'latitude': 31.588, 'longitude': 130.5547, 'city': '鹿児島県 (Kagoshima)', 'country': 'JP'}",/v2/networks/docomo-cycle-kagoshima,"['DOCOMO BIKE SHARE, INC.']",https://api-public.odpt.org/api/v4/gbfs/docomo-cycle/gbfs.json,,https://ckan.odpt.org/en/dataset/c_bikeshare_gbfs-d-nationwide-bikeshare,,"{'name': 'Creative Commons Attribution 4.0 International (CC BY 4.0)', 'url': 'https://creativecommons.org/licenses/by/4.0/'}",,
docomo-cycle-kanagawa,Docomo Bike Share Kanagawa,"{'latitude': 35.4504, 'longitude': 139.625, 'city': '神奈川県 (Kanagawa)', 'country': 'JP'}",/v2/networks/docomo-cycle-kanagawa,"['DOCOMO BIKE SHARE, INC.']",https://api-public.odpt.org/api/v4/gbfs/docomo-cycle/gbfs.json,,https://ckan.odpt.org/en/dataset/c_bikeshare_gbfs-d-nationwide-bikeshare,,"{'name': 'Creative Commons Attribution 4.0 International (CC BY 4.0)', 'url': 'https://creativecommons.org/licenses/by/4.0/'}",,
docomo-cycle-kyoto,Docomo Bike Share Kyoto,"{'latitude': 35.0001, 'longitude': 135.7587, 'city': '京都府 (Kyoto)', 'country': 'JP'}",/v2/networks/docomo-cycle-kyoto,"['DOCOMO BIKE SHARE, INC.']",https://api-public.odpt.org/api/v4/gbfs/docomo-cycle/gbfs.json,,https://ckan.odpt.org/en/dataset/c_bikeshare_gbfs-d-nationwide-bikeshare,,"{'name': 'Creative Commons Attribution 4.0 International (CC BY 4.0)', 'url': 'https://creativecommons.org/licenses/by/4.0/'}",,
docomo-cycle-miyagi,Docomo Bike Share Miyagi,"{'latitude': 38.2607, 'longitude': 140.8814, 'city': '茨城県 (Miyagi)', 'country': 'JP'}",/v2/networks/docomo-cycle-miyagi,"['DOCOMO BIKE SHARE, INC.']",https://api-public.odpt.org/api/v4/gbfs/docomo-cycle/gbfs.json,,https://ckan.odpt.org/en/dataset/c_bikeshare_gbfs-d-nationwide-bikeshare,,"{'name': 'Creative Commons Attribution 4.0 International (CC BY 4.0)', 'url': 'https://creativecommons.org/licenses/by/4.0/'}",,
docomo-cycle-nara,Docomo Bike Share Nara,"{'latitude': 34.6839, 'longitude': 135.8087, 'city': '奈良県 (Nara)', 'country': 'JP'}",/v2/networks/docomo-cycle-nara,"['DOCOMO BIKE SHARE, INC.']",https://api-public.odpt.org/api/v4/gbfs/docomo-cycle/gbfs.json,,https://ckan.odpt.org/en/dataset/c_bikeshare_gbfs-d-nationwide-bikeshare,,"{'name': 'Creative Commons Attribution 4.0 International (CC BY 4.0)', 'url': 'https://creativecommons.org/licenses/by/4.0/'}",,
docomo-cycle-niigata,Docomo Bike Share Niigata,"{'latitude': 37.9186, 'longitude': 139.0488, 'city': '新潟県 (Niigata)', 'country': 'JP'}",/v2/networks/docomo-cycle-niigata,"['DOCOMO BIKE SHARE, INC.']",https://api-public.odpt.org/api/v4/gbfs/docomo-cycle/gbfs.json,,https://ckan.odpt.org/en/dataset/c_bikeshare_gbfs-d-nationwide-bikeshare,,"{'name': 'Creative Commons Attribution 4.0 International (CC BY 4.0)', 'url': 'https://creativecommons.org/licenses/by/4.0/'}",,
docomo-cycle-oita,Docomo Bike Share Ōita,"{'latitude': 33.2393, 'longitude': 131.6124, 'city': '大分県 (Ōita)', 'country': 'JP'}",/v2/networks/docomo-cycle-oita,"['DOCOMO BIKE SHARE, INC.']",https://api-public.odpt.org/api/v4/gbfs/docomo-cycle/gbfs.json,,https://ckan.odpt.org/en/dataset/c_bikeshare_gbfs-d-nationwide-bikeshare,,"{'name': 'Creative Commons Attribution 4.0 International (CC BY 4.0)', 'url': 'https://creativecommons.org/licenses/by/4.0/'}",,
docomo-cycle-okayama,Docomo Bike Share Okayama,"{'latitude': 34.603, 'longitude': 133.765, 'city': '岡山県 (Okayama)', 'country': 'JP'}",/v2/networks/docomo-cycle-okayama,"['DOCOMO BIKE SHARE, INC.']",https://api-public.odpt.org/api/v4/gbfs/docomo-cycle/gbfs.json,,https://ckan.odpt.org/en/dataset/c_bikeshare_gbfs-d-nationwide-bikeshare,,"{'name': 'Creative Commons Attribution 4.0 International (CC BY 4.0)', 'url': 'https://creativecommons.org/licenses/by/4.0/'}",,
docomo-cycle-okinawa,Docomo Bike Share Okinawa,"{'latitude': 26.2097, 'longitude': 127.6841, 'city': '沖縄県 (Okinawa)', 'country': 'JP'}",/v2/networks/docomo-cycle-okinawa,"['DOCOMO BIKE SHARE, INC.']",https://api-public.odpt.org/api/v4/gbfs/docomo-cycle/gbfs.json,,https://ckan.odpt.org/en/dataset/c_bikeshare_gbfs-d-nationwide-bikeshare,,"{'name': 'Creative Commons Attribution 4.0 International (CC BY 4.0)', 'url': 'https://creativecommons.org/licenses/by/4.0/'}",,
docomo-cycle-osaka,Docomo Bike Share Osaka,"{'latitude': 34.693, 'longitude': 135.5028, 'city': '大阪府 (Osaka)', 'country': 'JP'}",/v2/networks/docomo-cycle-osaka,"['DOCOMO BIKE SHARE, INC.']",https://api-public.odpt.org/api/v4/gbfs/docomo-cycle/gbfs.json,,https://ckan.odpt.org/en/dataset/c_bikeshare_gbfs-d-nationwide-bikeshare,,"{'name': 'Creative Commons Attribution 4.0 International (CC BY 4.0)', 'url': 'https://creativecommons.org/licenses/by/4.0/'}",,
docomo-cycle-shiga,Docomo Bike Share Shiga,"{'latitude': 35.0378, 'longitude': 135.9801, 'city': '滋賀県 (Shiga)', 'country': 'JP'}",/v2/networks/docomo-cycle-shiga,"['DOCOMO BIKE SHARE, INC.']",https://api-public.odpt.org/api/v4/gbfs/docomo-cycle/gbfs.json,,https://ckan.odpt.org/en/dataset/c_bikeshare_gbfs-d-nationwide-bikeshare,,"{'name': 'Creative Commons Attribution 4.0 International (CC BY 4.0)', 'url': 'https://creativecommons.org/licenses/by/4.0/'}",,
docomo-cycle-tokyo,Docomo Bike Share Tokyo,"{'latitude': 35.6827, 'longitude': 139.766, 'city': 'Tokyo', 'country': 'JP'}",/v2/networks/docomo-cycle-tokyo,"['DOCOMO BIKE SHARE, INC.']",https://api-public.odpt.org/api/v4/gbfs/docomo-cycle-tokyo/gbfs.json,,https://ckan.odpt.org/en/dataset/c_bikeshare_gbfs-d-bikeshare,,"{'name': 'Creative Commons Attribution 4.0 International (CC BY 4.0)', 'url': 'https://creativecommons.org/licenses/by/4.0/'}",,
docomo-cycle-yamanashi,Docomo Bike Share Yamanashi,"{'latitude': 35.6848, 'longitude': 138.733, 'city': '山梨県 (Yamanashi)', 'country': 'JP'}",/v2/networks/docomo-cycle-yamanashi,"['DOCOMO BIKE SHARE, INC.']",https://api-public.odpt.org/api/v4/gbfs/docomo-cycle/gbfs.json,,https://ckan.odpt.org/en/dataset/c_bikeshare_gbfs-d-nationwide-bikeshare,,"{'name': 'Creative Commons Attribution 4.0 International (CC BY 4.0)', 'url': 'https://creativecommons.org/licenses/by/4.0/'}",,
donkey-gh,Donkey Republic - Gent,"{'latitude': 51.05, 'longitude': 3.7303, 'city': 'Gent', 'country': 'BE'}",/v2/networks/donkey-gh,['Donkey Republic'],https://stables.donkey.bike/api/public/gbfs/donkey_gh/gbfs,,,,,,
dott-ibiza,Dott Ibiza,"{'latitude': 38.91, 'longitude': 1.4334, 'city': 'Ibiza', 'country': 'ES'}",/v2/networks/dott-ibiza,['Dott'],https://gbfs.api.ridedott.com/public/v2/ibiza/gbfs.json,,,,,,
dott-murcia,Dott,"{'latitude': 37.9872, 'longitude': -1.1287, 'city': 'Murcia', 'country': 'ES'}",/v2/networks/dott-murcia,['Dott'],https://gbfs.api.ridedott.com/public/v2/murcia/gbfs.json,,,,,,
dott-tarragona,Dott Tarragona,"{'latitude': 41.1178, 'longitude': 1.2553, 'city': 'Tarragona', 'country': 'ES'}",/v2/networks/dott-tarragona,['Dott'],https://gbfs.api.ridedott.com/public/v2/tarragona/gbfs.json,,,,,,
dubai-careem-bike,Dubai Careem BIKE,"{'latitude': 25.1713, 'longitude': 55.2324, 'city': 'Dubai', 'country': 'AE'}",/v2/networks/dubai-careem-bike,['Careem'],https://dubai.publicbikesystem.net/customer/gbfs/v2/en/gbfs.json,,,,,,
dublinbikes,dublinbikes,"{'latitude': 53.3498053, 'longitude': -6.2603097, 'city': 'Dublin', 'country': 'IE'}",/v2/networks/dublinbikes,['JCDecaux'],,Cyclocity,https://developer.jcdecaux.com,,"{'name': 'Open Licence', 'url': 'https://developer.jcdecaux.com/#/opendata/licence'}",,
e-motion-rovereto,e.motion,"{'latitude': 45.88710661061543, 'longitude': 11.042242751867644, 'city': 'Rovereto', 'country': 'IT'}",/v2/networks/e-motion-rovereto,['Comunicare S.r.l.'],,Bicincittà,https://www.bicincitta.com/frmLeStazioni.aspx?ID=189,,,,
e-motion-trento,e.motion,"{'latitude': 46.06643205823519, 'longitude': 11.122145390351879, 'city': 'Trento', 'country': 'IT'}",/v2/networks/e-motion-trento,['Comunicare S.r.l.'],,Bicincittà,https://www.bicincitta.com/frmLeStazioni.aspx?ID=187,,,,
easybike-didymoteicho,EasyBike,"{'latitude': 41.3502539849, 'longitude': 26.4972960949, 'city': 'Didymoteicho', 'country': 'GR'}",/v2/networks/easybike-didymoteicho,"['Brainbox Technology', 'Smoove SAS']",,EasyBike,,,,,
easybike-glyfada,EasyBike,"{'latitude': 37.8715809825, 'longitude': 23.7355544376, 'city': 'Glyfada', 'country': 'GR'}",/v2/networks/easybike-glyfada,"['Brainbox Technology', 'Smoove SAS']",,EasyBike,,,,,
easybike-igoumenitsa,EasyBike,"{'latitude': 39.5005770633, 'longitude': 20.2635206985, 'city': 'Igoumenitsa', 'country': 'GR'}",/v2/networks/easybike-igoumenitsa,"['Brainbox Technology', 'Smoove SAS']",,EasyBike,,,,,
easybike-ioannina,EasyBike,"{'latitude': 39.6639818, 'longitude': 20.8522784, 'city': 'Ioannina', 'country': 'GR'}",/v2/networks/easybike-ioannina,"['Brainbox Technology', 'Smoove SAS']",,EasyBike,,,,,
easybike-irakleio,EasyBike,"{'latitude': 35.338735, 'longitude': 25.144213, 'city': 'Irakleio', 'country': 'GR'}",/v2/networks/easybike-irakleio,"['Brainbox Technology', 'Smoove SAS']",,EasyBike,,,,,
easybike-karditsa,EasyBike,"{'latitude': 39.3634604, 'longitude': 21.9211192, 'city': 'Karditsa', 'country': 'GR'}",/v2/networks/easybike-karditsa,"['Brainbox Technology', 'Smoove SAS']",,EasyBike,,,,,
easybike-kinouria,EasyBike,"{'latitude': 37.1476704305, 'longitude': 22.8933729935, 'city': 'Kinouria', 'country': 'GR'}",/v2/networks/easybike-kinouria,"['Brainbox Technology', 'Smoove SAS']",,EasyBike,,,,,
easybike-komotini,EasyBike,"{'latitude': 41.117833, 'longitude': 25.4041307, 'city': 'Komotini', 'country': 'GR'}",/v2/networks/easybike-komotini,"['Brainbox Technology', 'Smoove SAS']",,EasyBike,,,,,
easybike-mani,EasyBike,"{'latitude': 41.4097472, 'longitude': 26.4024952, 'city': 'Mani', 'country': 'GR'}",/v2/networks/easybike-mani,"['Brainbox Technology', 'Smoove SAS']",,EasyBike,,,,,
easybike-patra,EasyBike,"{'latitude': 38.2410966371, 'longitude': 21.7259683418, 'city': 'Patra', 'country': 'GR'}",/v2/networks/easybike-patra,"['Brainbox Technology', 'Smoove SAS']",,EasyBike,,,,,
easybike-rethymno,EasyBike,"{'latitude': 35.3667571777, 'longitude': 24.4832845736, 'city': 'Rethymno', 'country': 'GR'}",/v2/networks/easybike-rethymno,"['Brainbox Technology', 'Smoove SAS']",,EasyBike,,,,,
easybike-samos,EasyBike,"{'latitude': 37.754065919, 'longitude': 26.9787850189, 'city': 'Samos', 'country': 'GR'}",/v2/networks/easybike-samos,"['Brainbox Technology', 'Smoove SAS']",,EasyBike,,,,,
ecobici,EcoBici,"{'latitude': 19.4326077, 'longitude': -99.133208, 'city': 'Cd de México', 'country': 'MX'}",/v2/networks/ecobici,"['5M2 S.A. DE C.V.', 'BKT BICIPÚBLICA S.A. DE C.V.', 'Lyft Inc.']",https://gbfs.mex.lyftbikes.com/gbfs/gbfs.json,,,,,,
ecobici-buenos-aires,Ecobici,"{'latitude': -34.630665, 'longitude': -58.41156, 'city': 'Buenos Aires', 'country': 'AR'}",/v2/networks/ecobici-buenos-aires,"['Tembici', 'Itaú Argentina']",https://buenosaires.publicbikesystem.net/customer/gbfs/v2/gbfs.json,,,,,,
edeka-gruenheide-mark,EDEKA Grünheide,"{'latitude': 52.4247, 'longitude': 13.8203, 'city': 'Grünheide (Mark)', 'country': 'DE'}",/v2/networks/edeka-gruenheide-mark,['Nextbike GmbH'],,Nextbike,,,,,
eifel,Eifel e-Bike,"{'latitude': 50.5771, 'longitude': 6.64673, 'city': 'Eifel e-Bike', 'country': 'DE'}",/v2/networks/eifel,['Nextbike GmbH'],,Nextbike,,,,,
elpaso,El Paso BCycle,"{'latitude': 31.76148, 'longitude': -106.48507, 'city': 'El Paso, TX', 'country': 'US'}",/v2/networks/elpaso,"['BCycle, LLC']",https://gbfs.bcycle.com/bcycle_elpaso/gbfs.json,BCycle,,,,,
emobi-osijek,eMobi (Croatia),"{'latitude': 45.554, 'longitude': 18.6943, 'city': 'Osijek', 'country': 'HR'}",/v2/networks/emobi-osijek,['Nextbike GmbH'],,Nextbike,,,,,
encicla,EnCicla,"{'latitude': 6.2443, 'longitude': -75.5735, 'city': 'Medellin', 'country': 'CO'}",/v2/networks/encicla,['Sistema de Bicicletas Públicas del Valle de Aburrá'],,Encicla,,,,,
enna,Enna,"{'latitude': 37.56342572664775, 'longitude': 14.27973747253418, 'city': 'Enna', 'country': 'IT'}",/v2/networks/enna,['Comunicare S.r.l.'],,Bicincittà,https://www.bicincitta.com/frmLeStazioni.aspx?ID=163,,,,
eoulling-sejong,어울링 (Eoulling),"{'latitude': 36.4901, 'longitude': 127.2829, 'city': '세종 (Sejong)', 'country': 'KR'}",/v2/networks/eoulling-sejong,['Sejong City Transportation Corporation'],,,,,,,
facherrad-karlsruhe,Fächerrad,"{'latitude': 49.0102, 'longitude': 8.41827, 'city': 'Karlsruhe', 'country': 'DE'}",/v2/networks/facherrad-karlsruhe,['Nextbike GmbH'],,Nextbike,,,,,
famose,Fa.Mo.Se,"{'latitude': 43.7603, 'longitude': 13.1139, 'city': 'Senigallia', 'country': 'IT'}",/v2/networks/famose,"['Comuni di Senigallia e Mondolfo', 'TIER Mobility SE']",https://gbfs.nextbike.net/maps/gbfs/v2/nextbike_fa/gbfs.json,,,,,,
figas,Figas,"{'latitude': 40.1548, 'longitude': -8.8613, 'city': 'Figueira da Foz', 'country': 'PT'}",/v2/networks/figas,"['Município de Figueira da Foz', 'Wegoshare, Lda']",,,,,,,
foli,Fölläri bikes,"{'latitude': 60.4506, 'longitude': 22.2666, 'city': 'Turku', 'country': 'FI'}",/v2/networks/foli,"['Turku Region Traffic Föli', 'DonkeyRepublic Admin ApS']",https://stables.donkey.bike/api/public/gbfs/2/donkey_turku/gbfs.json,,,,,,
fortworth,Trinity Metro Bikes,"{'latitude': 32.7516, 'longitude': -97.32888, 'city': 'Fort Worth, TX', 'country': 'US'}",/v2/networks/fortworth,"['Trinity Metro', 'Lyft Inc.']",https://fortworth.publicbikesystem.net/customer/gbfs/v2/gbfs.json,,,,,,
free-bike-sharing,FRee Bike sharing,"{'latitude': 41.645081, 'longitude': 13.342123, 'city': 'Frosinone', 'country': 'IT'}",/v2/networks/free-bike-sharing,['Comunicare S.r.l.'],,Bicincittà,https://www.bicincitta.com/frmLeStazioni.aspx?ID=53,,,,
frelo-freiburg,Frelo,"{'latitude': 47.9958, 'longitude': 7.84453, 'city': 'Freiburg', 'country': 'DE'}",/v2/networks/frelo-freiburg,['Nextbike GmbH'],,Nextbike,,,,,
galway,TFI Bikes,"{'latitude': 53.2783491544, 'longitude': -9.05069143207, 'city': 'Galway', 'country': 'IE'}",/v2/networks/galway,['The National Transport Authority'],,TFI Bikes,,,,,
ganxeta-reus,Ganxeta,"{'latitude': 41.1589, 'longitude': 1.10623, 'city': 'Reus', 'country': 'ES'}",/v2/networks/ganxeta-reus,"['REUS MOBILITAT I SERVEIS, S.A. (RMS)']",,,,,,,
gbici,Gbici,"{'latitude': 40.308, 'longitude': -3.7301, 'city': 'Getafe', 'country': 'ES'}",/v2/networks/gbici,['Instituto Tecnológico de Castilla y León (ITCL)'],,,,,,,
gijon,Gijón Bici,"{'latitude': 43.5396116, 'longitude': -5.6663604, 'city': 'Gijón', 'country': 'ES'}",/v2/networks/gijon,"['Citybike España S.L.U.', 'Fifteen SAS']",,Fifteen,,,,,
gimme-bike,Gimme Bike,"{'latitude': 45.8183902, 'longitude': 8.823913, 'city': 'Varese', 'country': 'IT'}",/v2/networks/gimme-bike,['Comunicare S.r.l.'],,Bicincittà,https://www.bicincitta.com/frmLeStazioni.aspx?ID=50,,,,
gira,Gira,"{'latitude': 38.724954, 'longitude': -9.149334, 'city': 'Lisbon', 'country': 'PT'}",/v2/networks/gira,['EMEL'],,Gira,,,,,
girocleta,Girocleta,"{'latitude': 41.9794005, 'longitude': 2.8214264, 'city': 'Girona', 'country': 'ES'}",/v2/networks/girocleta,['ICNITA S.L.'],,Emovity,,,,,
gobiki,Biki,"{'latitude': 21.3043, 'longitude': -157.856, 'city': 'Honolulu', 'country': 'US'}",/v2/networks/gobiki,['Bikeshare Hawaii Island'],https://hon.publicbikesystem.net/customer/ube/gbfs/v1/en/gbfs.json,,,,,,
goodbike,GoodBike,"{'latitude': 45.4064349, 'longitude': 11.8767611, 'city': 'Padova', 'country': 'IT'}",/v2/networks/goodbike,['Bicincitta Italia S.r.l.'],,Weelo,,,,,
grad-drnis-drnis,Nextbike,"{'latitude': 43.8425, 'longitude': 16.1197, 'city': 'Drniš', 'country': 'HR'}",/v2/networks/grad-drnis-drnis,['Nextbike GmbH'],,Nextbike,,,,,
grad-ivanic-grad-ivanic-grad,Grad Ivanić-Grad,"{'latitude': 45.7062, 'longitude': 16.3919, 'city': 'Ivanic Grad', 'country': 'HR'}",/v2/networks/grad-ivanic-grad-ivanic-grad,['Nextbike GmbH'],,Nextbike,,,,,
grad-karlovac-karlovac,Grad Karlovac,"{'latitude': 45.4905, 'longitude': 15.5503, 'city': 'Karlovac', 'country': 'HR'}",/v2/networks/grad-karlovac-karlovac,['Nextbike GmbH'],,Nextbike,,,,,
grad-makarska-makarska,Grad Makarska,"{'latitude': 43.2992, 'longitude': 17.0184, 'city': 'Makarska', 'country': 'HR'}",/v2/networks/grad-makarska-makarska,['Nextbike GmbH'],,,,,,,
grad-metkovic-metkovic,Grad Metković,"{'latitude': 43.0654, 'longitude': 17.642, 'city': 'Metković', 'country': 'HR'}",/v2/networks/grad-metkovic-metkovic,['Nextbike GmbH'],,,,,,,
grad-sibenik-sibenik,Grad Šibenik,"{'latitude': 43.733, 'longitude': 15.8982, 'city': 'Šibenik', 'country': 'HR'}",/v2/networks/grad-sibenik-sibenik,['Nextbike GmbH'],,Nextbike,,,,,
grad-sisak-sisak,Grad Sisak,"{'latitude': 45.4875, 'longitude': 16.3753, 'city': 'Sisak', 'country': 'HR'}",/v2/networks/grad-sisak-sisak,['Nextbike GmbH'],,Nextbike,,,,,
grad-slavonski-brod-slavonski-brod,Grad Slavonski Brod,"{'latitude': 45.1656, 'longitude': 18.0183, 'city': 'Slavonski Brod', 'country': 'HR'}",/v2/networks/grad-slavonski-brod-slavonski-brod,['Nextbike GmbH'],,Nextbike,,,,,
grad-split,Grad Split (Croatia),"{'latitude': 43.5162, 'longitude': 16.4637, 'city': 'Split', 'country': 'HR'}",/v2/networks/grad-split,['Nextbike GmbH'],,Nextbike,,,,,
grad-split-opcina-hrvace,Grad Split (Croatia),"{'latitude': 43.7553, 'longitude': 16.6197, 'city': 'Općina Hrvace', 'country': 'HR'}",/v2/networks/grad-split-opcina-hrvace,['Nextbike GmbH'],,Nextbike,,,,,
grad-split-opcina-klis,Grad Split (Croatia),"{'latitude': 43.5605, 'longitude': 16.5269, 'city': 'Općina Klis', 'country': 'HR'}",/v2/networks/grad-split-opcina-klis,['Nextbike GmbH'],,Nextbike,,,,,
grad-split-opcina-otok-dalmatinski,Grad Split (Croatia),"{'latitude': 43.6889, 'longitude': 16.7361, 'city': 'Općina Otok Dalmatinski', 'country': 'HR'}",/v2/networks/grad-split-opcina-otok-dalmatinski,['Nextbike GmbH'],,Nextbike,,,,,
grad-split-podstrana,Grad Split (Croatia),"{'latitude': 43.4934, 'longitude': 16.5598, 'city': 'Podstrana', 'country': 'HR'}",/v2/networks/grad-split-podstrana,['Nextbike GmbH'],,Nextbike,,,,,
grad-split-sinj,Grad Split (Croatia),"{'latitude': 43.7031, 'longitude': 16.6364, 'city': 'Sinj', 'country': 'HR'}",/v2/networks/grad-split-sinj,['Nextbike GmbH'],,Nextbike,,,,,
grad-split-solin,Grad Split (Croatia),"{'latitude': 43.5441, 'longitude': 16.4833, 'city': 'Solin', 'country': 'HR'}",/v2/networks/grad-split-solin,['Nextbike GmbH'],,Nextbike,,,,,
grad-split-trogir,Grad Split (Croatia),"{'latitude': 43.5234, 'longitude': 16.2476, 'city': 'Trogir', 'country': 'HR'}",/v2/networks/grad-split-trogir,['Nextbike GmbH'],,Nextbike,,,,,
grad-velika-gorica-velika-gorica,Grad Velika Gorica,"{'latitude': 45.7161, 'longitude': 16.0683, 'city': 'Velika Gorica', 'country': 'HR'}",/v2/networks/grad-velika-gorica-velika-gorica,['Nextbike GmbH'],,Nextbike,,,,,
grad-vukovar,Grad Vukovar (Croatia),"{'latitude': 45.3575, 'longitude': 18.9895, 'city': 'Vukovar', 'country': 'HR'}",/v2/networks/grad-vukovar,['Nextbike GmbH'],,Nextbike,,,,,
grad-zadar-zadar,Grad Zadar,"{'latitude': 44.0058, 'longitude': 15.2183, 'city': 'Zadar', 'country': 'HR'}",/v2/networks/grad-zadar-zadar,['Nextbike GmbH'],,Nextbike,,,,,
grad-zapresic,Grad Zaprešić (Croatia),"{'latitude': 45.8622, 'longitude': 15.8049, 'city': 'Zaprešić', 'country': 'HR'}",/v2/networks/grad-zapresic,['Nextbike GmbH'],,Nextbike,,,,,
greenbikeslc,GREENbike,"{'latitude': 40.76745, 'longitude': -111.88736, 'city': 'Salt Lake City', 'country': 'US'}",/v2/networks/greenbikeslc,"['BCycle, LLC']",https://gbfs.bcycle.com/bcycle_greenbikeslc/gbfs.json,BCycle,,,,,
greenville,Greenville BCycle,"{'latitude': 34.85261759999999, 'longitude': -82.3940104, 'city': 'Greenville, SC', 'country': 'US'}",/v2/networks/greenville,"['BCycle, LLC']",https://gbfs.bcycle.com/bcycle_greenville/gbfs.json,BCycle,,,,,
greifswald,StadtRad Greifswald,"{'latitude': 54.0961, 'longitude': 13.3787, 'city': 'Greifswald (StadtRad)', 'country': 'DE'}",/v2/networks/greifswald,['Nextbike GmbH'],,Nextbike,,,,,
hellocycling-aichi,HELLO CYCLING Aichi,"{'latitude': 35.1827, 'longitude': 136.9096, 'city': '愛知県 (Aichi)', 'country': 'JP'}",/v2/networks/hellocycling-aichi,['OpenStreet Corp.'],https://api-public.odpt.org/api/v4/gbfs/hellocycling/gbfs.json,,https://ckan.odpt.org/dataset/c_bikeshare_gbfs-openstreet,,"{'name': 'Creative Commons Attribution 4.0 International (CC BY 4.0)', 'url': 'https://creativecommons.org/licenses/by/4.0/'}",,
hellocycling-chiba,HELLO CYCLING Chiba,"{'latitude': 35.6687, 'longitude': 140.0201, 'city': '千葉県 (Chiba)', 'country': 'JP'}",/v2/networks/hellocycling-chiba,['OpenStreet Corp.'],https://api-public.odpt.org/api/v4/gbfs/hellocycling/gbfs.json,,https://ckan.odpt.org/dataset/c_bikeshare_gbfs-openstreet,,"{'name': 'Creative Commons Attribution 4.0 International (CC BY 4.0)', 'url': 'https://creativecommons.org/licenses/by/4.0/'}",,
hellocycling-ehime,HELLO CYCLING Ehime,"{'latitude': 33.8445, 'longitude': 132.76913, 'city': '愛媛県 (Ehime)', 'country': 'JP'}",/v2/networks/hellocycling-ehime,['OpenStreet Corp.'],https://api-public.odpt.org/api/v4/gbfs/hellocycling/gbfs.json,,https://ckan.odpt.org/dataset/c_bikeshare_gbfs-openstreet,,"{'name': 'Creative Commons Attribution 4.0 International (CC BY 4.0)', 'url': 'https://creativecommons.org/licenses/by/4.0/'}",,
hellocycling-fukuoka,HELLO CYCLING Fukuoka,"{'latitude': 33.8823, 'longitude': 130.8759, 'city': '福岡県 (Fukuoka)', 'country': 'JP'}",/v2/networks/hellocycling-fukuoka,['OpenStreet Corp.'],https://api-public.odpt.org/api/v4/gbfs/hellocycling/gbfs.json,,https://ckan.odpt.org/dataset/c_bikeshare_gbfs-openstreet,,"{'name': 'Creative Commons Attribution 4.0 International (CC BY 4.0)', 'url': 'https://creativecommons.org/licenses/by/4.0/'}",,
hellocycling-gifu,HELLO CYCLING Gifu,"{'latitude': 35.3348, 'longitude': 137.1236, 'city': '岐阜県 (Gifu)', 'country': 'JP'}",/v2/networks/hellocycling-gifu,['OpenStreet Corp.'],https://api-public.odpt.org/api/v4/gbfs/hellocycling/gbfs.json,,https://ckan.odpt.org/dataset/c_bikeshare_gbfs-openstreet,,"{'name': 'Creative Commons Attribution 4.0 International (CC BY 4.0)', 'url': 'https://creativecommons.org/licenses/by/4.0/'}",,
hellocycling-hiroshima,HELLO CYCLING Hiroshima,"{'latitude': 34.40061, 'longitude': 133.19824, 'city': '広島県 (Hiroshima)', 'country': 'JP'}",/v2/networks/hellocycling-hiroshima,['OpenStreet Corp.'],https://api-public.odpt.org/api/v4/gbfs/hellocycling/gbfs.json,,https://ckan.odpt.org/dataset/c_bikeshare_gbfs-openstreet,,"{'name': 'Creative Commons Attribution 4.0 International (CC BY 4.0)', 'url': 'https://creativecommons.org/licenses/by/4.0/'}",,
hellocycling-hyougo,HELLO CYCLING Hyougo,"{'latitude': 34.7356, 'longitude': 135.3697, 'city': '兵庫県 (Hyougo)', 'country': 'JP'}",/v2/networks/hellocycling-hyougo,['OpenStreet Corp.'],https://api-public.odpt.org/api/v4/gbfs/hellocycling/gbfs.json,,https://ckan.odpt.org/dataset/c_bikeshare_gbfs-openstreet,,"{'name': 'Creative Commons Attribution 4.0 International (CC BY 4.0)', 'url': 'https://creativecommons.org/licenses/by/4.0/'}",,
hellocycling-ibaraki,HELLO CYCLING Ibaraki,"{'latitude': 36.0852, 'longitude': 140.2008, 'city': '茨城県 (Ibaraki)', 'country': 'JP'}",/v2/networks/hellocycling-ibaraki,['OpenStreet Corp.'],https://api-public.odpt.org/api/v4/gbfs/hellocycling/gbfs.json,,https://ckan.odpt.org/dataset/c_bikeshare_gbfs-openstreet,,"{'name': 'Creative Commons Attribution 4.0 International (CC BY 4.0)', 'url': 'https://creativecommons.org/licenses/by/4.0/'}",,
hellocycling-iwate,HELLO CYCLING Iwate,"{'latitude': 39.6992, 'longitude': 141.1343, 'city': '岩手県 (Iwate)', 'country': 'JP'}",/v2/networks/hellocycling-iwate,['OpenStreet Corp.'],https://api-public.odpt.org/api/v4/gbfs/hellocycling/gbfs.json,,https://ckan.odpt.org/dataset/c_bikeshare_gbfs-openstreet,,"{'name': 'Creative Commons Attribution 4.0 International (CC BY 4.0)', 'url': 'https://creativecommons.org/licenses/by/4.0/'}",,
hellocycling-kagawa,HELLO CYCLING Kagawa,"{'latitude': 34.4898, 'longitude': 134.26, 'city': '香川県 (Kagawa)', 'country': 'JP'}",/v2/networks/hellocycling-kagawa,['OpenStreet Corp.'],https://api-public.odpt.org/api/v4/gbfs/hellocycling/gbfs.json,,https://ckan.odpt.org/dataset/c_bikeshare_gbfs-openstreet,,"{'name': 'Creative Commons Attribution 4.0 International (CC BY 4.0)', 'url': 'https://creativecommons.org/licenses/by/4.0/'}",,
hellocycling-kanagawa,HELLO CYCLING Kanagawa,"{'latitude': 35.3629, 'longitude': 139.4677, 'city': '神奈川県 (Kanagawa)', 'country': 'JP'}",/v2/networks/hellocycling-kanagawa,['OpenStreet Corp.'],https://api-public.odpt.org/api/v4/gbfs/hellocycling/gbfs.json,,https://ckan.odpt.org/dataset/c_bikeshare_gbfs-openstreet,,"{'name': 'Creative Commons Attribution 4.0 International (CC BY 4.0)', 'url': 'https://creativecommons.org/licenses/by/4.0/'}",,
hellocycling-kumamoto,HELLO CYCLING Kumamoto,"{'latitude': 32.21207, 'longitude': 130.75388, 'city': '熊本県 (Kumamoto)', 'country': 'JP'}",/v2/networks/hellocycling-kumamoto,['OpenStreet Corp.'],https://api-public.odpt.org/api/v4/gbfs/hellocycling/gbfs.json,,https://ckan.odpt.org/dataset/c_bikeshare_gbfs-openstreet,,"{'name': 'Creative Commons Attribution 4.0 International (CC BY 4.0)', 'url': 'https://creativecommons.org/licenses/by/4.0/'}",,
hellocycling-kyoto,HELLO CYCLING Kyoto,"{'latitude': 35.01897, 'longitude': 135.75747, 'city': '京都府 (Kyoto)', 'country': 'JP'}",/v2/networks/hellocycling-kyoto,['OpenStreet Corp.'],https://api-public.odpt.org/api/v4/gbfs/hellocycling/gbfs.json,,https://ckan.odpt.org/dataset/c_bikeshare_gbfs-openstreet,,"{'name': 'Creative Commons Attribution 4.0 International (CC BY 4.0)', 'url': 'https://creativecommons.org/licenses/by/4.0/'}",,
hellocycling-nagano,HELLO CYCLING Nagano,"{'latitude': 36.2395, 'longitude': 137.9697, 'city': '長野県 (Nagano)', 'country': 'JP'}",/v2/networks/hellocycling-nagano,['OpenStreet Corp.'],https://api-public.odpt.org/api/v4/gbfs/hellocycling/gbfs.json,,https://ckan.odpt.org/dataset/c_bikeshare_gbfs-openstreet,,"{'name': 'Creative Commons Attribution 4.0 International (CC BY 4.0)', 'url': 'https://creativecommons.org/licenses/by/4.0/'}",,
hellocycling-nara,HELLO CYCLING Nara,"{'latitude': 34.6819, 'longitude': 135.8007, 'city': '奈良県 (Nara)', 'country': 'JP'}",/v2/networks/hellocycling-nara,['OpenStreet Corp.'],https://api-public.odpt.org/api/v4/gbfs/hellocycling/gbfs.json,,https://ckan.odpt.org/dataset/c_bikeshare_gbfs-openstreet,,"{'name': 'Creative Commons Attribution 4.0 International (CC BY 4.0)', 'url': 'https://creativecommons.org/licenses/by/4.0/'}",,
hellocycling-okinawa,HELLO CYCLING Okinawa,"{'latitude': 26.2127, 'longitude': 127.6828, 'city': '沖縄県 (Okinawa)', 'country': 'JP'}",/v2/networks/hellocycling-okinawa,['OpenStreet Corp.'],https://api-public.odpt.org/api/v4/gbfs/hellocycling/gbfs.json,,https://ckan.odpt.org/dataset/c_bikeshare_gbfs-openstreet,,"{'name': 'Creative Commons Attribution 4.0 International (CC BY 4.0)', 'url': 'https://creativecommons.org/licenses/by/4.0/'}",,
hellocycling-osaka,HELLO CYCLING Osaka,"{'latitude': 34.6917, 'longitude': 135.5091, 'city': '大阪府 (Osaka)', 'country': 'JP'}",/v2/networks/hellocycling-osaka,['OpenStreet Corp.'],https://api-public.odpt.org/api/v4/gbfs/hellocycling/gbfs.json,,https://ckan.odpt.org/dataset/c_bikeshare_gbfs-openstreet,,"{'name': 'Creative Commons Attribution 4.0 International (CC BY 4.0)', 'url': 'https://creativecommons.org/licenses/by/4.0/'}",,
hellocycling-saga,HELLO CYCLING Saga,"{'latitude': 33.2622, 'longitude': 130.2988, 'city': '佐賀県 (Saga)', 'country': 'JP'}",/v2/networks/hellocycling-saga,['OpenStreet Corp.'],https://api-public.odpt.org/api/v4/gbfs/hellocycling/gbfs.json,,https://ckan.odpt.org/dataset/c_bikeshare_gbfs-openstreet,,"{'name': 'Creative Commons Attribution 4.0 International (CC BY 4.0)', 'url': 'https://creativecommons.org/licenses/by/4.0/'}",,
hellocycling-saitama,HELLO CYCLING Saitama,"{'latitude': 35.86017, 'longitude': 139.64347, 'city': '埼玉県 (Saitama)', 'country': 'JP'}",/v2/networks/hellocycling-saitama,['OpenStreet Corp.'],https://api-public.odpt.org/api/v4/gbfs/hellocycling/gbfs.json,,https://ckan.odpt.org/dataset/c_bikeshare_gbfs-openstreet,,"{'name': 'Creative Commons Attribution 4.0 International (CC BY 4.0)', 'url': 'https://creativecommons.org/licenses/by/4.0/'}",,
hellocycling-shizuoka,HELLO CYCLING Shizuoka,"{'latitude': 34.9769, 'longitude': 138.3855, 'city': '静岡県 (Shizuoka)', 'country': 'JP'}",/v2/networks/hellocycling-shizuoka,['OpenStreet Corp.'],https://api-public.odpt.org/api/v4/gbfs/hellocycling/gbfs.json,,https://ckan.odpt.org/dataset/c_bikeshare_gbfs-openstreet,,"{'name': 'Creative Commons Attribution 4.0 International (CC BY 4.0)', 'url': 'https://creativecommons.org/licenses/by/4.0/'}",,
hellocycling-tochigi,HELLO CYCLING Tochigi,"{'latitude': 36.75349, 'longitude': 139.6115, 'city': '栃木県 (Tochigi)', 'country': 'JP'}",/v2/networks/hellocycling-tochigi,['OpenStreet Corp.'],https://api-public.odpt.org/api/v4/gbfs/hellocycling/gbfs.json,,https://ckan.odpt.org/dataset/c_bikeshare_gbfs-openstreet,,"{'name': 'Creative Commons Attribution 4.0 International (CC BY 4.0)', 'url': 'https://creativecommons.org/licenses/by/4.0/'}",,
hellocycling-tokyo,HELLO CYCLING Tokyo,"{'latitude': 35.671, 'longitude': 139.765, 'city': '東京都 (Tokyo)', 'country': 'JP'}",/v2/networks/hellocycling-tokyo,['OpenStreet Corp.'],https://api-public.odpt.org/api/v4/gbfs/hellocycling/gbfs.json,,https://ckan.odpt.org/dataset/c_bikeshare_gbfs-openstreet,,"{'name': 'Creative Commons Attribution 4.0 International (CC BY 4.0)', 'url': 'https://creativecommons.org/licenses/by/4.0/'}",,
heraeus-hanau,Heraeus Hanau,"{'latitude': 50.1387, 'longitude': 8.94429, 'city': 'Hanau', 'country': 'DE'}",/v2/networks/heraeus-hanau,['Heraeus Holding GmbH'],,Nextbike,,,,,
hi-bike-fort-william,Hi-Bike Fort William,"{'latitude': 56.8171, 'longitude': -5.1054, 'city': 'Fort William', 'country': 'GB'}",/v2/networks/hi-bike-fort-william,"['HITRANS', 'Wegoshare, Lda']",,,,True,,,
hi-bike-inverness,Hi-Bike Inverness,"{'latitude': 57.4767, 'longitude': -4.2269, 'city': 'Inverness', 'country': 'GB'}",/v2/networks/hi-bike-inverness,"['HITRANS', 'Wegoshare, Lda']",,,,True,,,
hibike,Hibike,"{'latitude': 19.6417, 'longitude': -155.9962, 'city': 'Kailua-Kona', 'country': 'US'}",/v2/networks/hibike,['Bikeshare Hawaii Island'],https://kona.publicbikesystem.net/customer/ube/gbfs/v1/en/gbfs.json,,,,,,
ibizi-ibiza-city,ibizi,"{'latitude': 38.9066, 'longitude': 1.42046, 'city': 'Ibiza-City', 'country': 'ES'}",/v2/networks/ibizi-ibiza-city,['Nextbike GmbH'],,Nextbike,,,,,
idecycle,IDEcycle,"{'latitude': 43.2957547, 'longitude': -0.3685668, 'city': 'Pau', 'country': 'FR'}",/v2/networks/idecycle,['Cykleo SAS'],,Cykleo,,,,,
indego,Indego,"{'latitude': 39.95378, 'longitude': -75.16374, 'city': 'Philadelphia, PA', 'country': 'US'}",/v2/networks/indego,"['City of Philadelphia', 'Bicycle Transit Systems', 'BCycle, LLC']",https://gbfs.bcycle.com/bcycle_indego/gbfs.json,BCycle,,,,,
indiana-pacers-bikeshare,Indiana Pacers Bikeshare,"{'latitude': 39.76593, 'longitude': -86.16216, 'city': 'Indianapolis, IN', 'country': 'US'}",/v2/networks/indiana-pacers-bikeshare,"['BCycle, LLC']",https://gbfs.bcycle.com/bcycle_pacersbikeshare/gbfs.json,BCycle,,,,,
infralobo,Smart Bikes by Infralobo,"{'latitude': 37.055, 'longitude': -8.0643, 'city': 'Vale do Lobo', 'country': 'PT'}",/v2/networks/infralobo,"['Infralobo', 'Wegoshare, Lda']",,,,,,,
integrabike,Integrabike,"{'latitude': -23.5015, 'longitude': -47.4526, 'city': 'Sorocaba', 'country': 'BR'}",/v2/networks/integrabike,"['Prefeiture de Sorocaba', 'Urbes']",,Mobhis,,,,,
jackson,Jackson County BCycle,"{'latitude': 42.2462, 'longitude': -84.4031, 'city': 'Jackson, MI', 'country': 'US'}",/v2/networks/jackson,"['BCycle, LLC']",https://gbfs.bcycle.com/bcycle_jacksoncounty/gbfs.json,BCycle,,,,,
jastrebarsko-jastrebarsko,Nextbike,"{'latitude': 45.6692, 'longitude': 15.6541, 'city': 'Jastrebarsko', 'country': 'HR'}",/v2/networks/jastrebarsko-jastrebarsko,['Nextbike GmbH'],,Nextbike,,,,,
jesinbici,JesinBici,"{'latitude': 43.522601, 'longitude': 13.244448, 'city': 'Jesi', 'country': 'IT'}",/v2/networks/jesinbici,['Comunicare S.r.l.'],,Bicincittà,https://www.bicincitta.com/frmLeStazioni.aspx?ID=236,,,,
joco-new-york,JOCO New York,"{'latitude': 40.7572, 'longitude': -73.9859, 'city': 'New York', 'country': 'US'}",/v2/networks/joco-new-york,"['BEAM BIKE CORP.', 'JOCO']",,,,True,,,
karuvelo,Karu'Vélo,"{'latitude': 16.2411, 'longitude': -61.5331, 'city': 'Pointe-à-Pitre', 'country': 'FR'}",/v2/networks/karuvelo,['Ecovelo'],https://api.gbfs.ecovelo.mobi/karu/gbfs.json,Ecovelo,,True,,,
kolumbus-rogaland,Bysykkelen,"{'latitude': 58.9689, 'longitude': 5.731, 'city': 'Rogaland', 'country': 'NO'}",/v2/networks/kolumbus-rogaland,['Kolumbus'],,kolumbus,,True,,,
komornicki-system-rowerowy-komorniki,Komornicki System Rowerowy Poland,"{'latitude': 52.3347, 'longitude': 16.8094, 'city': 'Komorniki', 'country': 'PL'}",/v2/networks/komornicki-system-rowerowy-komorniki,['Nextbike GmbH'],,,,,,,
kotobike,Kotobike,"{'latitude': 35.0115, 'longitude': 135.7518, 'city': '京都 (Kyoto)', 'country': 'JP'}",/v2/networks/kotobike,['QBEI.inc'],https://app.kotobike.jp/api/exposed/v2/gbfs/gbfs.json,,,,,,
kuitunbike,Kuitun Bike,"{'latitude': 44.429, 'longitude': 84.9009, 'city': '奎屯市 (Kuitun)', 'country': 'CN'}",/v2/networks/kuitunbike,[],,,,,,,
kvb-rad-koln,KVB Rad,"{'latitude': 50.9429, 'longitude': 6.95649, 'city': 'Köln', 'country': 'DE'}",/v2/networks/kvb-rad-koln,['Nextbike GmbH'],,Nextbike,,,,,
lastenvelo-freiburg,LastenVelo Freiburg,"{'latitude': 47.9981, 'longitude': 7.8439, 'city': 'Freiburg', 'country': 'DE'}",/v2/networks/lastenvelo-freiburg,['LastenVelo Freiburg e.V.'],,,,,,,
le-marcel,Le Marcel,"{'latitude': 48.2997, 'longitude': 4.0792, 'city': 'Troyes', 'country': 'FR'}",/v2/networks/le-marcel,['Ecovelo'],https://api.gbfs.ecovelo.mobi/lemarcel/gbfs.json,Ecovelo,,True,,,
le-velo,LeVélo,"{'latitude': 43.296482, 'longitude': 5.36978, 'city': 'Marseille', 'country': 'FR'}",/v2/networks/le-velo,"['LeVélo AMP Métropole', 'Ville de Marseille', 'Fifteen SAS']",https://api.omega.fifteen.eu/gbfs/2.2/marseille/en/gbfs.json?&key=MjE0ZDNmMGEtNGFkZS00M2FlLWFmMWItZGNhOTZhMWQyYzM2,,https://www.data.gouv.fr/fr/datasets/velos-a-assistance-electrique-en-libre-service-levelo-sur-marseille/,,"{'name': 'Open Data Commons Open Database License (ODbL)', 'url': 'http://opendatacommons.org/licenses/odbl/summary/'}",,
le-velo-star,LE vélo Star,"{'latitude': 48.114167, 'longitude': -1.680833, 'city': 'Rennes', 'country': 'FR'}",/v2/networks/le-velo-star,"['Keolis', 'Rennes Metropole']",,Keolis,https://data.explore.star.fr/explore/dataset/vls-stations-etat-tr/,,,,
lecce,lecce,"{'latitude': 40.35040350928062, 'longitude': 18.177824020385742, 'city': 'Lecce', 'country': 'IT'}",/v2/networks/lecce,['Comunicare S.r.l.'],,Bicincittà,https://www.bicincitta.com/frmLeStazioni.aspx?ID=159,,,,
lecco,Bicincittà,"{'latitude': 45.8565698, 'longitude': 9.397670399999999, 'city': 'Lecco', 'country': 'IT'}",/v2/networks/lecco,['Comunicare S.r.l.'],,Bicincittà,https://www.bicincitta.com/frmLeStazioni.aspx?ID=49,,,,
li-bia-velo,Li bia velo,"{'latitude': 50.465328, 'longitude': 4.867665, 'city': 'Namur', 'country': 'BE'}",/v2/networks/li-bia-velo,['JCDecaux'],,Cyclocity,https://developer.jcdecaux.com,,"{'name': 'Open Licence', 'url': 'https://developer.jcdecaux.com/#/opendata/licence'}",,
libelo,Libélo,"{'latitude': 44.922726, 'longitude': 4.905634, 'city': 'Valence', 'country': 'FR'}",/v2/networks/libelo,['PBSC Urban Solutions'],https://valencefr.publicbikesystem.net/ube/gbfs/v1/,,,,,,
limerick,TFI Bikes,"{'latitude': 52.668746, 'longitude': -8.627809, 'city': 'Limerick', 'country': 'IE'}",/v2/networks/limerick,['The National Transport Authority'],,TFI Bikes,,,,,
lincoln,BikeLNK,"{'latitude': 40.8087, 'longitude': -96.7075, 'city': 'Lincoln, NE', 'country': 'US'}",/v2/networks/lincoln,"['BCycle, LLC']",https://gbfs.bcycle.com/bcycle_bikelnk/gbfs.json,BCycle,,,,,
linkbike-penang,LinkBike,"{'latitude': 5.4192, 'longitude': 100.3281, 'city': 'Penang', 'country': 'MY'}",/v2/networks/linkbike-penang,['FAST RENT BIKE (PG) Sdn. Bhd'],,,,,,,
longanoinbici,LonganoinBici,"{'latitude': 38.149812517944284, 'longitude': 15.212116241455078, 'city': 'Barcellona Pozzo di Gotto', 'country': 'IT'}",/v2/networks/longanoinbici,['Comunicare S.r.l.'],,Bicincittà,https://www.bicincitta.com/frmLeStazioni.aspx?ID=140,,,,
lovelolibreservice,Lovélo Libre Service,"{'latitude': 49.4432552, 'longitude': 1.0999821, 'city': 'Rouen', 'country': 'FR'}",/v2/networks/lovelolibreservice,"['Citybike Normandie', 'INURBA Mobility']",https://gbfs.urbansharing.com/lovelolibreservice.fr/gbfs.json,,,,,,
lovesharing-canary-islands-fuerteventura,Lovesharing (Canary Islands),"{'latitude': 28.3584, 'longitude': -14.064, 'city': 'Fuerteventura', 'country': 'ES'}",/v2/networks/lovesharing-canary-islands-fuerteventura,['Nextbike GmbH'],,Nextbike,,,,,
lovesharing-canary-islands-gran-canaria,Lovesharing (Canary Islands),"{'latitude': 27.8154, 'longitude': -15.5182, 'city': 'Gran Canaria', 'country': 'ES'}",/v2/networks/lovesharing-canary-islands-gran-canaria,['Nextbike GmbH'],,Nextbike,,,,,
lovesharing-canary-islands-lanzarote,Lovesharing (Canary Islands),"{'latitude': 29.0491, 'longitude': -13.5729, 'city': 'Lanzarote', 'country': 'ES'}",/v2/networks/lovesharing-canary-islands-lanzarote,['Nextbike GmbH'],,Nextbike,,,,,
lrm-lublin-lublin,LRM Lublin,"{'latitude': 51.2469, 'longitude': 22.5697, 'city': 'Lublin', 'country': 'PL'}",/v2/networks/lrm-lublin-lublin,['Nextbike GmbH'],,,,,,,
lundahoj,Lundahoj,"{'latitude': 55.7046601, 'longitude': 13.1910073, 'city': 'Lund', 'country': 'SE'}",/v2/networks/lundahoj,['JCDecaux'],,Cyclocity,https://developer.jcdecaux.com,,"{'name': 'Open Licence', 'url': 'https://developer.jcdecaux.com/#/opendata/licence'}",,
lviv-odessa,Nextbike,"{'latitude': 46.463, 'longitude': 30.7042, 'city': 'Odessa', 'country': 'UA'}",/v2/networks/lviv-odessa,['Nextbike GmbH'],,Nextbike,,,,,
madison,BCycle,"{'latitude': 43.07571, 'longitude': -89.38527, 'city': 'Madison, WI', 'country': 'US'}",/v2/networks/madison,"['BCycle, LLC']",https://gbfs.bcycle.com/bcycle_madison/gbfs.json,BCycle,,,,,
malmobybike,Malmö by bike,"{'latitude': 55.605, 'longitude': 13.0038, 'city': 'Malmö', 'country': 'SE'}",/v2/networks/malmobybike,['ClearChannel'],,SmartBike,,,,,
manerba-in-bici,Manerba in Bici,"{'latitude': 45.561179, 'longitude': 10.559406, 'city': 'Manerba del Garda', 'country': 'IT'}",/v2/networks/manerba-in-bici,['Comunicare S.r.l.'],,Bicincittà,https://www.bicincitta.com/frmLeStazioni.aspx?ID=102,,,,
mar-e-bici,Mar e Bici,"{'latitude': 42.805855, 'longitude': 10.196514, 'city': 'Marciana Marina', 'country': 'IT'}",/v2/networks/mar-e-bici,['Comunicare S.r.l.'],,Bicincittà,https://www.bicincitta.com/frmLeStazioni.aspx?ID=90,,,,
marseillan,Marseillan vélo libre-service,"{'latitude': 43.3572, 'longitude': 3.5283, 'city': 'Marseillan', 'country': 'FR'}",/v2/networks/marseillan,['Ecovelo'],https://api.gbfs.ecovelo.mobi/marseillan/gbfs.json,Ecovelo,,,,,
mbajk,MBajk,"{'latitude': 46.5547, 'longitude': 15.6459, 'city': 'Maribor', 'country': 'SI'}",/v2/networks/mbajk,['JCDecaux'],,Cyclocity,https://developer.jcdecaux.com,,"{'name': 'Open Licence', 'url': 'https://developer.jcdecaux.com/#/opendata/licence'}",,
mcallen,RGV BCycle,"{'latitude': 26.20438, 'longitude': -98.2261, 'city': 'McAllen, TX', 'country': 'US'}",/v2/networks/mcallen,"['BCycle, LLC']",https://gbfs.bcycle.com/bcycle_mcallen/gbfs.json,BCycle,,,,,
medina-careem-bike,Medina Careem BIKE,"{'latitude': 24.4682, 'longitude': 39.612, 'city': 'Medina', 'country': 'SA'}",/v2/networks/medina-careem-bike,['Careem'],https://dubai.publicbikesystem.net/customer/gbfs/v2/en/gbfs.json,,,,,,
meglio-in-bici,Meglio in Bici,"{'latitude': 45.520541, 'longitude': 9.341984, 'city': 'Cernusco sul Naviglio - Pioltello - Carugate', 'country': 'IT'}",/v2/networks/meglio-in-bici,['Comunicare S.r.l.'],,Bicincittà,https://www.bicincitta.com/frmLeStazioni.aspx?ID=121,,,,
mein-konrad-konstanz,Mein konrad,"{'latitude': 47.6732, 'longitude': 9.1663, 'city': 'Konstanz', 'country': 'DE'}",/v2/networks/mein-konrad-konstanz,['Nextbike GmbH'],,Nextbike,,,,,
meiob,meioB,"{'latitude': 39.6024, 'longitude': -8.4069, 'city': 'Médio Tejo', 'country': 'PT'}",/v2/networks/meiob,['CIM Médio Tejo'],,,,,,,
memphis,Explore Bike Share,"{'latitude': 35.1486, 'longitude': -90.045, 'city': 'Memphis, TN', 'country': 'US'}",/v2/networks/memphis,"['BCycle, LLC']",https://gbfs.bcycle.com/bcycle_memphis/gbfs.json,BCycle,,,,,
metro-bike-share,Metro Bike Share,"{'latitude': 34.04855, 'longitude': -118.25905, 'city': 'Los Angeles, CA', 'country': 'US'}",/v2/networks/metro-bike-share,"['Los Angeles County Metropolitan Transportation Authority (Metro)', 'Bicycle Transit Systems', 'BCycle, LLC']",https://gbfs.bcycle.com/bcycle_lametro/gbfs.json,BCycle,,,,,
metropolradruhr-bochum,metropolradruhr,"{'latitude': 51.4813, 'longitude': 7.2133, 'city': 'Bochum', 'country': 'DE'}",/v2/networks/metropolradruhr-bochum,['Nextbike GmbH'],,Nextbike,,,,,
metropolradruhr-bottrop,metropolradruhr,"{'latitude': 51.5263, 'longitude': 6.94611, 'city': 'Bottrop', 'country': 'DE'}",/v2/networks/metropolradruhr-bottrop,['Nextbike GmbH'],,Nextbike,,,,,
metropolradruhr-dortmund,metropolradruhr,"{'latitude': 51.5141, 'longitude': 7.46255, 'city': 'Dortmund', 'country': 'DE'}",/v2/networks/metropolradruhr-dortmund,['Nextbike GmbH'],,Nextbike,,,,,
metropolradruhr-duisburg,metropolradruhr,"{'latitude': 51.4487, 'longitude': 6.77513, 'city': 'Duisburg', 'country': 'DE'}",/v2/networks/metropolradruhr-duisburg,['Nextbike GmbH'],,Nextbike,,,,,
metropolradruhr-essen,metropolradruhr,"{'latitude': 51.4425, 'longitude': 7.02301, 'city': 'Essen', 'country': 'DE'}",/v2/networks/metropolradruhr-essen,['Nextbike GmbH'],,Nextbike,,,,,
metropolradruhr-gelsenkirchen,metropolradruhr,"{'latitude': 51.5404, 'longitude': 7.07039, 'city': 'Gelsenkirchen', 'country': 'DE'}",/v2/networks/metropolradruhr-gelsenkirchen,['Nextbike GmbH'],,Nextbike,,,,,
metropolradruhr-hamm,metropolradruhr,"{'latitude': 51.6775, 'longitude': 7.84836, 'city': 'Hamm', 'country': 'DE'}",/v2/networks/metropolradruhr-hamm,['Nextbike GmbH'],,Nextbike,,,,,
metropolradruhr-herne,metropolradruhr,"{'latitude': 51.5363, 'longitude': 7.21493, 'city': 'Herne', 'country': 'DE'}",/v2/networks/metropolradruhr-herne,['Nextbike GmbH'],,Nextbike,,,,,
metropolradruhr-mulheim-adr,metropolradruhr,"{'latitude': 51.4308, 'longitude': 6.87401, 'city': 'Mülheim a.d.R.', 'country': 'DE'}",/v2/networks/metropolradruhr-mulheim-adr,['Nextbike GmbH'],,Nextbike,,,,,
metropolradruhr-oberhausen,metropolradruhr,"{'latitude': 51.4936, 'longitude': 6.85169, 'city': 'Oberhausen', 'country': 'DE'}",/v2/networks/metropolradruhr-oberhausen,['Nextbike GmbH'],,Nextbike,,,,,
metrorower,Metrorower,"{'latitude': 50.2664, 'longitude': 19.0217, 'city': 'Górnośląsko-Zagłębiowska Metropolia', 'country': 'PL'}",/v2/networks/metrorower,"['Górnośląsko-Zagłębiowska Metropolia', 'Nextbike GZM']",https://gbfs.nextbike.net/maps/gbfs/v2/nextbike_zz/gbfs.json,,,,,,
mibici-guadalajara,MIBICI,"{'latitude': 20.6737883, 'longitude': -103.3704325, 'city': 'Guadalajara', 'country': 'MX'}",/v2/networks/mibici-guadalajara,"['BKT bici publica S.A. de C.V.', 'PBSC Urban Solutions']",https://guad.publicbikesystem.net/ube/gbfs/v1/,,,,,,
mibicitubici,Mi bici tu bici,"{'latitude': -32.95, 'longitude': -60.65, 'city': 'Rosario', 'country': 'AR'}",/v2/networks/mibicitubici,"['Mobilicidade Tecnologia LTD', 'Municipalidad de Rosario']",https://www.mibicitubici.gob.ar/opendata/gbfs.json,,,,,,
mibisivalencia,MIBISI,"{'latitude': 39.4745, 'longitude': -0.4189, 'city': 'Valencia, área metropolitana', 'country': 'ES'}",/v2/networks/mibisivalencia,['Movilidad Urbana Sostenible SLU'],,,,,,,"[{'tag': 'horta-sud-en-bici', 'meta': {'city': 'Aldaia, Alaquàs, Quart de Poblet, Xirivella', 'country': 'ES', 'name': 'Horta Sud en bici', 'latitude': 39.4696, 'longitude': -0.4605}}, {'tag': 'xufabike', 'meta': {'city': 'Alboraia', 'country': 'ES', 'name': 'XufaBike', 'latitude': 39.4988, 'longitude': -0.3511}}, {'tag': 'bicimeliana', 'meta': {'city': 'Meliana', 'country': 'ES', 'name': 'BiciMeliana', 'latitude': 39.5285, 'longitude': -0.348}}, {'tag': 'carraixet-bici', 'meta': {'city': 'Alfara del Patriarca, Foios, Bonrepòs i Mirambell, Vinales', 'country': 'ES', 'name': 'Carraixet Bici', 'latitude': 39.5384, 'longitude': -0.3715}}]"
mimuovofe,Mi Muovo in Bici,"{'latitude': 44.8350382, 'longitude': 11.6240562, 'city': 'Ferrara', 'country': 'IT'}",/v2/networks/mimuovofe,['Comunicare S.r.l.'],,Bicincittà,http://www.mimuovoinbici.it/frmLeStazioni.aspx?ID=142,,,,
mobibike-dresden,MOBIbike,"{'latitude': 51.0535, 'longitude': 13.7387, 'city': 'Dresden', 'country': 'DE'}",/v2/networks/mobibike-dresden,['Nextbike GmbH'],,Nextbike,,,,,
mobibikes,Mobi,"{'latitude': 49.2827, 'longitude': -123.1207, 'city': 'Vancouver', 'country': 'CA'}",/v2/networks/mobibikes,"['Vanncouver Bike Share Inc.', 'CycleHop LLC', 'City of Vancouver', 'Shaw Communications Inc.', 'Fifteen']",https://vancouver-gbfs.smoove.pro/gbfs/2/gbfs.json,,,,,,
mogo-detroit,MoGo,"{'latitude': 42.331548, 'longitude': -83.0465, 'city': 'Detroit, MI', 'country': 'US'}",/v2/networks/mogo-detroit,"['PBSC Urban Solutions', 'Shift Transit']",https://detroit.publicbikesystem.net/customer/gbfs/v2/gbfs.json,,,True,,,
monabike,MonaBike,"{'latitude': 43.733333, 'longitude': 7.416667, 'city': 'Monaco', 'country': 'MC'}",/v2/networks/monabike,['PBSC Urban Solutions'],https://monaco.publicbikesystem.net/customer/ube/gbfs/v1/,,,,,,
monopoli-bike,Monopoli BIKE,"{'latitude': 40.94519109440738, 'longitude': 17.311687995336918, 'city': 'Monopoli', 'country': 'IT'}",/v2/networks/monopoli-bike,['Comunicare S.r.l.'],,Bicincittà,https://www.bicincitta.com/frmLeStazioni.aspx?ID=191,,,,
movemix-bike,Movemix Bike,"{'latitude': 51.4938, 'longitude': 11.9628, 'city': 'Halle (Saale)', 'country': 'DE'}",/v2/networks/movemix-bike,['Nextbike GmbH'],,Nextbike,,,,,
mvg-meinrad-nextbike-mainz,meinRad MVG Mainz,"{'latitude': 45.9469, 'longitude': 13.6208, 'city': 'Mainz', 'country': 'DE'}",/v2/networks/mvg-meinrad-nextbike-mainz,['Mainzer Verkehrsgesellschaft mbH'],,Nextbike,,,,,
mvrad-anklam,MV-Rad,"{'latitude': 53.8614, 'longitude': 13.6907, 'city': 'Anklam', 'country': 'DE'}",/v2/networks/mvrad-anklam,['Nextbike GmbH'],,,,,,,
mvrad-hq,MV-Rad,"{'latitude': 53.6707, 'longitude': 12.4255, 'city': 'MV-Rad', 'country': 'DE'}",/v2/networks/mvrad-hq,['Nextbike GmbH'],,Nextbike,,,,,
nashville,Nashville BCycle,"{'latitude': 36.15768, 'longitude': -86.773, 'city': 'Nashville, TN', 'country': 'US'}",/v2/networks/nashville,"['BCycle, LLC']",https://gbfs.bcycle.com/bcycle_nashville/gbfs.json,BCycle,,,,,
nbici,nbici,"{'latitude': 42.8116631, 'longitude': -1.6482653, 'city': 'Pamplona', 'country': 'ES'}",/v2/networks/nbici,['Bicincitta Italia S.r.l.'],,Weelo,,,,,
neuchatelroule,Neuchâtelroule,"{'latitude': 46.9916, 'longitude': 6.9269, 'city': 'Neuchâtel', 'country': 'CH'}",/v2/networks/neuchatelroule,['Donkey Republic'],https://stables.donkey.bike/api/public/gbfs/2/donkey_neuchatel/gbfs.json,,,,,,
nextbike-10vorwien,Nextbike,"{'latitude': 48.3403, 'longitude': 16.279, 'city': '10vorWien', 'country': 'AT'}",/v2/networks/nextbike-10vorwien,['Nextbike GmbH'],,,,,,,
nextbike-auckland-waterfront,Nextbike,"{'latitude': -36.841, 'longitude': 174.763, 'city': 'Auckland Waterfront', 'country': 'NZ'}",/v2/networks/nextbike-auckland-waterfront,['Nextbike GmbH'],,,,,,,
nextbike-bergamo,nextbike Bergamo,"{'latitude': 45.6986, 'longitude': 9.67567, 'city': 'Bergamo', 'country': 'IT'}",/v2/networks/nextbike-bergamo,['Nextbike GmbH'],,Nextbike,,,,,
nextbike-berlin,Nextbike,"{'latitude': 52.5087, 'longitude': 13.3563, 'city': 'Berlin', 'country': 'DE'}",/v2/networks/nextbike-berlin,['Nextbike GmbH'],,Nextbike,,,,,
nextbike-berounsko,nextbike Berounsko,"{'latitude': 49.9616, 'longitude': 14.064, 'city': 'Berounsko', 'country': 'CZ'}",/v2/networks/nextbike-berounsko,['Nextbike GmbH'],,Nextbike,,,,,
nextbike-bielefeld,meinSiggi,"{'latitude': 52.0257, 'longitude': 8.53286, 'city': 'Bielefeld', 'country': 'DE'}",/v2/networks/nextbike-bielefeld,['Nextbike GmbH'],,Nextbike,,,,,
nextbike-bonn,Nextbike,"{'latitude': 50.7367, 'longitude': 7.09541, 'city': 'Bonn', 'country': 'DE'}",/v2/networks/nextbike-bonn,['Nextbike GmbH'],,Nextbike,,,,,
nextbike-brno,nextbike Brno,"{'latitude': 49.1911, 'longitude': 16.6148, 'city': 'Brno', 'country': 'CZ'}",/v2/networks/nextbike-brno,['Nextbike GmbH'],,Nextbike,,,,,
nextbike-brno-kurim,nextbike Brno,"{'latitude': 49.2994, 'longitude': 16.5368, 'city': 'Kuřim', 'country': 'CZ'}",/v2/networks/nextbike-brno-kurim,['Nextbike GmbH'],,Nextbike,,,,,
nextbike-cardiff,Nextbike,"{'latitude': 51.4848, 'longitude': -3.19062, 'city': 'Cardiff', 'country': 'GB'}",/v2/networks/nextbike-cardiff,['Nextbike GmbH'],,,,,,,
nextbike-christchurch,Nextbike,"{'latitude': -43.5341, 'longitude': 172.621, 'city': 'Christchurch', 'country': 'NZ'}",/v2/networks/nextbike-christchurch,['Nextbike GmbH'],,,,,,,
nextbike-dusseldorf,Nextbike,"{'latitude': 51.2243, 'longitude': 6.77204, 'city': 'Düsseldorf', 'country': 'DE'}",/v2/networks/nextbike-dusseldorf,['Nextbike GmbH'],,Nextbike,,,,,
nextbike-dvur-kralove,nextbike Dvůr Králové,"{'latitude': 50.4278, 'longitude': 15.8162, 'city': 'Dvůr Králové', 'country': 'CZ'}",/v2/networks/nextbike-dvur-kralove,['Nextbike GmbH'],,Nextbike,,,,,
nextbike-ennetmoos,Nextbike,"{'latitude': 46.9573, 'longitude': 8.3377, 'city': 'Ennetmoos', 'country': 'CH'}",/v2/networks/nextbike-ennetmoos,['Nextbike GmbH'],,Nextbike,,,,,
nextbike-erfurt,Nextbike,"{'latitude': 50.9785, 'longitude': 11.0334, 'city': 'Erfurt', 'country': 'DE'}",/v2/networks/nextbike-erfurt,['Nextbike GmbH'],,,,,,,
nextbike-focsani,nextbike Romania,"{'latitude': 45.6947, 'longitude': 27.1851, 'city': 'Focșani', 'country': 'RO'}",/v2/networks/nextbike-focsani,['Nextbike GmbH'],,Nextbike,,,,,
nextbike-frydek-mistek,nextbike Frýdek-Místek,"{'latitude': 49.6832, 'longitude': 18.3457, 'city': 'Frýdek-Místek', 'country': 'CZ'}",/v2/networks/nextbike-frydek-mistek,['Nextbike GmbH'],,Nextbike,,,,,
nextbike-giessen,Nextbike,"{'latitude': 50.5943, 'longitude': 8.68097, 'city': 'Gießen', 'country': 'DE'}",/v2/networks/nextbike-giessen,['Nextbike GmbH'],,Nextbike,,,,,
nextbike-glasgow,Nextbike,"{'latitude': 55.8589, 'longitude': -4.25549, 'city': 'Glasgow', 'country': 'GB'}",/v2/networks/nextbike-glasgow,['Nextbike GmbH'],,Nextbike,,,,,
nextbike-gross-enzersdorf,Nextbike,"{'latitude': 48.1986, 'longitude': 16.5496, 'city': 'Groß Enzersdorf', 'country': 'AT'}",/v2/networks/nextbike-gross-enzersdorf,['Nextbike GmbH'],,Nextbike,,,,,
nextbike-gutersloh,Nextbike,"{'latitude': 51.9049, 'longitude': 8.39275, 'city': 'Gütersloh', 'country': 'DE'}",/v2/networks/nextbike-gutersloh,['Nextbike GmbH'],,Nextbike,,,,,
nextbike-havirov,nextbike Havířov,"{'latitude': 49.7799, 'longitude': 18.4328, 'city': 'Havířov', 'country': 'CZ'}",/v2/networks/nextbike-havirov,['Nextbike GmbH'],,Nextbike,,,,,
nextbike-hergiswil,Nextbike,"{'latitude': 46.9905, 'longitude': 8.30829, 'city': 'Hergiswil', 'country': 'CH'}",/v2/networks/nextbike-hergiswil,['Nextbike GmbH'],,Nextbike,,,,,
nextbike-hodonin,nextbike Hodonín,"{'latitude': 48.8489, 'longitude': 17.1327, 'city': 'Hodonín', 'country': 'CZ'}",/v2/networks/nextbike-hodonin,['Nextbike GmbH'],,Nextbike,,,,,
nextbike-hollabrunn,Nextbike,"{'latitude': 48.562, 'longitude': 16.0785, 'city': 'Hollabrunn', 'country': 'AT'}",/v2/networks/nextbike-hollabrunn,['Nextbike GmbH'],,Nextbike,,,,,
nextbike-horw,Nextbike,"{'latitude': 47.0188, 'longitude': 8.30828, 'city': 'Horw', 'country': 'CH'}",/v2/networks/nextbike-horw,['Nextbike GmbH'],,Nextbike,,,,,
nextbike-hradec-kralove,nextbike Hradec Králové,"{'latitude': 50.2079, 'longitude': 15.8334, 'city': 'Hradec Králové', 'country': 'CZ'}",/v2/networks/nextbike-hradec-kralove,['Nextbike GmbH'],,Nextbike,,,,,
nextbike-ivano-frankivsk,Nextbike,"{'latitude': 48.9281, 'longitude': 24.7103, 'city': 'Ivano Frankivsk', 'country': 'UA'}",/v2/networks/nextbike-ivano-frankivsk,['Nextbike GmbH'],,Nextbike,,,,,
nextbike-jicin,nextbike Jičín,"{'latitude': 50.4367, 'longitude': 15.3743, 'city': 'Jičín', 'country': 'CZ'}",/v2/networks/nextbike-jicin,['Nextbike GmbH'],,Nextbike,,,,,
nextbike-jihlava,nextbike Jihlava,"{'latitude': 49.4078, 'longitude': 15.6061, 'city': 'Jihlava', 'country': 'CZ'}",/v2/networks/nextbike-jihlava,['Nextbike GmbH'],,Nextbike,,,,,
nextbike-kassel,Nextbike,"{'latitude': 51.3127, 'longitude': 9.47975, 'city': 'Kassel', 'country': 'DE'}",/v2/networks/nextbike-kassel,['Nextbike GmbH'],,Nextbike,,,,,
nextbike-kladno,nextbike Kladno,"{'latitude': 50.1435, 'longitude': 14.1082, 'city': 'Kladno', 'country': 'CZ'}",/v2/networks/nextbike-kladno,['Nextbike GmbH'],,Nextbike,,,,,
nextbike-klagenfurt,Nextbike,"{'latitude': 46.6335, 'longitude': 14.3085, 'city': 'Klagenfurt', 'country': 'AT'}",/v2/networks/nextbike-klagenfurt,['Nextbike GmbH'],,Nextbike,,,,,
nextbike-koprivnice,nextbike Kopřivnice,"{'latitude': 49.5934, 'longitude': 18.1422, 'city': 'Kopřivnice', 'country': 'CZ'}",/v2/networks/nextbike-koprivnice,['Nextbike GmbH'],,Nextbike,,,,,
nextbike-krnov,nextbike Krnov,"{'latitude': 50.0703, 'longitude': 17.8837, 'city': 'Krnov', 'country': 'CZ'}",/v2/networks/nextbike-krnov,['Nextbike GmbH'],,,,,,,
nextbike-leipzig,Nextbike,"{'latitude': 51.3415, 'longitude': 12.3625, 'city': 'Leipzig', 'country': 'DE'}",/v2/networks/nextbike-leipzig,['Nextbike GmbH'],,Nextbike,,,,,
nextbike-limassol,Nextbike,"{'latitude': 34.6823, 'longitude': 33.0464, 'city': 'Limassol', 'country': 'CY'}",/v2/networks/nextbike-limassol,['Nextbike GmbH'],,Nextbike,,,,,
nextbike-lippstadt,Nextbike,"{'latitude': 51.6755, 'longitude': 8.34394, 'city': 'Lippstadt', 'country': 'DE'}",/v2/networks/nextbike-lippstadt,['Nextbike GmbH'],,Nextbike,,,,,
nextbike-luzern,Nextbike,"{'latitude': 47.0472, 'longitude': 8.30446, 'city': 'Luzern', 'country': 'CH'}",/v2/networks/nextbike-luzern,['Nextbike GmbH'],,Nextbike,,,,,
nextbike-lviv,Nextbike,"{'latitude': 49.8402, 'longitude': 24.0182, 'city': 'Lviv', 'country': 'UA'}",/v2/networks/nextbike-lviv,['Nextbike GmbH'],,Nextbike,,,,,
nextbike-marburg,Nextbike,"{'latitude': 50.8019, 'longitude': 8.76444, 'city': 'Marburg', 'country': 'DE'}",/v2/networks/nextbike-marburg,['Nextbike GmbH'],,Nextbike,,,,,
nextbike-mladoboleslavsko-mlada-boleslav,nextbike Mladoboleslavsko,"{'latitude': 50.4278, 'longitude': 14.8999, 'city': 'Mladá Boleslav', 'country': 'CZ'}",/v2/networks/nextbike-mladoboleslavsko-mlada-boleslav,['Nextbike GmbH'],,Nextbike,,,,,
nextbike-mladoboleslavsko-mnichovo-hradiste,nextbike Mladoboleslavsko,"{'latitude': 50.5218, 'longitude': 14.9741, 'city': 'Mnichovo Hradiště', 'country': 'CZ'}",/v2/networks/nextbike-mladoboleslavsko-mnichovo-hradiste,['Nextbike GmbH'],,Nextbike,,,,,
nextbike-modling,Nextbike,"{'latitude': 48.1047, 'longitude': 16.3202, 'city': 'Mödling', 'country': 'AT'}",/v2/networks/nextbike-modling,['Nextbike GmbH'],,Nextbike,,,,,
nextbike-most,nextbike Most,"{'latitude': 50.5014, 'longitude': 13.6361, 'city': 'Most', 'country': 'CZ'}",/v2/networks/nextbike-most,['Nextbike GmbH'],,Nextbike,,,,,
nextbike-nicosia,Nextbike,"{'latitude': 35.1728, 'longitude': 33.3653, 'city': 'Nicosia', 'country': 'CY'}",/v2/networks/nextbike-nicosia,['Nextbike GmbH'],,Nextbike,,,,,
nextbike-norderstedt,Nextbike,"{'latitude': 53.6969, 'longitude': 10.002, 'city': 'Norderstedt', 'country': 'DE'}",/v2/networks/nextbike-norderstedt,['Nextbike GmbH'],,Nextbike,,,,,
nextbike-novy-jicin,nextbike Nový Jičín,"{'latitude': 49.5976, 'longitude': 18.008, 'city': 'Nový Jičín', 'country': 'CZ'}",/v2/networks/nextbike-novy-jicin,['Nextbike GmbH'],,,,,,,
nextbike-oberdorf,Nextbike,"{'latitude': 46.9563, 'longitude': 8.3884, 'city': 'Oberdorf', 'country': 'CH'}",/v2/networks/nextbike-oberdorf,['Nextbike GmbH'],,Nextbike,,,,,
nextbike-olbramovicevotice,nextbike OlbramoviceVotice,"{'latitude': 49.6525, 'longitude': 14.6355, 'city': 'Olbramovice/Votice', 'country': 'CZ'}",/v2/networks/nextbike-olbramovicevotice,['Nextbike GmbH'],,Nextbike,,,,,
nextbike-oldenburg,OLi-Bike,"{'latitude': 53.1448, 'longitude': 8.22485, 'city': 'Oldenburg', 'country': 'DE'}",/v2/networks/nextbike-oldenburg,['Bremer Tageszeitungen AG'],,Nextbike,,,,,
nextbike-olomouc,nextbike Olomouc,"{'latitude': 49.5929, 'longitude': 17.2459, 'city': 'Olomouc', 'country': 'CZ'}",/v2/networks/nextbike-olomouc,['Nextbike GmbH'],,Nextbike,,,,,
nextbike-opava,nextbike Opava,"{'latitude': 49.9289, 'longitude': 18.2634, 'city': 'Opava', 'country': 'CZ'}",/v2/networks/nextbike-opava,['Nextbike GmbH'],,Nextbike,,,,,
nextbike-ortenaukreis,Nextbike Ortenaukreis,"{'latitude': 48.4721, 'longitude': 7.94243, 'city': 'Ortenaukreis', 'country': 'DE'}",/v2/networks/nextbike-ortenaukreis,['nextbike GmbH'],https://gbfs.nextbike.net/maps/gbfs/v2/nextbike_eh/gbfs.json,,,,,,
nextbike-ostrava,nextbike Ostrava,"{'latitude': 49.8344, 'longitude': 18.2823, 'city': 'Ostrava', 'country': 'CZ'}",/v2/networks/nextbike-ostrava,['Nextbike GmbH'],,Nextbike,,,,,
nextbike-ostrava-hlucin,nextbike Ostrava,"{'latitude': 49.898, 'longitude': 18.1923, 'city': 'Hlučín', 'country': 'CZ'}",/v2/networks/nextbike-ostrava-hlucin,['Nextbike GmbH'],,Nextbike,,,,,
nextbike-ostrava-vresina,nextbike Ostrava,"{'latitude': 49.825, 'longitude': 18.1206, 'city': 'Vřesina', 'country': 'CZ'}",/v2/networks/nextbike-ostrava-vresina,['Nextbike GmbH'],,,,,,,
nextbike-pardubice,nextbike Pardubice,"{'latitude': 50.0343, 'longitude': 15.7812, 'city': 'Pardubice', 'country': 'CZ'}",/v2/networks/nextbike-pardubice,['Nextbike GmbH'],,,,,,,
nextbike-pisek,nextbike Písek,"{'latitude': 49.3051, 'longitude': 14.1463, 'city': 'Písek', 'country': 'CZ'}",/v2/networks/nextbike-pisek,['Nextbike GmbH'],,Nextbike,,,,,
nextbike-potsdam,Nextbike,"{'latitude': 52.3997, 'longitude': 13.0676, 'city': 'Potsdam', 'country': 'DE'}",/v2/networks/nextbike-potsdam,['Nextbike GmbH'],,Nextbike,,,,,
nextbike-praha,nextbike Praha,"{'latitude': 50.0592, 'longitude': 14.5761, 'city': 'Praha', 'country': 'CZ'}",/v2/networks/nextbike-praha,['Nextbike GmbH'],,Nextbike,,,,,
nextbike-praha-ricany,nextbike Praha,"{'latitude': 49.9976, 'longitude': 14.6685, 'city': 'Říčany', 'country': 'CZ'}",/v2/networks/nextbike-praha-ricany,['Nextbike GmbH'],,Nextbike,,,,,
nextbike-prerov,nextbike Prerov,"{'latitude': 49.4574, 'longitude': 17.4408, 'city': 'Prerov', 'country': 'CZ'}",/v2/networks/nextbike-prerov,['Nextbike GmbH'],,Nextbike,,,,,
nextbike-prostejov,nextbike Prostejov,"{'latitude': 49.4722, 'longitude': 17.1055, 'city': 'Prostejov', 'country': 'CZ'}",/v2/networks/nextbike-prostejov,['Nextbike GmbH'],,,,,,,
nextbike-russelsheim-am-main,Nextbike,"{'latitude': 49.9881, 'longitude': 8.42142, 'city': 'Rüsselsheim am Main', 'country': 'DE'}",/v2/networks/nextbike-russelsheim-am-main,['Nextbike GmbH'],,Nextbike,,,,,
nextbike-rychnovsko,nextbike Rychnovsko,"{'latitude': 50.1668, 'longitude': 16.2828, 'city': 'Rychnovsko', 'country': 'CZ'}",/v2/networks/nextbike-rychnovsko,['Nextbike GmbH'],,Nextbike,,,,,
nextbike-sarajevo,Nextbike,"{'latitude': 43.85, 'longitude': 18.39, 'city': 'Sarajevo', 'country': 'BA'}",/v2/networks/nextbike-sarajevo,['Nextbike GmbH'],,Nextbike,,,,,
nextbike-sarnen,Nextbike,"{'latitude': 46.8963, 'longitude': 8.24614, 'city': 'Sarnen', 'country': 'CH'}",/v2/networks/nextbike-sarnen,['Nextbike GmbH'],,Nextbike,,,,,
nextbike-serfaus,Nextbike,"{'latitude': 47.0387, 'longitude': 10.6048, 'city': 'Serfaus', 'country': 'AT'}",/v2/networks/nextbike-serfaus,['Nextbike GmbH'],,,,,,,
nextbike-stans,Nextbike,"{'latitude': 46.9593, 'longitude': 8.36836, 'city': 'Stans', 'country': 'CH'}",/v2/networks/nextbike-stans,['Nextbike GmbH'],,Nextbike,,,,,
nextbike-stansstad,Nextbike,"{'latitude': 46.9801, 'longitude': 8.34098, 'city': 'Stansstad', 'country': 'CH'}",/v2/networks/nextbike-stansstad,['Nextbike GmbH'],,Nextbike,,,,,
nextbike-stirling,Nextbike,"{'latitude': 56.1165, 'longitude': -3.9369, 'city': 'Stirling', 'country': 'GB'}",/v2/networks/nextbike-stirling,['Nextbike GmbH'],,Nextbike,,,,,
nextbike-stpolten,Nextbike,"{'latitude': 48.2058, 'longitude': 15.6232, 'city': 'St.Pölten', 'country': 'AT'}",/v2/networks/nextbike-stpolten,['Nextbike GmbH'],,Nextbike,,,,,
nextbike-sursee,Nextbike,"{'latitude': 47.1713, 'longitude': 8.10877, 'city': 'Sursee', 'country': 'CH'}",/v2/networks/nextbike-sursee,['Nextbike GmbH'],,Nextbike,,,,,
nextbike-thermenregion,Nextbike,"{'latitude': 47.9892, 'longitude': 16.2646, 'city': 'Thermenregion', 'country': 'AT'}",/v2/networks/nextbike-thermenregion,['Nextbike GmbH'],,,,,,,
nextbike-trutnov,nextbike Trutnov,"{'latitude': 50.5616, 'longitude': 15.9126, 'city': 'Trutnov', 'country': 'CZ'}",/v2/networks/nextbike-trutnov,['Nextbike GmbH'],,Nextbike,,,,,
nextbike-tulln,Nextbike,"{'latitude': 48.3269, 'longitude': 16.0569, 'city': 'Tulln', 'country': 'AT'}",/v2/networks/nextbike-tulln,['Nextbike GmbH'],,Nextbike,,,,,
nextbike-tuzla,Nextbike,"{'latitude': 44.5392, 'longitude': 18.675, 'city': 'Tuzla', 'country': 'BA'}",/v2/networks/nextbike-tuzla,['Nextbike GmbH'],,Nextbike,,,,,
nextbike-uherske-hradiste,nextbike Uherské Hradiště,"{'latitude': 49.0678, 'longitude': 17.4665, 'city': 'Uherské Hradiště', 'country': 'CZ'}",/v2/networks/nextbike-uherske-hradiste,['Nextbike GmbH'],,Nextbike,,,,,
nextbike-university-of-surrey,Nextbike,"{'latitude': 51.2422, 'longitude': -0.590594, 'city': 'Surrey', 'country': 'GB'}",/v2/networks/nextbike-university-of-surrey,['Nextbike GmbH'],,,,,,,
nextbike-urdaibai,BBK Klimabizi,"{'latitude': 43.395, 'longitude': -2.68815, 'city': 'Urdaibai', 'country': 'ES'}",/v2/networks/nextbike-urdaibai,['Nextbike GmbH'],,Nextbike,,,,,
nextbike-vinnytsia,Nextbike,"{'latitude': 49.2328, 'longitude': 28.4625, 'city': 'Vinnytsia', 'country': 'UA'}",/v2/networks/nextbike-vinnytsia,['Nextbike GmbH'],,Nextbike,,,,,
nextbike-vrchlabi,nextbike Vrchlabí,"{'latitude': 50.6222, 'longitude': 15.6126, 'city': 'Vrchlabí', 'country': 'CZ'}",/v2/networks/nextbike-vrchlabi,['Nextbike GmbH'],,Nextbike,,,,,
nextbike-wachau,Nextbike,"{'latitude': 48.3188, 'longitude': 15.4166, 'city': 'Wachau', 'country': 'AT'}",/v2/networks/nextbike-wachau,['Nextbike GmbH'],,,,,,,
nextbike-wienerwald,Nextbike,"{'latitude': 48.1926, 'longitude': 16.141, 'city': 'WienerWald', 'country': 'AT'}",/v2/networks/nextbike-wienerwald,['Nextbike GmbH'],,,,,,,
nextbike-wiesbaden,Nextbike,"{'latitude': 50.0709, 'longitude': 8.24322, 'city': 'Wiesbaden', 'country': 'DE'}",/v2/networks/nextbike-wiesbaden,['Nextbike GmbH'],,Nextbike,,,,,
nextbike-wolfenschiessen,Nextbike,"{'latitude': 46.9079, 'longitude': 8.39767, 'city': 'Wolfenschiessen', 'country': 'CH'}",/v2/networks/nextbike-wolfenschiessen,['Nextbike GmbH'],,Nextbike,,,,,
nextbike-wrneustadt,Nextbike,"{'latitude': 47.8167, 'longitude': 16.2426, 'city': 'Wr.Neustadt', 'country': 'AT'}",/v2/networks/nextbike-wrneustadt,['Nextbike GmbH'],,Nextbike,,,,,
nextbike-wurzburg,Nextbike,"{'latitude': 49.8, 'longitude': 9.93333, 'city': 'Würzburg', 'country': 'DE'}",/v2/networks/nextbike-wurzburg,['Nextbike GmbH'],,,,,,,
nextbike-zagreb,Nextbike,"{'latitude': 45.7984, 'longitude': 15.9789, 'city': 'Zagreb', 'country': 'HR'}",/v2/networks/nextbike-zagreb,['Nextbike GmbH'],,Nextbike,,,,,
nextbike-zlin,nextbike Zlín,"{'latitude': 49.238, 'longitude': 17.6788, 'city': 'Zlín', 'country': 'CZ'}",/v2/networks/nextbike-zlin,['Nextbike GmbH'],,Nextbike,,,,,
nibelungen-bike-braunschweig,Nibelungen-Bike,"{'latitude': 52.2597, 'longitude': 10.5307, 'city': 'Braunschweig', 'country': 'DE'}",/v2/networks/nibelungen-bike-braunschweig,['Nextbike GmbH'],,Nextbike,,,,,
nomago-gorica,Nomago Bikes - GO2GO,"{'latitude': 45.9576, 'longitude': 13.6406, 'city': 'Nova Gorica', 'country': 'SI'}",/v2/networks/nomago-gorica,['Nextbike GmbH'],,Nextbike,,,,,
nomago-gorizia,GO2GO - Gorizia,"{'latitude': 45.9469, 'longitude': 13.6208, 'city': 'Gorizia', 'country': 'IT'}",/v2/networks/nomago-gorizia,['Nextbike GmbH'],,Nextbike,,,,,
nomago-ljubljana,Nomago Bikes - LJUBLJANA,"{'latitude': 46.0577, 'longitude': 14.5013, 'city': 'Ljubljana', 'country': 'SI'}",/v2/networks/nomago-ljubljana,['Nextbike GmbH'],,Nextbike,,,,,
nomago-portoroz,Nomago Bikes - PORTOROZ,"{'latitude': 45.5054, 'longitude': 13.5979, 'city': 'Portorož', 'country': 'SI'}",/v2/networks/nomago-portoroz,['Nextbike GmbH'],,,,,,,
nomago-zanaprej,Nomago Bikes - ZANAPREJ,"{'latitude': 46.1392, 'longitude': 14.9785, 'city': 'Zagorje ob Savi', 'country': 'SI'}",/v2/networks/nomago-zanaprej,['Nextbike GmbH'],,Nextbike,,,,,
nomagobikes-celje,NomagoBikes,"{'latitude': 46.2388, 'longitude': 15.2693, 'city': 'Celje', 'country': 'SI'}",/v2/networks/nomagobikes-celje,['Nextbike GmbH'],,Nextbike,,,,,
nomagobikes-lasko,NomagoBikes,"{'latitude': 46.1458, 'longitude': 15.2312, 'city': 'Laško', 'country': 'SI'}",/v2/networks/nomagobikes-lasko,['Nextbike GmbH'],,Nextbike,,,,,
notoinbici,NotoinBici,"{'latitude': 36.889437754839854, 'longitude': 15.074658393859863, 'city': 'Noto', 'country': 'IT'}",/v2/networks/notoinbici,['Comunicare S.r.l.'],,Bicincittà,https://www.bicincitta.com/frmLeStazioni.aspx?ID=162,,,,
novara,Novara,"{'latitude': 45.44574, 'longitude': 8.622165, 'city': 'Novara', 'country': 'IT'}",/v2/networks/novara,['Comunicare S.r.l.'],,Bicincittà,https://www.bicincitta.com/frmLeStazioni.aspx?ID=131,,,,
nubija-changwon,누비자 (Nubija),"{'latitude': 35.22369091380072, 'longitude': 128.67059887227657, 'city': '창원시 (Changwon)', 'country': 'KR'}",/v2/networks/nubija-changwon,['Changwon City'],,,,,,,
oeynrad-bad-oeynhausen,Oeynrad,"{'latitude': 52.2051, 'longitude': 8.80074, 'city': 'Bad Oeynhausen', 'country': 'DE'}",/v2/networks/oeynrad-bad-oeynhausen,['Nextbike GmbH'],,,,,,,
olbia-bike,Olbia Bike,"{'latitude': 40.9240543, 'longitude': 9.4994397, 'city': 'Olbia', 'country': 'IT'}",/v2/networks/olbia-bike,['Comunicare S.r.l.'],,Bicincittà,https://www.bicincitta.com/frmLeStazioni.aspx?ID=194,,,,
oleski-rower-miejski-olesno,Oleski Rower Miejski Poland,"{'latitude': 50.8773, 'longitude': 18.4212, 'city': 'Olesno', 'country': 'PL'}",/v2/networks/oleski-rower-miejski-olesno,['Nextbike GmbH'],,,,,,,
omaha,Heartland BCycle,"{'latitude': 41.25832, 'longitude': -96.00853, 'city': 'Omaha, NE', 'country': 'US'}",/v2/networks/omaha,"['BCycle, LLC']",https://gbfs.bcycle.com/bcycle_heartland/gbfs.json,BCycle,,,,,
ontibici,Ontibici,"{'latitude': 38.8211, 'longitude': -0.609, 'city': 'Ontinyent', 'country': 'ES'}",/v2/networks/ontibici,['Movilidad Urbana Sostenible S.L.'],,Nextbike,,,,,
opcina-brinje-brinje,Općina Brinje,"{'latitude': 44.9977, 'longitude': 15.1258, 'city': 'Brinje', 'country': 'HR'}",/v2/networks/opcina-brinje-brinje,['Nextbike GmbH'],,Nextbike,,,,,
opcina-pitomaca,Općina Pitomača (Croatia),"{'latitude': 45.9077, 'longitude': 17.2622, 'city': 'Pitomača', 'country': 'HR'}",/v2/networks/opcina-pitomaca,['Nextbike GmbH'],,,,,,,
optymo,Optymo,"{'latitude': 47.641111, 'longitude': 6.849444, 'city': 'Belfort', 'country': 'FR'}",/v2/networks/optymo,['SMTC 90'],https://belfort-fr.fifteen.site/gbfs/gbfs.json,,,,,,
oslo-bysykkel,Bysykkel,"{'latitude': 59.913869, 'longitude': 10.752245, 'city': 'Oslo', 'country': 'NO'}",/v2/networks/oslo-bysykkel,['Urban Sharing AS'],https://gbfs.urbansharing.com/oslobysykkel.no/gbfs.json,,,,,,
ossola,Comunità Montana Valli dell'Ossola,"{'latitude': 46.127196, 'longitude': 8.499169, 'city': 'Santa Maria Maggiore - Malesco - Villette', 'country': 'IT'}",/v2/networks/ossola,['Comunicare S.r.l.'],,Bicincittà,https://www.bicincitta.com/frmLeStazioni.aspx?ID=152,,,,
ov-fiets,OV-fiets,"{'latitude': 52.1449, 'longitude': 5.5603, 'city': 'Nederland', 'country': 'NL'}",/v2/networks/ov-fiets,['NS Groep NV'],,,https://apiportal.ns.nl/,,,,
parkinbici,Parkinbici,"{'latitude': 41.7817081, 'longitude': 15.8516421, 'city': 'Parco Nazionale del Gargano', 'country': 'IT'}",/v2/networks/parkinbici,['Comunicare S.r.l.'],,Bicincittà,https://www.bicincitta.com/frmLeStazioni.aspx?ID=105,,,,
parma,Mi Muovo in Bici,"{'latitude': 44.801485, 'longitude': 10.3279036, 'city': 'Parma', 'country': 'IT'}",/v2/networks/parma,['Comunicare S.r.l.'],,Bicincittà,http://www.mimuovoinbici.it/frmLeStazioni.aspx?ID=58,,,,
passofundo,Passo Fundo Vai de Bici,"{'latitude': -28.2555, 'longitude': -52.3981, 'city': 'Passo Fundo', 'country': 'BR'}",/v2/networks/passofundo,['Mobhis Automação Urbana'],,Mobhis,,,,,
pavia-in-bici,Pavia in bici,"{'latitude': 45.1847248, 'longitude': 9.1582069, 'city': 'Pavia', 'country': 'IT'}",/v2/networks/pavia-in-bici,['Comunicare S.r.l.'],,Bicincittà,https://www.bicincitta.com/frmLeStazioni.aspx?ID=45,,,,
peacehealth-rides,PeaceHealth Rides,"{'latitude': 44.0502, 'longitude': -123.0949, 'city': 'Eugene, OR', 'country': 'US'}",/v2/networks/peacehealth-rides,['Social Bicycles Inc.'],https://peacehealthrides.com/opendata/gbfs.json,,,,,,
perivelo,Périvélo,"{'latitude': 45.1929, 'longitude': 0.7217, 'city': 'Grand Périgueux', 'country': 'FR'}",/v2/networks/perivelo,['Ecovelo'],https://api.gbfs.ecovelo.mobi/perivelo/gbfs.json,Ecovelo,,True,,,
petites-reines,Les Petites Reines,"{'latitude': 46.4971, 'longitude': -1.7805, 'city': ""Les Sables d'Olonne"", 'country': 'FR'}",/v2/networks/petites-reines,['Ecovelo'],https://api.gbfs.ecovelo.mobi/petitesreines/gbfs.json,Ecovelo,,True,,,
piacenza,Mi Muovo in Bici,"{'latitude': 45.0473754, 'longitude': 9.6865813, 'city': 'Piacenza', 'country': 'IT'}",/v2/networks/piacenza,['Comunicare S.r.l.'],,Bicincittà,http://www.mimuovoinbici.it/frmLeStazioni.aspx?ID=148,,,,
pickebike-aubonne,PickeBike Aubonne,"{'latitude': 46.4949, 'longitude': 6.3963, 'city': 'Aubonne', 'country': 'CH'}",/v2/networks/pickebike-aubonne,['PickeBike'],https://gbfs.prod.sharedmobility.ch/v2/gbfs/pickebike_aubonne/gbfs,,https://github.com/SFOE/sharedmobility/blob/main/Access%20the%20data.md,,"{'name': 'Open Use', 'url': 'https://opendata.swiss/en/dataset/standorte-und-verfugbarkeit-von-shared-mobility-angeboten'}",,
pickebike-basel,PickeBike Basel,"{'latitude': 47.5579, 'longitude': 7.5902, 'city': 'Basel', 'country': 'CH'}",/v2/networks/pickebike-basel,['PickeBike'],https://gbfs.prod.sharedmobility.ch/v2/gbfs/pickebike_basel/gbfs,,https://github.com/SFOE/sharedmobility/blob/main/Access%20the%20data.md,,"{'name': 'Open Use', 'url': 'https://opendata.swiss/en/dataset/standorte-und-verfugbarkeit-von-shared-mobility-angeboten'}",,
pickebike-fribourg,PickeBike Fribourg,"{'latitude': 46.8039, 'longitude': 7.1505, 'city': 'Fribourg', 'country': 'CH'}",/v2/networks/pickebike-fribourg,['PickeBike'],https://gbfs.prod.sharedmobility.ch/v2/gbfs/pickebike_fribourg/gbfs,,https://github.com/SFOE/sharedmobility/blob/main/Access%20the%20data.md,,"{'name': 'Open Use', 'url': 'https://opendata.swiss/en/dataset/standorte-und-verfugbarkeit-von-shared-mobility-angeboten'}",,
pinerolo,Pinerolo,"{'latitude': 44.8850256, 'longitude': 7.3499953, 'city': 'Pinerolo', 'country': 'IT'}",/v2/networks/pinerolo,['Comunicare S.r.l.'],,Bicincittà,https://www.bicincitta.com/frmLeStazioni.aspx?ID=71,,,,
piotrkowski-rower-miejski-piotrkow-trybunalski,Piotrkowski Rower Miejski Poland,"{'latitude': 51.3975, 'longitude': 19.6779, 'city': 'Piotrków Trybunalski', 'country': 'PL'}",/v2/networks/piotrkowski-rower-miejski-piotrkow-trybunalski,['Nextbike GmbH'],,Nextbike,,,,,
pittsburgh,Pogoh,"{'latitude': 40.4406, 'longitude': -79.9893, 'city': 'Pittsburgh, PA', 'country': 'US'}",/v2/networks/pittsburgh,"['Bike Share Pittsburgh Inc.', 'PBSC Urban Solutions']",https://pittsburgh.publicbikesystem.net/customer/gbfs/v2/gbfs.json,,,,,,
pobiedziski-rower-gminny-pobiedziska,Pobiedziski Rower Gminny Poland,"{'latitude': 52.4765, 'longitude': 17.2866, 'city': 'Pobiedziska', 'country': 'PL'}",/v2/networks/pobiedziski-rower-gminny-pobiedziska,['Nextbike GmbH'],,Nextbike,,,,,
pombike,Pombike,"{'latitude': 39.915278, 'longitude': -8.632222, 'city': 'Pombal', 'country': 'PT'}",/v2/networks/pombike,"['SOLTRÁFEGO, SA']",,Soltrafego,,,,,
pony-nice,Pony,"{'latitude': 43.695949, 'longitude': 7.271413, 'city': 'Nice', 'country': 'FR'}",/v2/networks/pony-nice,['Pony'],https://gbfs.getapony.com/v1/Nice/en/gbfs.json,,,,,,
pordenone,Pordenone,"{'latitude': 45.94790101663391, 'longitude': 12.674491020251475, 'city': 'Pordenone', 'country': 'IT'}",/v2/networks/pordenone,['Comunicare S.r.l.'],,Bicincittà,https://www.bicincitta.com/frmLeStazioni.aspx?ID=164,,,,
portofino-park-and-bike,Portofino Park and Bike,"{'latitude': 44.335084, 'longitude': 9.211264, 'city': 'Santa Margherita Ligure - Portofino - Camogli', 'country': 'IT'}",/v2/networks/portofino-park-and-bike,['Comunicare S.r.l.'],,Bicincittà,https://www.bicincitta.com/frmLeStazioni.aspx?ID=128,,,,
prata-camportaccio,Prata Camportaccio,"{'latitude': 46.3042146, 'longitude': 9.3964914, 'city': 'Prata Camportaccio', 'country': 'IT'}",/v2/networks/prata-camportaccio,['Comunicare S.r.l.'],,Bicincittà,https://www.bicincitta.com/frmLeStazioni.aspx?ID=108,,,,
publibike-bern,PubliBike Bern,"{'latitude': 46.94841, 'longitude': 7.43767, 'city': 'Bern', 'country': 'CH'}",/v2/networks/publibike-bern,['PubliBike AG'],,PubliBike,https://api.publibike.ch/v1/static/api.html,,,,
publibike-fribourg,PubliBike Fribourg,"{'latitude': 46.805708, 'longitude': 7.160339, 'city': 'Fribourg', 'country': 'CH'}",/v2/networks/publibike-fribourg,['PubliBike AG'],,PubliBike,https://api.publibike.ch/v1/static/api.html,,,,
publibike-lausanne-morges,PubliBike Lausanne-Morges,"{'latitude': 46.516649, 'longitude': 6.62948, 'city': 'Lausanne', 'country': 'CH'}",/v2/networks/publibike-lausanne-morges,['PubliBike AG'],,PubliBike,https://api.publibike.ch/v1/static/api.html,,,,
publibike-region-de-nyon,PubliBike Région de Nyon,"{'latitude': 46.381706, 'longitude': 6.240311, 'city': 'Nyon', 'country': 'CH'}",/v2/networks/publibike-region-de-nyon,['PubliBike AG'],,PubliBike,https://api.publibike.ch/v1/static/api.html,,,,
publibike-sottoceneri-ti,PubliBike Sottoceneri (TI),"{'latitude': 46.00491, 'longitude': 8.95244, 'city': 'Lugano', 'country': 'CH'}",/v2/networks/publibike-sottoceneri-ti,['PubliBike AG'],,PubliBike,https://api.publibike.ch/v1/static/api.html,,,,
publibike-zuerich,PubliBike Zürich,"{'latitude': 47.38728, 'longitude': 8.53767, 'city': 'Zürich', 'country': 'CH'}",/v2/networks/publibike-zuerich,['PubliBike AG'],,PubliBike,https://api.publibike.ch/v1/static/api.html,,,,
punpunbikeshare,Pun Pun Bike Share,"{'latitude': 13.75, 'longitude': 100.516667, 'city': 'Bangkok', 'country': 'TH'}",/v2/networks/punpunbikeshare,['BTS Group Holdings'],,,,,,,
qrobici,Qrobici,"{'latitude': 20.5939, 'longitude': -100.3958, 'city': 'Santiago de Querétaro', 'country': 'MX'}",/v2/networks/qrobici,"['Municipio de Querétaro', 'EMU (Estrategias de movilidad Urbana)']",,,,,,,
ready4green-graben,Graben - ready4green,"{'latitude': 51.1242, 'longitude': 10.8984, 'city': 'Graben', 'country': 'DE'}",/v2/networks/ready4green-graben,['Nextbike GmbH'],,Nextbike,,,,,
redding,Redding BCycle,"{'latitude': 40.5875, 'longitude': -122.386, 'city': 'Redding, CA', 'country': 'US'}",/v2/networks/redding,"['BCycle, LLC']",https://gbfs.bcycle.com/bcycle_redding/gbfs.json,BCycle,,,,,
reddy-bike-share,Reddy Bike Share,"{'latitude': 42.89373841865211, 'longitude': -78.8718044757843, 'city': 'Buffalo, NY', 'country': 'US'}",/v2/networks/reddy-bike-share,"['Shared Mobility Inc.', 'Social Bicycles Inc.']",https://reddybikeshare.socialbicycles.com/opendata/gbfs.json,,,,,,
reggio-emilia,Mi Muovo in Bici,"{'latitude': 44.6989932, 'longitude': 10.6296859, 'city': 'Reggio Emilia', 'country': 'IT'}",/v2/networks/reggio-emilia,['Comunicare S.r.l.'],,Bicincittà,http://www.mimuovoinbici.it/frmLeStazioni.aspx?ID=155,,,,
regivelo-kreuzlingen,Regivelo,"{'latitude': 47.646, 'longitude': 9.1716, 'city': 'Kreuzlingen', 'country': 'CH'}",/v2/networks/regivelo-kreuzlingen,"['Regivelo', 'Donkey Republic']",https://stables.donkey.bike/api/public/gbfs/2/donkey_kreuzlingen/gbfs.json,,,,,,
relay-atlanta,HOPR,"{'latitude': 33.7627941119619, 'longitude': -84.38727110624313, 'city': 'Atlanta, GA', 'country': 'US'}",/v2/networks/relay-atlanta,['CycleHop LLC'],https://gbfs.hopr.city/api/gbfs/20/,,,,,,
revgmobic,mobic,"{'latitude': 50.8493, 'longitude': 6.6687, 'city': 'REVG', 'country': 'DE'}",/v2/networks/revgmobic,['Rhein-Erft-Verkehrsgesellschaft mbH'],,Nextbike,,,,,
rietinbici,Rietinbici,"{'latitude': 42.40262397383167, 'longitude': 12.86099910736084, 'city': 'Rieti', 'country': 'IT'}",/v2/networks/rietinbici,['Comunicare S.r.l.'],,Bicincittà,https://www.bicincitta.com/frmLeStazioni.aspx?ID=158,,,,
rimini,Mi Muovo in Bici,"{'latitude': 44.0570817, 'longitude': 12.5646003, 'city': 'Rimini', 'country': 'IT'}",/v2/networks/rimini,['Comunicare S.r.l.'],,Bicincittà,http://www.mimuovoinbici.it/frmLeStazioni.aspx?ID=149,,,,
rivibike,Rivibike,"{'latitude': -23.7998, 'longitude': -46.0223, 'city': 'Riviera de São Lourenço', 'country': 'BR'}",/v2/networks/rivibike,"['Sobloco Construtora S/A', 'Associação dos Amigos da Riviera', 'Tembici']",https://riviera.publicbikesystem.net/customer/gbfs/v2/gbfs.json,,,,,,
rmbikes,RMBikes,"{'latitude': 39.3374, 'longitude': -8.9374, 'city': 'Rio Maior', 'country': 'PT'}",/v2/networks/rmbikes,"['Município de Rio Maior', 'Wegoshare, Lda']",,,,True,,,
rower-powiatowy-sokolow-podlaski,Rower Powiatowy Sokołów Podlaski,"{'latitude': 52.4082, 'longitude': 22.2525, 'city': 'Sokołów Podlaski', 'country': 'PL'}",/v2/networks/rower-powiatowy-sokolow-podlaski,['Nextbike GmbH'],,Nextbike,,,,,
rowerowe-lodzkie-rl-koluszki,Rowerowe Łódzkie,"{'latitude': 51.7401, 'longitude': 19.835, 'city': 'Koluszki', 'country': 'PL'}",/v2/networks/rowerowe-lodzkie-rl-koluszki,['Nextbike GmbH'],,Nextbike,,,,,
rowerowe-lodzkie-rl-kutno,Rowerowe Łódzkie,"{'latitude': 52.2317, 'longitude': 19.3564, 'city': 'Kutno', 'country': 'PL'}",/v2/networks/rowerowe-lodzkie-rl-kutno,['Nextbike GmbH'],,Nextbike,,,,,
rowerowe-lodzkie-rl-lask,Rowerowe Łódzkie,"{'latitude': 51.5893, 'longitude': 19.142, 'city': 'Łask', 'country': 'PL'}",/v2/networks/rowerowe-lodzkie-rl-lask,['Nextbike GmbH'],,Nextbike,,,,,
rowerowe-lodzkie-rl-lodz-rl,Rowerowe Łódzkie,"{'latitude': 51.7674, 'longitude': 19.4575, 'city': 'Łódź', 'country': 'PL'}",/v2/networks/rowerowe-lodzkie-rl-lodz-rl,['Nextbike GmbH'],,Nextbike,,,,,
rowerowe-lodzkie-rl-lowicz,Rowerowe Łódzkie,"{'latitude': 52.1057, 'longitude': 19.9381, 'city': 'Łowicz', 'country': 'PL'}",/v2/networks/rowerowe-lodzkie-rl-lowicz,['Nextbike GmbH'],,Nextbike,,,,,
rowerowe-lodzkie-rl-pabianice,Rowerowe Łódzkie,"{'latitude': 51.6651, 'longitude': 19.3548, 'city': 'Pabianice', 'country': 'PL'}",/v2/networks/rowerowe-lodzkie-rl-pabianice,['Nextbike GmbH'],,Nextbike,,,,,
rowerowe-lodzkie-rl-sieradz,Rowerowe Łódzkie,"{'latitude': 51.5902, 'longitude': 18.7382, 'city': 'Sieradz', 'country': 'PL'}",/v2/networks/rowerowe-lodzkie-rl-sieradz,['Nextbike GmbH'],,Nextbike,,,,,
rowerowe-lodzkie-rl-skierniewice,Rowerowe Łódzkie,"{'latitude': 51.9539, 'longitude': 20.1469, 'city': 'Skierniewice', 'country': 'PL'}",/v2/networks/rowerowe-lodzkie-rl-skierniewice,['Nextbike GmbH'],,Nextbike,,,,,
rowerowe-lodzkie-rl-zdunska-wola,Rowerowe Łódzkie,"{'latitude': 51.6011, 'longitude': 18.938, 'city': 'Zduńska Wola', 'country': 'PL'}",/v2/networks/rowerowe-lodzkie-rl-zdunska-wola,['Nextbike GmbH'],,Nextbike,,,,,
rowerowe-lodzkie-rl-zgierz,Rowerowe Łódzkie,"{'latitude': 51.8551, 'longitude': 19.4068, 'city': 'Zgierz', 'country': 'PL'}",/v2/networks/rowerowe-lodzkie-rl-zgierz,['Nextbike GmbH'],,Nextbike,,,,,
rsvg-bike,RSVG-Bike,"{'latitude': 50.7669, 'longitude': 7.37457, 'city': 'RSVG', 'country': 'DE'}",/v2/networks/rsvg-bike,['Nextbike GmbH'],,Nextbike,,,,,
rtc-bike-share,RTC Bike Share,"{'latitude': 36.1438, 'longitude': -115.15682, 'city': 'Las Vegas, NV', 'country': 'US'}",/v2/networks/rtc-bike-share,"['RTC Southern Nevada, Inc', 'BCycle, LLC']",https://gbfs.bcycle.com/bcycle_rtcbikeshare/gbfs.json,BCycle,,,,,
rubis-velo,Rubis'Vélo,"{'latitude': 46.2056, 'longitude': 5.2289, 'city': 'Bourg-en-Bresse', 'country': 'FR'}",/v2/networks/rubis-velo,['Ecovelo'],https://api.gbfs.ecovelo.mobi/beb/gbfs.json,Ecovelo,,,,,
rva-bikes,RVA Bike Share,"{'latitude': 37.53833, 'longitude': -77.43464, 'city': 'Richmond, VA', 'country': 'US'}",/v2/networks/rva-bikes,"['Richmond Department of Public Works', 'Wegoshare, Lda']",,,,True,,,
rvk,RVK,"{'latitude': 50.7069, 'longitude': 6.87607, 'city': 'RVK e-Bike', 'country': 'DE'}",/v2/networks/rvk,['Nextbike GmbH'],,Nextbike,,,,,
saluzzo,Saluzzo,"{'latitude': 44.6445404, 'longitude': 7.492735499999999, 'city': 'Saluzzo', 'country': 'IT'}",/v2/networks/saluzzo,['Comunicare S.r.l.'],,Bicincittà,https://www.bicincitta.com/frmLeStazioni.aspx?ID=51,,,,
sanantonio,SWell Cycle,"{'latitude': 29.43701, 'longitude': -98.48236, 'city': 'San Antonio, TX', 'country': 'US'}",/v2/networks/sanantonio,"['BCycle, LLC']",https://gbfs.bcycle.com/bcycle_sanantonio/gbfs.json,BCycle,,,,,
santa-barbara,Santa Barbara BCycle,"{'latitude': 34.42178, 'longitude': -119.7001, 'city': 'Santa Barbara, CA', 'country': 'US'}",/v2/networks/santa-barbara,"['BCycle, LLC']",https://gbfs.bcycle.com/bcycle_santabarbara/gbfs.json,BCycle,,,,,
santa-cruz,Santa Cruz BCycle,"{'latitude': 36.97484, 'longitude': -122.0277, 'city': 'Santa Cruz, CA', 'country': 'US'}",/v2/networks/santa-cruz,"['BCycle, LLC']",https://gbfs.bcycle.com/bcycle_santacruz/gbfs.json,BCycle,,,,,
santana,Sântana Velo,"{'latitude': 46.3461, 'longitude': 21.5064, 'city': 'Sântana', 'country': 'RO'}",/v2/networks/santana,['PBSC Urban Solutions'],https://santana.publicbikesystem.net/customer/gbfs/v2/gbfs.json,,,,,,
santander-brunel,Santander Cycles - Brunel,"{'latitude': 51.5463, 'longitude': -0.48048, 'city': 'Brunel University', 'country': 'GB'}",/v2/networks/santander-brunel,['Nextbike GmbH'],,Nextbike,,,,,
santander-cycles,Santander Cycles,"{'latitude': 51.51121389999999, 'longitude': -0.1198244, 'city': 'London', 'country': 'GB'}",/v2/networks/santander-cycles,"['PBSC', 'Serco Group plc']",,Bixi,,,,,
santander-cycles-mk-milton-keynes,Santander Cycles MK,"{'latitude': 52.0406, 'longitude': -0.759417, 'city': 'Milton Keynes', 'country': 'GB'}",/v2/networks/santander-cycles-mk-milton-keynes,['Nextbike GmbH'],,Nextbike,,,,,
santander-cycles-swansea-swansea-university,Santander Cycles,"{'latitude': 51.6106, 'longitude': -3.9764, 'city': 'Swansea', 'country': 'GB'}",/v2/networks/santander-cycles-swansea-swansea-university,['Nextbike GmbH'],,Nextbike,,,,,
santander-monchengladbach,Santander Mönchengladbach,"{'latitude': 51.1817, 'longitude': 6.43578, 'city': 'Mönchengladbach', 'country': 'DE'}",/v2/networks/santander-monchengladbach,['Nextbike GmbH'],,Nextbike,,,,,
sap-walldorf,SAP Walldorf,"{'latitude': 49.2945, 'longitude': 8.62324, 'city': 'Walldorf', 'country': 'DE'}",/v2/networks/sap-walldorf,['Nextbike GmbH'],,Nextbike,,,,,
saturn,Saturn,"{'latitude': 43.82, 'longitude': 28.7445, 'city': 'Saturn', 'country': 'RO'}",/v2/networks/saturn,['Nextbike GmbH'],,Nextbike,,,,,
savigliano,Savigliano,"{'latitude': 44.6470327, 'longitude': 7.662463499999999, 'city': 'Savigliano', 'country': 'IT'}",/v2/networks/savigliano,['Comunicare S.r.l.'],,Bicincittà,https://www.bicincitta.com/frmLeStazioni.aspx?ID=52,,,,
savona,Savona,"{'latitude': 44.29516444397244, 'longitude': 8.463126708984431, 'city': 'Savona', 'country': 'IT'}",/v2/networks/savona,['Comunicare S.r.l.'],,Bicincittà,https://www.bicincitta.com/frmLeStazioni.aspx?ID=195,,,,
scegli-in-bici,Scegli in Bici,"{'latitude': 45.134914104864116, 'longitude': 10.0222648619018, 'city': 'Cremona', 'country': 'IT'}",/v2/networks/scegli-in-bici,['Comunicare S.r.l.'],,Bicincittà,https://www.bicincitta.com/frmLeStazioni.aspx?ID=178,,,,
sellero,Sellero,"{'latitude': 46.06304765446406, 'longitude': 10.353434085845947, 'city': 'Sellero', 'country': 'IT'}",/v2/networks/sellero,['Comunicare S.r.l.'],,Bicincittà,https://www.bicincitta.com/frmLeStazioni.aspx?ID=85,,,,
semo,semo,"{'latitude': 49.22, 'longitude': 1.17, 'city': ""Communauté d'agglomération Seine-Eure"", 'country': 'FR'}",/v2/networks/semo,['Ecovelo'],https://api.gbfs.ecovelo.mobi/semo/gbfs.json,Ecovelo,,,,,
senica-bajk,SENICA BAJK,"{'latitude': 48.676, 'longitude': 17.3642, 'city': 'Senica', 'country': 'SK'}",/v2/networks/senica-bajk,['Nextbike GmbH'],,Nextbike,,,,,
seoul-bike,Seoul Bike 따릉이,"{'latitude': 37.5664, 'longitude': 126.9785, 'city': 'Seoul', 'country': 'KR'}",/v2/networks/seoul-bike,['Seoul Metropolitan Government'],,,,,,,
sevici,Sevici,"{'latitude': 37.3880961, 'longitude': -5.9823299, 'city': 'Sevilla', 'country': 'ES'}",/v2/networks/sevici,['JCDecaux'],,Cyclocity,https://developer.jcdecaux.com,,"{'name': 'Open Licence', 'url': 'https://developer.jcdecaux.com/#/opendata/licence'}",,
shymkentbike,Shymkentbike,"{'latitude': 42.3184, 'longitude': 69.5978, 'city': 'Shymkent', 'country': 'KZ'}",/v2/networks/shymkentbike,"['Velobike.kz, LLP', 'Smoove']",,Velobike,,,,,
sibiu,Sibiu Bike Share,"{'latitude': 45.7963, 'longitude': 24.1518, 'city': 'Sibiu', 'country': 'RO'}",/v2/networks/sibiu,['PBSC Urban Solutions'],https://sibiu.publicbikesystem.net/customer/gbfs/v2/gbfs.json,,,,,,
sitycleta-las-palmas-las-palmas-de-gran-canaria,Sitycleta,"{'latitude': 28.1236, 'longitude': -15.4366, 'city': 'Las Palmas de Gran Canaria', 'country': 'ES'}",/v2/networks/sitycleta-las-palmas-las-palmas-de-gran-canaria,['Nextbike GmbH'],,Nextbike,,,,,
sixt-riga,SiXT,"{'latitude': 56.9453, 'longitude': 24.1033, 'city': 'Rīga', 'country': 'LV'}",/v2/networks/sixt-riga,['Nextbike GmbH'],,Nextbike,,,,,
ski-rower-chelm,Chełmski Rower,"{'latitude': 51.1318, 'longitude': 23.4755, 'city': 'Chełm', 'country': 'PL'}",/v2/networks/ski-rower-chelm,['Nextbike GmbH'],,Nextbike,,,,,
skrova-bike,Skrova Bysykkel,"{'latitude': 68.1669, 'longitude': 14.6611, 'city': 'Skrova', 'country': 'NO'}",/v2/networks/skrova-bike,"['UIP Drift AS', 'Skrova Outdoor Photo Spot (SOPS)', 'Skrova Næringsforening', 'Urban Sharing']",,,,,,,
slatina-velo-city,Slatina Velo City,"{'latitude': 44.4299, 'longitude': 24.3716, 'city': 'Slatina', 'country': 'RO'}",/v2/networks/slatina-velo-city,['Nextbike GmbH'],,Nextbike,,,,,
slovnaft-bajk,Slovnaft BAjk,"{'latitude': 48.1514, 'longitude': 17.1056, 'city': 'Bratislava', 'country': 'SK'}",/v2/networks/slovnaft-bajk,"['Dopravný podnik Bratislava', 'Bratislavská integrovaná doprava, a.s.', 'Hlavné mesto SR Bratislava']",,,,,,,
sobi-hamilton,SoBi,"{'latitude': 43.25643601915583, 'longitude': -79.86929655075073, 'city': 'Hamilton, ON', 'country': 'CA'}",/v2/networks/sobi-hamilton,['Social Bicycles Inc.'],https://hamilton.socialbicycles.com/opendata/gbfs.json,,,,,,
sobi-long-beach,SoBi,"{'latitude': 33.76897, 'longitude': -118.19164, 'city': 'Long Beach, CA', 'country': 'US'}",/v2/networks/sobi-long-beach,['Social Bicycles Inc.'],https://www.longbeachbikeshare.com/opendata/gbfs.json,,,,,,
sondrio,Sondrio,"{'latitude': 46.1698583, 'longitude': 9.8787674, 'city': 'Sondrio', 'country': 'IT'}",/v2/networks/sondrio,['Comunicare S.r.l.'],,Bicincittà,https://www.bicincitta.com/frmLeStazioni.aspx?ID=213,,,,
speziainbici,Speziainbici,"{'latitude': 44.1024504, 'longitude': 9.824082599999999, 'city': 'La Spezia', 'country': 'IT'}",/v2/networks/speziainbici,['Comunicare S.r.l.'],,Bicincittà,https://www.bicincitta.com/frmLeStazioni.aspx?ID=137,,,,
sprintrad,sprintRAD,"{'latitude': 52.3721, 'longitude': 9.73569, 'city': 'Hannover', 'country': 'DE'}",/v2/networks/sprintrad,['Nextbike GmbH'],,Nextbike,,,,,
sprottenflotte-kiel,Sprottenflotte,"{'latitude': 54.2837, 'longitude': 10.13213, 'city': 'Kiel', 'country': 'DE'}",/v2/networks/sprottenflotte-kiel,['Donkey Republic'],https://stables.donkey.bike/api/public/gbfs/2/donkey_kiel/gbfs,,,,,,
stadtrad-hamburg-db,StadtRAD Hamburg,"{'latitude': 53.550308, 'longitude': 10.00063, 'city': 'Hamburg', 'country': 'DE'}",/v2/networks/stadtrad-hamburg-db,['Deutsche Bahn AG'],https://apis.deutschebahn.com/db-api-marketplace/apis/shared-mobility-gbfs/v2/de/StadtRadHamburg/gbfs,deutschebahn,,,,,
stadtrad-innsbruck,Stadtrad,"{'latitude': 47.2632, 'longitude': 11.3961, 'city': 'Innsbruck', 'country': 'AT'}",/v2/networks/stadtrad-innsbruck,['Nextbike GmbH'],,Nextbike,,,,,
stadtrad-lueneburg,StadtRAD Lüneburg,"{'latitude': 53.248697, 'longitude': 10.407776, 'city': 'Lüneburg', 'country': 'DE'}",/v2/networks/stadtrad-lueneburg,['Deutsche Bahn AG'],https://apis.deutschebahn.com/db-api-marketplace/apis/shared-mobility-gbfs/v2/de/StadtRADLueneburg/gbfs,deutschebahn,,,,,
stadtrad-stuttgart,RegioRadStuttgart,"{'latitude': 48.778147, 'longitude': 9.1801512, 'city': 'Stuttgart', 'country': 'DE'}",/v2/networks/stadtrad-stuttgart,['Deutsche Bahn AG'],https://apis.deutschebahn.com/db-api-marketplace/apis/shared-mobility-gbfs/v2/de/RegioRadStuttgart/gbfs,deutschebahn,,,,,
stari-grad-hvar,Hvar,"{'latitude': 43.1841, 'longitude': 16.5886, 'city': 'Stari Grad', 'country': 'HR'}",/v2/networks/stari-grad-hvar,['Nextbike GmbH'],,Nextbike,,,,,
styr-staell-goeteborg,"Styr & Ställ (Sweden, Göteborg)","{'latitude': 57.6902, 'longitude': 11.9881, 'city': 'Göteborg', 'country': 'SE'}",/v2/networks/styr-staell-goeteborg,['Nextbike GmbH'],,Nextbike,,,,,
summit-bike-share,Summit Bike Share,"{'latitude': 40.6474, 'longitude': -111.4981, 'city': 'Park City, UT', 'country': 'US'}",/v2/networks/summit-bike-share,"['Summit County Department of Transportation', 'Wegoshare, Lda']",,,,True,,,
swa-rad-augsburg,SWA Rad,"{'latitude': 48.3647, 'longitude': 10.8916, 'city': 'Augsburg', 'country': 'DE'}",/v2/networks/swa-rad-augsburg,['Nextbike GmbH'],,,,,,,
system-roweru-gminnego-pielgrzymka,System Roweru Gminnego Poland,"{'latitude': 51.1185, 'longitude': 15.8153, 'city': 'Pielgrzymka', 'country': 'PL'}",/v2/networks/system-roweru-gminnego-pielgrzymka,['Nextbike GmbH'],,Nextbike,,,,,
tallinja-bike,Tallinja Bike,"{'latitude': 35.8992, 'longitude': 14.5141, 'city': 'Valletta - Malta - Gozo', 'country': 'MT'}",/v2/networks/tallinja-bike,['Instituto Tecnológico de Castilla y León (ITCL)'],,bicicard,,,,,
tanlib,Vélo tanlib,"{'latitude': 46.3258, 'longitude': -0.4606, 'city': 'Niort', 'country': 'FR'}",/v2/networks/tanlib,['Ecovelo'],https://api.gbfs.ecovelo.mobi/tanlib/gbfs.json,Ecovelo,,True,,,
tashu,Tashu,"{'latitude': 36.349, 'longitude': 127.3848, 'city': '대전 (Daejeon)', 'country': 'KR'}",/v2/networks/tashu,['Daejeon Metropolitan City'],,,,,,,
telofun,Tel-O-Fun,"{'latitude': 32.087053, 'longitude': 34.789776, 'city': ""Tel Aviv-Yaffo, Giv'atayim, Ramat-Gan"", 'country': 'IL'}",/v2/networks/telofun,['FSM Ground Services Ltd.'],,fsm,,,,,
tembici-bogota,Tembici,"{'latitude': 4.6569, 'longitude': -74.0656, 'city': 'Bogotá', 'country': 'CO'}",/v2/networks/tembici-bogota,"['M1 Transportes Sustentáveis Ltda.', 'Tembici']",https://bogota.publicbikesystem.net/customer/gbfs/v2/gbfs.json,,,,,,
tempo-velo,Tempo Vélo,"{'latitude': 44.2049, 'longitude': 0.6212, 'city': 'Agen', 'country': 'FR'}",/v2/networks/tempo-velo,['Ecovelo'],https://api.gbfs.ecovelo.mobi/tempovelo/gbfs.json,Ecovelo,,True,,,
terni,Terni,"{'latitude': 42.5636168, 'longitude': 12.6426604, 'city': 'Terni', 'country': 'IT'}",/v2/networks/terni,['Comunicare S.r.l.'],,Bicincittà,https://www.bicincitta.com/frmLeStazioni.aspx?ID=134,,,,
thessbike,ThessBike,"{'latitude': 40.6403167, 'longitude': 22.9352716, 'city': 'Thessaloniki', 'country': 'GR'}",/v2/networks/thessbike,"['Brainbox Technology', 'Smoove SAS']",,EasyBike,,,,,
thun,Donkey Republic Thun,"{'latitude': 46.7576, 'longitude': 7.6287, 'city': 'Thun', 'country': 'CH'}",/v2/networks/thun,['Donkey Republic'],https://stables.donkey.bike/api/public/gbfs/2/donkey_thun/gbfs.json,,,,,,
ti-velo,Ti Vélo,"{'latitude': 48.4512, 'longitude': -4.2551, 'city': 'Landernau', 'country': 'FR'}",/v2/networks/ti-velo,['Fifteen SAS'],https://gateway.prod.partners-fs37hd8.zoov.site/gbfs/2.2/landerneau/en/gbfs.json?&key=M2RjMTgyODYtZDM0OS00NjI0LWJiMjMtYzhmYjVlMDI0MzM0,,https://www.data.gouv.fr/fr/datasets/r/e32b6154-ab60-4eca-8271-0ce846c7bace,,"{'name': 'Open Data Commons Open Database License (ODbL)', 'url': 'http://opendatacommons.org/licenses/odbl/summary/'}",,
tigullionbike,Tigullionbike,"{'latitude': 44.272554, 'longitude': 9.395714, 'city': 'Sestri Levante - Lavagna', 'country': 'IT'}",/v2/networks/tigullionbike,['Comunicare S.r.l.'],,Bicincittà,https://www.bicincitta.com/frmLeStazioni.aspx?ID=80,,,,
tirano-in-bici,Tirano in Bici,"{'latitude': 46.216168, 'longitude': 10.1696056, 'city': 'Tirano', 'country': 'IT'}",/v2/networks/tirano-in-bici,['Comunicare S.r.l.'],,Bicincittà,https://www.bicincitta.com/frmLeStazioni.aspx?ID=141,,,,
tlp-velo,Tarbes et Lourdes vls,"{'latitude': 43.23, 'longitude': 0.07, 'city': 'Tarbes, Lourdes', 'country': 'FR'}",/v2/networks/tlp-velo,['Ecovelo'],https://api.gbfs.ecovelo.mobi/tlpmobilites/gbfs.json,Ecovelo,,True,,,
torrentbici,TorrentBici,"{'latitude': 39.4319, 'longitude': -0.473, 'city': 'Torrent', 'country': 'ES'}",/v2/networks/torrentbici,['Nextbike GmbH'],,Nextbike,,,,,
torvelo,Torvelo,"{'latitude': 53.0138, 'longitude': 18.5984, 'city': 'Toruń', 'country': 'PL'}",/v2/networks/torvelo,['Bike U Sp. z o.o.'],,Bike U,,,,,
toyama-cyclocity,cyclocity,"{'latitude': 36.6959518, 'longitude': 137.2136768, 'city': '富山市', 'country': 'JP'}",/v2/networks/toyama-cyclocity,['JCDecaux'],,Cyclocity,https://developer.jcdecaux.com,,"{'name': 'Open Licence', 'url': 'https://developer.jcdecaux.com/#/opendata/licence'}",,
tradate,Tradate,"{'latitude': 45.70938576720161, 'longitude': 8.915993391601548, 'city': 'Tradate', 'country': 'IT'}",/v2/networks/tradate,['Comunicare S.r.l.'],,Bicincittà,https://www.bicincitta.com/frmLeStazioni.aspx?ID=198,,,,
treviso,Treviso,"{'latitude': 45.6669011, 'longitude': 12.243039, 'city': 'Treviso', 'country': 'IT'}",/v2/networks/treviso,['Comunicare S.r.l.'],,Bicincittà,https://www.bicincitta.com/frmLeStazioni.aspx?ID=179,,,,
trofinetes,Trofinetes,"{'latitude': 41.3436, 'longitude': -8.553, 'city': 'Trofa', 'country': 'PT'}",/v2/networks/trofinetes,"['Município de Trofa', 'Share2Go - Mobilidade Partilhada, Sociedade Unipessoal Lda']",,,,,,True,
trondheim-bysykkel,Bysykkel,"{'latitude': 63.4307238, 'longitude': 10.3936781, 'city': 'Trondheim', 'country': 'NO'}",/v2/networks/trondheim-bysykkel,['Urban Sharing AS'],https://gbfs.urbansharing.com/trondheimbysykkel.no/gbfs.json,,,,,,
tuebici,TUeBICI,"{'latitude': 43.46230569999999, 'longitude': -3.8099803, 'city': 'Santander', 'country': 'ES'}",/v2/networks/tuebici,['UTE BICIS SANTANDER'],,Nextbike,,,,,
tugo-bike-share,Tugo Bike Share,"{'latitude': 32.2225, 'longitude': -110.9749, 'city': 'Tucson, AZ', 'country': 'US'}",/v2/networks/tugo-bike-share,"['PBSC Urban Solutions', 'Shift Transit']",https://tucson.publicbikesystem.net/customer/gbfs/v2/gbfs.json,,,,,,
twisto-velo,Twisto vélo,"{'latitude': 49.1813403, 'longitude': -0.3635615, 'city': 'Caen', 'country': 'FR'}",/v2/networks/twisto-velo,['Fifteen'],https://gbfs.partners.fifteen.eu/gbfs/2.2/caen/en/gbfs.json,,,,,,
tychowski-rower-miejski,Tychowski Rower Miejski,"{'latitude': 53.9288, 'longitude': 16.2568, 'city': 'Tychowo', 'country': 'PL'}",/v2/networks/tychowski-rower-miejski,['Nextbike GmbH'],,Nextbike,,,,,
udine,Udine,"{'latitude': 46.0710668, 'longitude': 13.2345794, 'city': 'Udine', 'country': 'IT'}",/v2/networks/udine,['Comunicare S.r.l.'],,Bicincittà,https://www.bicincitta.com/frmLeStazioni.aspx?ID=126,,,,
ugento,Ugento,"{'latitude': 39.9273518, 'longitude': 18.1582962, 'city': 'Ugento', 'country': 'IT'}",/v2/networks/ugento,['Comunicare S.r.l.'],,Bicincittà,https://www.bicincitta.com/frmLeStazioni.aspx?ID=103,,,,
usedomrad-usedom,UsedomRad,"{'latitude': 53.9779, 'longitude': 13.9925, 'city': 'Usedom', 'country': 'DE'}",/v2/networks/usedomrad-usedom,['Nextbike GmbH'],,Nextbike,,,,,
ustica,Ustica,"{'latitude': 38.7031179, 'longitude': 13.1682675, 'city': 'Ustica', 'country': 'IT'}",/v2/networks/ustica,['Comunicare S.r.l.'],,Bicincittà,https://www.bicincitta.com/frmLeStazioni.aspx?ID=138,,,,
v3-bordeaux,V³,"{'latitude': 44.837789, 'longitude': -0.57918, 'city': 'Bordeaux', 'country': 'FR'}",/v2/networks/v3-bordeaux,['Keolis Bordeaux Métropole'],https://bdx.mecatran.com/utw/ws/gbfs/bordeaux/v3/gbfs.json?apiKey=opendata-bordeaux-metropole-flux-gtfs-rt,,,,,,
vagrad,VAG_Rad,"{'latitude': 49.4487, 'longitude': 11.0794, 'city': 'Nürnberg', 'country': 'DE'}",/v2/networks/vagrad,['VAG Verkehrs-Aktiengesellschaft'],,Nextbike,,,,,
vaibike,VaiBike,"{'latitude': 42.5954, 'longitude': -8.7659, 'city': 'Vilagarcía de Arousa', 'country': 'ES'}",/v2/networks/vaibike,['Instituto Tecnológico de Castilla y León (ITCL)'],,bicicard,,,,,
valenbisi,Valenbisi,"{'latitude': 39.4699075, 'longitude': -0.3762881, 'city': 'Valencia', 'country': 'ES'}",/v2/networks/valenbisi,['JCDecaux'],,Cyclocity,https://developer.jcdecaux.com,,"{'name': 'Open Licence', 'url': 'https://developer.jcdecaux.com/#/opendata/licence'}",,
valentine,Valentine BCycle,"{'latitude': 42.8747, 'longitude': -100.5511, 'city': 'Valentine, NE', 'country': 'US'}",/v2/networks/valentine,"['BCycle, LLC']",https://gbfs.bcycle.com/bcycle_valentine/gbfs.json,BCycle,,,,,
vel-in,Vél'in,"{'latitude': 50.95, 'longitude': 1.85, 'city': 'Calais', 'country': 'FR'}",/v2/networks/vel-in,['Veolia'],,Veloway,,,,,
velam,Vélam,"{'latitude': 49.894067, 'longitude': 2.295753, 'city': 'Amiens', 'country': 'FR'}",/v2/networks/velam,['JCDecaux'],,Cyclocity,https://developer.jcdecaux.com,,"{'name': 'Open Licence', 'url': 'https://developer.jcdecaux.com/#/opendata/licence'}",,
velectin,Velect’in,"{'latitude': 50.948056, 'longitude': 1.856389, 'city': 'Calais', 'country': 'FR'}",/v2/networks/velectin,['Ecovelo'],https://api.gbfs.ecovelo.mobi/calais/gbfs.json,Ecovelo,,True,,,
velhop,Vélhop,"{'latitude': 48.583611, 'longitude': 7.748056, 'city': 'Strasbourg', 'country': 'FR'}",/v2/networks/velhop,['Strasbourg Mobilités'],https://gbfs.nextbike.net/maps/gbfs/v2/nextbike_ae/gbfs.json,,,,,,
velib,Vélib' Métropole,"{'latitude': 48.856614, 'longitude': 2.3522219, 'city': 'Paris', 'country': 'FR'}",/v2/networks/velib,['Smovengo'],https://velib-metropole-opendata.smovengo.cloud/opendata/Velib_Metropole/gbfs.json,,,True,"{'name': 'OPEN LICENCE 2.0', 'url': 'etalab.gouv.fr/wp-content/uploads/2018/11/open-licence.pdf'}",,
velibeo,Vélibéo,"{'latitude': 45.1583, 'longitude': 1.5321, 'city': 'Brive-la-Gaillarde', 'country': 'FR'}",/v2/networks/velibeo,['Ecovelo'],https://api.gbfs.ecovelo.mobi/velibeo/gbfs.json,Ecovelo,,True,,,
velitul,Vélitul,"{'latitude': 48.0706687, 'longitude': -0.7734022, 'city': 'Laval', 'country': 'FR'}",/v2/networks/velitul,['Cykleo SAS'],,Cykleo,,,,,
velivert,VéliVert,"{'latitude': 45.396667, 'longitude': 4.290833, 'city': 'Saint-Étienne', 'country': 'FR'}",/v2/networks/velivert,['Fifteen'],https://api.saint-etienne-metropole.fr/velivert/api/gbfs/gbfs.json,,,,,,
velo,Vélô,"{'latitude': 43.604652, 'longitude': 1.444209, 'city': 'Toulouse', 'country': 'FR'}",/v2/networks/velo,['JCDecaux'],,Cyclocity,https://developer.jcdecaux.com,,"{'name': 'Open Licence', 'url': 'https://developer.jcdecaux.com/#/opendata/licence'}",,
velo-antwerpen,Velo Antwerpen,"{'latitude': 51.216667, 'longitude': 4.4, 'city': 'Antwerpen', 'country': 'BE'}",/v2/networks/velo-antwerpen,['ClearChannel'],,SmartBike,,,,,
velo-baulois,Le Vélo Baulois,"{'latitude': 47.2867, 'longitude': -2.3908, 'city': 'La Baule-Escoublac', 'country': 'FR'}",/v2/networks/velo-baulois,['Ecovelo'],https://api.gbfs.ecovelo.mobi/labaule/gbfs.json,Ecovelo,,True,,,
velo2,Velo2,"{'latitude': 49.03561699999999, 'longitude': 2.060325, 'city': 'Cergy', 'country': 'FR'}",/v2/networks/velo2,['JCDecaux'],,Cyclocity,https://developer.jcdecaux.com,,"{'name': 'Open Licence', 'url': 'https://developer.jcdecaux.com/#/opendata/licence'}",,
velobaie,VeloBaie,"{'latitude': 48.514, 'longitude': -2.765, 'city': 'Saint-Brieuc', 'country': 'FR'}",/v2/networks/velobaie,"['VeloBaie', 'Fifteen SAS']",,,,,,,
velobike,Velobike,"{'latitude': 51.166667, 'longitude': 71.416667, 'city': 'Astana', 'country': 'KZ'}",/v2/networks/velobike,"['Velobike.kz, LLP', 'Smoove']",,Velobike,,,,,
velobike-moscow,Velobike,"{'latitude': 55.75, 'longitude': 37.616667, 'city': 'Moscow', 'country': 'RU'}",/v2/networks/velobike-moscow,['ЗАО «СитиБайк»'],,,,,,,
velobike-murmansk,Velobike,"{'latitude': 68.968, 'longitude': 33.074, 'city': 'Murmansk', 'country': 'RU'}",/v2/networks/velobike-murmansk,['ЗАО «СитиБайк»'],,,,,,,
velobike-nizhniy-novgorod,Velobike,"{'latitude': 56.194, 'longitude': 44.003, 'city': 'Nizhniy Novgorod', 'country': 'RU'}",/v2/networks/velobike-nizhniy-novgorod,['ЗАО «СитиБайк»'],,,,,,,
velocite-besancon,VéloCité,"{'latitude': 47.237829, 'longitude': 6.024053899999999, 'city': 'Besançon', 'country': 'FR'}",/v2/networks/velocite-besancon,['JCDecaux'],,Cyclocity,https://developer.jcdecaux.com,,"{'name': 'Open Licence', 'url': 'https://developer.jcdecaux.com/#/opendata/licence'}",,
velocite-laon,Vélo'Cité,"{'latitude': 49.5639, 'longitude': 3.6244, 'city': 'Laon', 'country': 'FR'}",/v2/networks/velocite-laon,['Ecovelo'],https://api.gbfs.ecovelo.mobi/velocite/gbfs.json,Ecovelo,,True,,,
velocite-mulhouse,VéloCité,"{'latitude': 47.750839, 'longitude': 7.335888, 'city': 'Mulhouse', 'country': 'FR'}",/v2/networks/velocite-mulhouse,['JCDecaux'],,Cyclocity,https://developer.jcdecaux.com,,"{'name': 'Open Licence', 'url': 'https://developer.jcdecaux.com/#/opendata/licence'}",,
velodaqui,Vélos d’Aquí,"{'latitude': 42.5449, 'longitude': 3.0235, 'city': 'Argelès-sur-Mer', 'country': 'FR'}",/v2/networks/velodaqui,['Ecovelo'],https://api.gbfs.ecovelo.mobi/velodaqui/gbfs.json,Ecovelo,,True,,,
veloh,Veloh,"{'latitude': 49.6301025, 'longitude': 6.1520185, 'city': 'Luxembourg', 'country': 'LU'}",/v2/networks/veloh,['JCDecaux'],,Cyclocity,https://developer.jcdecaux.com,,"{'name': 'Open Licence', 'url': 'https://developer.jcdecaux.com/#/opendata/licence'}",,
velok,Vël'Ok,"{'latitude': 49.5024, 'longitude': 5.9722, 'city': 'Esch-sur-alzette', 'country': 'LU'}",/v2/networks/velok,['CIGL ESCH'],,Velok,https://docs.api.tfl.lu/v1/en/RESTAPIs/BikePoint/,True,,,
velomagg,Vélomagg,"{'latitude': 43.6119, 'longitude': 3.8772, 'city': 'Montpellier', 'country': 'FR'}",/v2/networks/velomagg,"['TaM', 'Fifteen']",https://montpellier-fr.fifteen.site/gbfs/gbfs.json,,https://transport.data.gouv.fr/datasets/disponibilite-en-temps-reel-des-velos-en-libre-service-velomagg-de-montpellier/,,"{'name': 'Open Data Commons Open Database License (ODbL)', 'url': 'http://opendatacommons.org/licenses/odbl/summary/'}",,
velomat,Vélo MAT,"{'latitude': 48.64, 'longitude': -2.0, 'city': 'Saint-Malo', 'country': 'FR'}",/v2/networks/velomat,['Fifteen SAS'],,Fifteen,,,,,
velomodalis,Vélo Modalis,"{'latitude': 45.7, 'longitude': -0.33, 'city': 'Ligne TER Royan - Angoulême', 'country': 'FR'}",/v2/networks/velomodalis,['Fifteen SAS'],,Fifteen,,,,,
velopark-drobeta,Drobeta Velopark,"{'latitude': 44.6326, 'longitude': 22.6564, 'city': 'Drobeta', 'country': 'RO'}",/v2/networks/velopark-drobeta,['Nextbike GmbH'],,Nextbike,,,,,
velopartage-geneve,VéloPartage,"{'latitude': 46.2021, 'longitude': 6.1457, 'city': 'Genève', 'country': 'CH'}",/v2/networks/velopartage-geneve,"['Genèveroule', 'Donkey Republic']",https://stables.donkey.bike/api/public/gbfs/2/donkey_ge/gbfs.json,,,,,,
veloplus-velotao,Vélo+/VéloTAO,"{'latitude': 47.9027336, 'longitude': 1.9086066, 'city': 'Orléans', 'country': 'FR'}",/v2/networks/veloplus-velotao,['Cykleo SAS'],,Cykleo,,,,,
velopop,Vélopop,"{'latitude': 43.943689, 'longitude': 4.805833, 'city': 'Avignon', 'country': 'FR'}",/v2/networks/velopop,"['TCRA Public Transport Region Avignon', 'Fifteen']",,,,,,,
velostanlib,vélOstan'lib,"{'latitude': 48.692054, 'longitude': 6.184417, 'city': 'Nancy', 'country': 'FR'}",/v2/networks/velostanlib,['JCDecaux'],,Cyclocity,https://developer.jcdecaux.com,,"{'name': 'Open Licence', 'url': 'https://developer.jcdecaux.com/#/opendata/licence'}",,
velov,Vélo'V,"{'latitude': 45.764043, 'longitude': 4.835659, 'city': 'Lyon', 'country': 'FR'}",/v2/networks/velov,['JCDecaux'],,Cyclocity,https://developer.jcdecaux.com,,"{'name': 'Open Licence', 'url': 'https://developer.jcdecaux.com/#/opendata/licence'}",,
velozef,VéloZef,"{'latitude': 48.3905, 'longitude': -4.48732, 'city': 'Brest', 'country': 'FR'}",/v2/networks/velozef,['Fifteen SAS'],https://api.prod.partners-fs37hd8.zoov.eu/gbfs/2.2/brest/en/gbfs.json?&key=OGNhZDNjMDQtYTA0Yi00NzU2LWE0MTItOGJlYzE1Y2E4NGEx,,https://www.data.gouv.fr/fr/datasets/velos-a-assistance-electrique-en-libre-service-velozef-sur-brest/,,,,
velyceo,vélYcéo,"{'latitude': 47.2806, 'longitude': -2.2086, 'city': 'Saint-Nazaire', 'country': 'FR'}",/v2/networks/velyceo,['Ecovelo'],https://api.gbfs.ecovelo.mobi/velyceo/gbfs.json,Ecovelo,,True,,,
venezia,Venezia,"{'latitude': 45.4408474, 'longitude': 12.3155151, 'city': 'Venezia', 'country': 'IT'}",/v2/networks/venezia,['Comunicare S.r.l.'],,Bicincittà,https://www.bicincitta.com/frmLeStazioni.aspx?ID=93,,,,
vercelli,Vercelli,"{'latitude': 45.32022720000001, 'longitude': 8.418573499999999, 'city': 'Vercelli', 'country': 'IT'}",/v2/networks/vercelli,['Comunicare S.r.l.'],,Bicincittà,https://www.bicincitta.com/frmLeStazioni.aspx?ID=235,,,,
verdeciclos,VerdeCiclos,"{'latitude': 42.6041, 'longitude': -8.6419, 'city': 'Caldas de Reis', 'country': 'ES'}",/v2/networks/verdeciclos,['Instituto Tecnológico de Castilla y León (ITCL)'],,bicicard,,,,,
veturilo-nextbike-warsaw,VETURILO 3.0,"{'latitude': 52.2581, 'longitude': 20.9949, 'city': 'Warsaw', 'country': 'PL'}",/v2/networks/veturilo-nextbike-warsaw,['Nextbike GmbH'],,Nextbike,,,,,
via-velo,VIA Vélo,"{'latitude': 48.2181, 'longitude': -1.6947, 'city': ""Val d'Ille-Aubigné"", 'country': 'FR'}",/v2/networks/via-velo,['Ecovelo'],https://api.gbfs.ecovelo.mobi/via/gbfs.json,Ecovelo,,True,,,
villo,villo,"{'latitude': 50.8503396, 'longitude': 4.3517103, 'city': 'Bruxelles', 'country': 'BE'}",/v2/networks/villo,['JCDecaux'],,Cyclocity,https://developer.jcdecaux.com,,"{'name': 'Open Licence', 'url': 'https://developer.jcdecaux.com/#/opendata/licence'}",,
vilnius-cyclocity,Cyclocity,"{'latitude': 54.6871555, 'longitude': 25.2796514, 'city': 'Vilnius', 'country': 'LT'}",/v2/networks/vilnius-cyclocity,['JCDecaux'],,Cyclocity,https://developer.jcdecaux.com,,"{'name': 'Open Licence', 'url': 'https://developer.jcdecaux.com/#/opendata/licence'}",,
vilvolt,Vilvolt,"{'latitude': 48.1833, 'longitude': 6.4508, 'city': 'Epinal', 'country': 'FR'}",/v2/networks/vilvolt,"['Vilvolt CA Épinal', ""Communauté d'agglomération Épinal"", 'Fifteen SAS']",,Fifteen,,,,,
visa-frankfurt,VISA,"{'latitude': 50.1072, 'longitude': 8.66375, 'city': 'Frankfurt', 'country': 'DE'}",/v2/networks/visa-frankfurt,['Nextbike GmbH'],,Nextbike,,,,,
vitelinhas,Vitelinhas,"{'latitude': 41.4513, 'longitude': -8.1728, 'city': 'Fafe', 'country': 'PT'}",/v2/networks/vitelinhas,"['Município de Fafe', 'Share2Go - Mobilidade Partilhada, Sociedade Unipessoal Lda']",,,,True,,,
vlille,V'Lille,"{'latitude': 50.62925, 'longitude': 3.057256, 'city': 'Lille', 'country': 'FR'}",/v2/networks/vlille,['Keolis'],,Keolis,https://data.lillemetropole.fr/catalogue/dataset/c8166e8f-36a2-40ca-af1a-a00ab1fb20f7,,,,
vrn-bensheim,VRN,"{'latitude': 49.6803, 'longitude': 8.6189, 'city': 'Bensheim', 'country': 'DE'}",/v2/networks/vrn-bensheim,['Nextbike GmbH'],,Nextbike,,,,,
vrn-burstadt,VRN,"{'latitude': 49.6461, 'longitude': 8.44917, 'city': 'Bürstadt', 'country': 'DE'}",/v2/networks/vrn-burstadt,['Nextbike GmbH'],,Nextbike,,,,,
vrn-eppelheim,VRN,"{'latitude': 49.4025, 'longitude': 8.6331, 'city': 'Eppelheim', 'country': 'DE'}",/v2/networks/vrn-eppelheim,['Nextbike GmbH'],,Nextbike,,,,,
vrn-heidelberg,VRN,"{'latitude': 49.4023, 'longitude': 8.67577, 'city': 'Heidelberg', 'country': 'DE'}",/v2/networks/vrn-heidelberg,['Nextbike GmbH'],,Nextbike,,,,,
vrn-heppenheim,VRN,"{'latitude': 49.6431, 'longitude': 8.63889, 'city': 'Heppenheim', 'country': 'DE'}",/v2/networks/vrn-heppenheim,['Nextbike GmbH'],,Nextbike,,,,,
vrn-hockenheim,VRN,"{'latitude': 49.3227, 'longitude': 8.54258, 'city': 'Hockenheim', 'country': 'DE'}",/v2/networks/vrn-hockenheim,['Nextbike GmbH'],,,,,,,
vrn-kaiserslautern,VRN,"{'latitude': 49.4413, 'longitude': 7.75566, 'city': 'Kaiserslautern', 'country': 'DE'}",/v2/networks/vrn-kaiserslautern,['Nextbike GmbH'],,Nextbike,,,,,
vrn-landau,VRN,"{'latitude': 49.1975, 'longitude': 8.11693, 'city': 'Landau in der Pfalz', 'country': 'DE'}",/v2/networks/vrn-landau,['Nextbike GmbH'],,Nextbike,,,,,
vrn-ludwigshafen,VRN,"{'latitude': 49.4741, 'longitude': 8.43287, 'city': 'Ludwigshafen', 'country': 'DE'}",/v2/networks/vrn-ludwigshafen,['Nextbike GmbH'],,Nextbike,,,,,
vrn-mannheim,VRN,"{'latitude': 49.4869, 'longitude': 8.45638, 'city': 'Mannheim', 'country': 'DE'}",/v2/networks/vrn-mannheim,['Nextbike GmbH'],,Nextbike,,,,,
vrn-schwetzingen,VRN,"{'latitude': 49.3863, 'longitude': 8.5756, 'city': 'Schwetzingen', 'country': 'DE'}",/v2/networks/vrn-schwetzingen,['Nextbike GmbH'],,Nextbike,,,,,
vrn-speyer,VRN,"{'latitude': 49.3126, 'longitude': 8.45295, 'city': 'Speyer', 'country': 'DE'}",/v2/networks/vrn-speyer,['Nextbike GmbH'],,Nextbike,,,,,
vrn-weinheim,VRN,"{'latitude': 49.545, 'longitude': 8.66027, 'city': 'Weinheim', 'country': 'DE'}",/v2/networks/vrn-weinheim,['Nextbike GmbH'],,Nextbike,,,,,
vrn-worms,VRN,"{'latitude': 49.6394, 'longitude': 8.34618, 'city': 'Worms', 'country': 'DE'}",/v2/networks/vrn-worms,['Nextbike GmbH'],,Nextbike,,,,,
vvtregiorad-ellmau,VVT REGIORAD Tirol,"{'latitude': 47.5134, 'longitude': 12.3025, 'city': 'Ellmau', 'country': 'AT'}",/v2/networks/vvtregiorad-ellmau,['Nextbike GmbH'],,Nextbike,,,,,
vvtregiorad-kufstein,VVT REGIORAD Tirol,"{'latitude': 47.583, 'longitude': 12.1692, 'city': 'Kufstein', 'country': 'AT'}",/v2/networks/vvtregiorad-kufstein,['Nextbike GmbH'],,Nextbike,,,,,
waterford,TFI Bikes,"{'latitude': 52.2475049, 'longitude': -7.1130299, 'city': 'Waterford', 'country': 'IE'}",/v2/networks/waterford,['The National Transport Authority'],,TFI Bikes,,,,,
we-cycle,WE-cycle,"{'latitude': 39.194951, 'longitude': -106.837002, 'city': 'Aspen, CO', 'country': 'US'}",/v2/networks/we-cycle,"['PBSC', 'Alta Bicycle Share, Inc']",https://asp.publicbikesystem.net/ube/gbfs/v1/gbfs.json,,,,,,
we-love-bike,We Love bike,"{'latitude': 45.3097228, 'longitude': 9.503715999999999, 'city': 'Lodi', 'country': 'IT'}",/v2/networks/we-love-bike,['Comunicare S.r.l.'],,Bicincittà,https://www.bicincitta.com/frmLeStazioni.aspx?ID=190,,,,
westbike-erkelenz,westBike,"{'latitude': 51.0753, 'longitude': 6.31233, 'city': 'Erkelenz', 'country': 'DE'}",/v2/networks/westbike-erkelenz,['Nextbike GmbH'],,Nextbike,,,,,
westbike-geilenkirchen,westBike,"{'latitude': 50.9671, 'longitude': 6.11886, 'city': 'Geilenkirchen', 'country': 'DE'}",/v2/networks/westbike-geilenkirchen,['Nextbike GmbH'],,Nextbike,,,,,
westbike-heinsberg,westBike,"{'latitude': 51.0597, 'longitude': 6.11849, 'city': 'Heinsberg', 'country': 'DE'}",/v2/networks/westbike-heinsberg,['Nextbike GmbH'],,Nextbike,,,,,
westbike-hueckelhoven,westBike,"{'latitude': 51.0529, 'longitude': 6.21933, 'city': 'Hückelhoven', 'country': 'DE'}",/v2/networks/westbike-hueckelhoven,['Nextbike GmbH'],,Nextbike,,,,,
westbike-wegberg,westBike,"{'latitude': 51.1427, 'longitude': 6.2813, 'city': 'Wegberg', 'country': 'DE'}",/v2/networks/westbike-wegberg,['Nextbike GmbH'],,Nextbike,,,,,
westcargo-bath,WESTcargo Bath,"{'latitude': 51.3814, 'longitude': -2.35519, 'city': 'Bath', 'country': 'GB'}",/v2/networks/westcargo-bath,['Nextbike GmbH'],,Nextbike,,,,,
westcargo-bristol,WESTcargo Bristol,"{'latitude': 51.4587, 'longitude': -2.57355, 'city': 'Bristol', 'country': 'GB'}",/v2/networks/westcargo-bristol,['Nextbike GmbH'],,Nextbike,,,,,
whitebikes,WhiteBikes,"{'latitude': 48.149424, 'longitude': 17.113922, 'city': 'Bratislava', 'country': 'SK'}",/v2/networks/whitebikes,['Open Source Bike Share'],,OpenSourceBikeShare,,,,,
wienmobil-rad,WienMobil Rad,"{'latitude': 48.2081743, 'longitude': 16.3738189, 'city': 'Wien', 'country': 'AT'}",/v2/networks/wienmobil-rad,['Nextbike GmbH'],,Nextbike,,,,,
winsenrad,WinsenRad,"{'latitude': 53.3547, 'longitude': 10.2067, 'city': 'Winsen (Luhe)', 'country': 'DE'}",/v2/networks/winsenrad,['Nextbike GmbH'],,Nextbike,,,,,
wk-bike-bremen-bremen,WK-Bike,"{'latitude': 53.0781, 'longitude': 8.80132, 'city': 'Bremen', 'country': 'DE'}",/v2/networks/wk-bike-bremen-bremen,['Nextbike GmbH'],,Nextbike,,,,,
wolf-ride-bike-share,Wolf Ride Bike Share (Stony Brook University),"{'latitude': 40.9124, 'longitude': -73.1249, 'city': 'Stony Brook', 'country': 'US'}",/v2/networks/wolf-ride-bike-share,['Stony Brook University'],https://sbu.publicbikesystem.net/customer/gbfs/v2/gbfs.json,,,,,,
wrm-wroclaw,WRM,"{'latitude': 51.1097, 'longitude': 17.0485, 'city': 'Wrocław', 'country': 'PL'}",/v2/networks/wrm-wroclaw,['Nextbike GmbH'],,,,,,,
wupsi,wupsiRad Leverkusen,"{'latitude': 51.0732, 'longitude': 7.00814, 'city': 'Leverkusen', 'country': 'DE'}",/v2/networks/wupsi,['Nextbike GmbH'],,Nextbike,,,,,
xian-public-bicycle,Xi'an Public Bicycle,"{'latitude': 34.2688, 'longitude': 108.9458, 'city': ""西安 (Xi'an)"", 'country': 'CN'}",/v2/networks/xian-public-bicycle,['西安城市公共自行车服务管理有'],,,,,,,
yelo-velo,Yélo Vélo,"{'latitude': 46.1591, 'longitude': -1.1509, 'city': 'La Rochelle', 'country': 'FR'}",/v2/networks/yelo-velo,"[""Communauté d'Agglomération de La Rochelle""]",,,,,"{'name': 'Licence Ouverte', 'url': 'https://www.etalab.gouv.fr/licence-ouverte-open-licence/'}",,
youbike-chiayi-city,YouBike,"{'latitude': 23.4797, 'longitude': 120.4397, 'city': '台灣 Chiayi City', 'country': 'TW'}",/v2/networks/youbike-chiayi-city,"['YouBike Co., Ltd.']",,YouBike,,,,,
youbike-hsinchu-city,YouBike,"{'latitude': 24.8018, 'longitude': 120.9714, 'city': '新竹市 Hsinchu City', 'country': 'TW'}",/v2/networks/youbike-hsinchu-city,"['YouBike Co., Ltd.']",,YouBike,,,,,
youbike-hsinchu-county,YouBike,"{'latitude': 24.8269, 'longitude': 121.0129, 'city': '新竹縣 Hsinchu County', 'country': 'TW'}",/v2/networks/youbike-hsinchu-county,"['YouBike Co., Ltd.']",,YouBike,,,,,
youbike-hsinchu-science-park,YouBike,"{'latitude': 24.7818, 'longitude': 121.005, 'city': '新竹科學工業園區 Hsinchu Science Park', 'country': 'TW'}",/v2/networks/youbike-hsinchu-science-park,"['YouBike Co., Ltd.']",,YouBike,,,,,
youbike-kaohsiung-city,YouBike,"{'latitude': 22.6314, 'longitude': 120.3018, 'city': '高雄市 Kaohsiung City', 'country': 'TW'}",/v2/networks/youbike-kaohsiung-city,"['YouBike Co., Ltd.']",,YouBike,,,,,
youbike-miaoli-county,YouBike,"{'latitude': 24.5648, 'longitude': 120.8185, 'city': '台灣 Miaoli County', 'country': 'TW'}",/v2/networks/youbike-miaoli-county,"['YouBike Co., Ltd.']",,YouBike,,,,,
youbike-new-taipei,YouBike,"{'latitude': 25.0169826, 'longitude': 121.4627868, 'city': '新北市 New Taipei', 'country': 'TW'}",/v2/networks/youbike-new-taipei,"['YouBike Co., Ltd.']",,YouBike,,,,,
youbike-pingtung-county,YouBike,"{'latitude': 22.683, 'longitude': 120.4879, 'city': '屏東縣 Pingtung County', 'country': 'TW'}",/v2/networks/youbike-pingtung-county,"['YouBike Co., Ltd.']",,YouBike,,,,,
youbike-putian-city,YouBike,"{'latitude': 25.4504, 'longitude': 119.0126, 'city': '莆田市 (Putian City)', 'country': 'CN'}",/v2/networks/youbike-putian-city,"['YouBike Co., Ltd.']",,YouBike,,,,,
youbike-taichung,YouBike,"{'latitude': 24.1477358, 'longitude': 120.6736482, 'city': '臺中市 Taichung City', 'country': 'TW'}",/v2/networks/youbike-taichung,"['YouBike Co., Ltd.']",,YouBike,,,,,
youbike-tainan-city,YouBike,"{'latitude': 22.9923, 'longitude': 120.185, 'city': '臺南市 Tainan City', 'country': 'TW'}",/v2/networks/youbike-tainan-city,"['YouBike Co., Ltd.']",,YouBike,,,,,
youbike-taipei,YouBike,"{'latitude': 25.0329636, 'longitude': 121.5654268, 'city': '台北市 Taipei City', 'country': 'TW'}",/v2/networks/youbike-taipei,"['YouBike Co., Ltd.']",,YouBike,,,,,
youbike-taoyuan,YouBike,"{'latitude': 24.9936281, 'longitude': 121.3009798, 'city': '桃園市 Taoyuan City', 'country': 'TW'}",/v2/networks/youbike-taoyuan,"['YouBike Co., Ltd.']",,YouBike,,,,,
yoy-san-luis-potosi,YOY - San Luis Potosi,"{'latitude': 22.438, 'longitude': -100.514, 'city': 'San Luis Potosi', 'country': 'MX'}",/v2/networks/yoy-san-luis-potosi,['Nextbike GmbH'],,,,,,,
yoy-san-luis-potosi-cancun,YOY - San Luis Potosi,"{'latitude': 21.1675, 'longitude': -86.8498, 'city': 'Cancún', 'country': 'MX'}",/v2/networks/yoy-san-luis-potosi-cancun,['Nextbike GmbH'],,,,,,,
yverdon-les-bains,Donkey Republic Yverdon-les-Bains,"{'latitude': 46.7788, 'longitude': 6.6414, 'city': 'Yverdon-les-Bains', 'country': 'CH'}",/v2/networks/yverdon-les-bains,['Donkey Republic'],https://stables.donkey.bike/api/public/gbfs/2/donkey_yverdon-les-bains/gbfs.json,,,,,,
zebullo,ZébullO,"{'latitude': 49.2628, 'longitude': 4.0347, 'city': 'Reims', 'country': 'FR'}",/v2/networks/zebullo,['Ecovelo'],https://api.gbfs.ecovelo.mobi/zebullo/gbfs.json,Ecovelo,,True,,,
zena-by-bike,Zena By Bike,"{'latitude': 44.40430089372731, 'longitude': 8.92908986230462, 'city': 'Genova', 'country': 'IT'}",/v2/networks/zena-by-bike,['Bicincitta Italia S.r.l.'],,Weelo,,,,,
zoov-paris-sud,Zoov,"{'latitude': 48.7429, 'longitude': 2.238, 'city': 'Paris Sud', 'country': 'FR'}",/v2/networks/zoov-paris-sud,['Fifteen SAS'],https://gateway.prod.zoov.io/gbfs/2.2/saclay/en/gbfs.json?key=NGFlMjU3MDUtNDk5My00MTM4LTk1ZjctNmNlNDM1MWQ0NjE1,,https://www.data.gouv.fr/fr/datasets/r/4646ba01-4fe0-4cd8-91d3-09e204bbaf86,,"{'name': 'Open Data Commons Open Database License (ODbL)', 'url': 'http://opendatacommons.org/licenses/odbl/summary/'}",,
