id,name,location,href,company,gbfs_href,system,source,ebikes,license,scooters,instances,latitude,longitude,country
abu-dhabi-careem-bike,Abu Dhabi Careem BIKE,"{'latitude': 24.4866, 'longitude': 54.3728, 'city': 'Abu Dhabi', 'country': 'AE'}",/v2/networks/abu-dhabi-careem-bike,['Careem'],https://dubai.publicbikesystem.net/customer/gbfs/v2/en/gbfs.json,,,,,,,24.4866,54.3728,AE
acces-velo-saguenay,Accès Vélo,"{'latitude': 48.433333, 'longitude': -71.083333, 'city': 'Saguenay', 'country': 'CA'}",/v2/networks/acces-velo-saguenay,['PBSC Urban Solutions'],https://saguenay.publicbikesystem.net/customer/gbfs/v2/gbfs.json,,,,,,,48.433333,-71.083333,CA
aksu,Aksu,"{'latitude': 41.1664, 'longitude': 80.2617, 'city': '阿克苏市 (Aksu City)', 'country': 'CN'}",/v2/networks/aksu,['阿克苏公共服务'],,,,,,,,41.1664,80.2617,CN
alba,Alba,"{'latitude': 44.716667, 'longitude': 8.083333, 'city': 'Alba', 'country': 'IT'}",/v2/networks/alba,['Comunicare S.r.l.'],,Bicincittà,https://www.bicincitta.com/frmLeStazioni.aspx?ID=139,,,,,44.716667,8.083333,IT
albabici,AlbaBici,"{'latitude': 38.9943, 'longitude': -1.8602, 'city': 'Albacete', 'country': 'ES'}",/v2/networks/albabici,['Instituto Tecnológico de Castilla y León (ITCL)'],,bicicard,,,,,,38.9943,-1.8602,ES
algira,AlGira,"{'latitude': 39.2082, 'longitude': -8.6252, 'city': 'Almeirim', 'country': 'PT'}",/v2/networks/algira,"['Município de Almeirim', 'Wegoshare, Lda']",,,,True,,,,39.2082,-8.6252,PT
almatybike,Almatybike,"{'latitude': 43.239101, 'longitude': 76.9268076, 'city': 'Almaty', 'country': 'KZ'}",/v2/networks/almatybike,"['Velobike.kz, LLP', 'Smoove']",,Velobike,,,,,,43.239101,76.9268076,KZ
alsa-nextbike-leon,Alsa nextbike León,"{'latitude': 42.5987263, 'longitude': -5.5670959, 'city': 'León', 'country': 'ES'}",/v2/networks/alsa-nextbike-leon,['Leonbici Nextbike Gmbh Y Autobuses Urbanos De Leon S.a. Ute'],,Nextbike,,,,,,42.5987263,-5.5670959,ES
ambici-amb,Ambici,"{'latitude': 41.44584, 'longitude': 2.19902, 'city': 'Barcelona', 'country': 'ES'}",/v2/networks/ambici-amb,"['Nextbike GmbH', 'TIER Mobility SE', 'Transports Metropolitans de Barcelona', 'Projectes i Serveis de Mobilitat S.A']",https://gbfs.nextbike.net/maps/gbfs/v2/nextbike_bs/gbfs.json,Ambici,,,,,,41.44584,2.19902,ES
ambici-badalona,Ambici,"{'latitude': 41.447, 'longitude': 2.245, 'city': 'Badalona', 'country': 'ES'}",/v2/networks/ambici-badalona,"['Nextbike GmbH', 'TIER Mobility SE', 'Transports Metropolitans de Barcelona', 'Projectes i Serveis de Mobilitat S.A']",https://gbfs.nextbike.net/maps/gbfs/v2/nextbike_bs/gbfs.json,Ambici,,,,,,41.447,2.245,ES
ambici-castelldefels,Ambici,"{'latitude': 41.2816, 'longitude': 1.97678, 'city': 'Castelldefels', 'country': 'ES'}",/v2/networks/ambici-castelldefels,"['Nextbike GmbH', 'TIER Mobility SE', 'Transports Metropolitans de Barcelona', 'Projectes i Serveis de Mobilitat S.A']",https://gbfs.nextbike.net/maps/gbfs/v2/nextbike_bs/gbfs.json,Ambici,,,,,,41.2816,1.97678,ES
ambici-cornella-de-llobregat,Ambici,"{'latitude': 41.3585, 'longitude': 2.07081, 'city': 'Cornellà de Llobregat', 'country': 'ES'}",/v2/networks/ambici-cornella-de-llobregat,"['Nextbike GmbH', 'TIER Mobility SE', 'Transports Metropolitans de Barcelona', 'Projectes i Serveis de Mobilitat S.A']",https://gbfs.nextbike.net/maps/gbfs/v2/nextbike_bs/gbfs.json,Ambici,,,,,,41.3585,2.07081,ES
ambici-el-prat-de-llobregat,Ambici,"{'latitude': 41.3239, 'longitude': 2.09317, 'city': 'El Prat de Llobregat', 'country': 'ES'}",/v2/networks/ambici-el-prat-de-llobregat,"['Nextbike GmbH', 'TIER Mobility SE', 'Transports Metropolitans de Barcelona', 'Projectes i Serveis de Mobilitat S.A']",https://gbfs.nextbike.net/maps/gbfs/v2/nextbike_bs/gbfs.json,Ambici,,,,,,41.3239,2.09317,ES
ambici-esplugues-de-llobregat,Ambici,"{'latitude': 41.3771, 'longitude': 2.08938, 'city': 'Esplugues de Llobregat', 'country': 'ES'}",/v2/networks/ambici-esplugues-de-llobregat,"['Nextbike GmbH', 'TIER Mobility SE', 'Transports Metropolitans de Barcelona', 'Projectes i Serveis de Mobilitat S.A']",https://gbfs.nextbike.net/maps/gbfs/v2/nextbike_bs/gbfs.json,Ambici,,,,,,41.3771,2.08938,ES
ambici-gava,Ambici,"{'latitude': 41.303, 'longitude': 2.00269, 'city': 'Gavà', 'country': 'ES'}",/v2/networks/ambici-gava,"['Nextbike GmbH', 'TIER Mobility SE', 'Transports Metropolitans de Barcelona', 'Projectes i Serveis de Mobilitat S.A']",https://gbfs.nextbike.net/maps/gbfs/v2/nextbike_bs/gbfs.json,Ambici,,,,,,41.303,2.00269,ES
ambici-hospitalet-de-llobregat,Ambici,"{'latitude': 41.3631, 'longitude': 2.1126, 'city': 'Hospitalet de Llobregat', 'country': 'ES'}",/v2/networks/ambici-hospitalet-de-llobregat,"['Nextbike GmbH', 'TIER Mobility SE', 'Transports Metropolitans de Barcelona', 'Projectes i Serveis de Mobilitat S.A']",https://gbfs.nextbike.net/maps/gbfs/v2/nextbike_bs/gbfs.json,Ambici,,,,,,41.3631,2.1126,ES
ambici-molins-de-rei,Ambici,"{'latitude': 41.4132, 'longitude': 2.02037, 'city': 'Molins de Rei', 'country': 'ES'}",/v2/networks/ambici-molins-de-rei,"['Nextbike GmbH', 'TIER Mobility SE', 'Transports Metropolitans de Barcelona', 'Projectes i Serveis de Mobilitat S.A']",https://gbfs.nextbike.net/maps/gbfs/v2/nextbike_bs/gbfs.json,Ambici,,,,,,41.4132,2.02037,ES
ambici-sant-adria-de-besos,Ambici,"{'latitude': 41.43073, 'longitude': 2.21855, 'city': 'Sant Adrià de Besòs', 'country': 'ES'}",/v2/networks/ambici-sant-adria-de-besos,"['Nextbike GmbH', 'TIER Mobility SE', 'Transports Metropolitans de Barcelona', 'Projectes i Serveis de Mobilitat S.A']",https://gbfs.nextbike.net/maps/gbfs/v2/nextbike_bs/gbfs.json,Ambici,,,,,,41.43073,2.21855,ES
ambici-sant-boi-de-llobregat,Ambici,"{'latitude': 41.3458, 'longitude': 2.03404, 'city': 'Sant Boi de Llobregat', 'country': 'ES'}",/v2/networks/ambici-sant-boi-de-llobregat,"['Nextbike GmbH', 'TIER Mobility SE', 'Transports Metropolitans de Barcelona', 'Projectes i Serveis de Mobilitat S.A']",https://gbfs.nextbike.net/maps/gbfs/v2/nextbike_bs/gbfs.json,Ambici,,,,,,41.3458,2.03404,ES
ambici-sant-feliu-de-llobregat,Ambici,"{'latitude': 41.38333, 'longitude': 2.05, 'city': 'Sant Feliu de Llobregat', 'country': 'ES'}",/v2/networks/ambici-sant-feliu-de-llobregat,"['Nextbike GmbH', 'TIER Mobility SE', 'Transports Metropolitans de Barcelona', 'Projectes i Serveis de Mobilitat S.A']",https://gbfs.nextbike.net/maps/gbfs/v2/nextbike_bs/gbfs.json,Ambici,,,,,,41.38333,2.05,ES
ambici-sant-joan-despi,Ambici,"{'latitude': 41.368, 'longitude': 2.05635, 'city': 'Sant Joan Despí', 'country': 'ES'}",/v2/networks/ambici-sant-joan-despi,"['Nextbike GmbH', 'TIER Mobility SE', 'Transports Metropolitans de Barcelona', 'Projectes i Serveis de Mobilitat S.A']",https://gbfs.nextbike.net/maps/gbfs/v2/nextbike_bs/gbfs.json,Ambici,,,,,,41.368,2.05635,ES
ambici-sant-just-desvern,Ambici,"{'latitude': 41.3807, 'longitude': 2.07496, 'city': 'Sant Just Desvern', 'country': 'ES'}",/v2/networks/ambici-sant-just-desvern,"['Nextbike GmbH', 'TIER Mobility SE', 'Transports Metropolitans de Barcelona', 'Projectes i Serveis de Mobilitat S.A']",https://gbfs.nextbike.net/maps/gbfs/v2/nextbike_bs/gbfs.json,Ambici,,,,,,41.3807,2.07496,ES
ambici-santa-coloma-de-gramenet,Ambici,"{'latitude': 41.4459, 'longitude': 2.21033, 'city': 'Santa Coloma de Gramenet', 'country': 'ES'}",/v2/networks/ambici-santa-coloma-de-gramenet,"['Nextbike GmbH', 'TIER Mobility SE', 'Transports Metropolitans de Barcelona', 'Projectes i Serveis de Mobilitat S.A']",https://gbfs.nextbike.net/maps/gbfs/v2/nextbike_bs/gbfs.json,Ambici,,,,,,41.4459,2.21033,ES
ambici-viladecans,Ambici,"{'latitude': 41.3165, 'longitude': 2.01306, 'city': 'Viladecans', 'country': 'ES'}",/v2/networks/ambici-viladecans,"['Nextbike GmbH', 'TIER Mobility SE', 'Transports Metropolitans de Barcelona', 'Projectes i Serveis de Mobilitat S.A']",https://gbfs.nextbike.net/maps/gbfs/v2/nextbike_bs/gbfs.json,Ambici,,,,,,41.3165,2.01306,ES
andria,Andria in Bici,"{'latitude': 41.224346932834, 'longitude': 16.296983922753956, 'city': 'Andria', 'country': 'IT'}",/v2/networks/andria,['Comunicare S.r.l.'],,Bicincittà,https://www.bicincitta.com/frmLeStazioni.aspx?ID=192,,,,,41.224346932834,16.296983922753956,IT
aral,Aral,"{'latitude': 40.5577, 'longitude': 81.2879, 'city': '阿拉尔市 (Aral)', 'country': 'CN'}",/v2/networks/aral,['阿克苏公共服务'],,,,,,,,40.5577,81.2879,CN
arbike,ARbike,"{'latitude': 43.473333, 'longitude': 11.87, 'city': 'Arezzo', 'country': 'IT'}",/v2/networks/arbike,['Comunicare S.r.l.'],,Bicincittà,https://www.bicincitta.com/frmLeStazioni.aspx?ID=84,,,,,43.473333,11.87,IT
arriva-nitra,Arriva,"{'latitude': 48.3088, 'longitude': 18.0783, 'city': 'Nitra', 'country': 'SK'}",/v2/networks/arriva-nitra,['Nextbike GmbH'],,,,,,,,48.3088,18.0783,SK
arval-scandicci,ARVAL,"{'latitude': 43.7701, 'longitude': 11.1592, 'city': 'Scandicci', 'country': 'IT'}",/v2/networks/arval-scandicci,['Nextbike GmbH'],,Nextbike,,,,,,43.7701,11.1592,IT
ascoli-piceno,Ascoli Piceno,"{'latitude': 42.85, 'longitude': 13.583333, 'city': 'Ascoli Piceno', 'country': 'IT'}",/v2/networks/ascoli-piceno,['Comunicare S.r.l.'],,Bicincittà,https://www.bicincitta.com/frmLeStazioni.aspx?ID=73,,,,,42.85,13.583333,IT
athens-bikes,AthensBikes,"{'latitude': 37.9838, 'longitude': 23.7275, 'city': 'Athens', 'country': 'GR'}",/v2/networks/athens-bikes,"['Brainbox Technology', 'Smoove SAS']",,EasyBike,,,,,,37.9838,23.7275,GR
auxrmlevelo,AuxR_M le vélo,"{'latitude': 47.797221, 'longitude': 3.572376, 'city': 'Auxerre', 'country': 'FR'}",/v2/networks/auxrmlevelo,['Fifteen SAS'],,Fifteen,,,,,,47.797221,3.572376,FR
avelo-quebec,àVélo,"{'latitude': 46.81305, 'longitude': -71.2168, 'city': 'Québec', 'country': 'CA'}",/v2/networks/avelo-quebec,['PBSC Urban Solutions'],https://quebec.publicbikesystem.net/customer/gbfs/v2/gbfs.json,,,,,,,46.81305,-71.2168,CA
aventura,Aventura BCycle,"{'latitude': 25.95711, 'longitude': -80.1395, 'city': 'Aventura, FL', 'country': 'US'}",/v2/networks/aventura,"['BCycle, LLC']",https://gbfs.bcycle.com/bcycle_aventura/gbfs.json,BCycle,,,,,,25.95711,-80.1395,US
aviles-en-bici,Avilés en Bici,"{'latitude': 43.5554, 'longitude': -5.9222, 'city': 'Avilés', 'country': 'ES'}",/v2/networks/aviles-en-bici,['Instituto Tecnológico de Castilla y León (ITCL)'],,bicicard,,,,,,43.5554,-5.9222,ES
aw-bike,AW-bike Ahrweiler,"{'latitude': 50.5452, 'longitude': 7.1212, 'city': 'Ahrweiler', 'country': 'DE'}",/v2/networks/aw-bike,['nextbike GmbH'],https://gbfs.nextbike.net/maps/gbfs/v2/nextbike_rh/gbfs.json,,,,,,,50.5452,7.1212,DE
baksi-antalya,Baksi,"{'latitude': 36.862048, 'longitude': 30.638866, 'city': 'Antalya', 'country': 'TR'}",/v2/networks/baksi-antalya,['Baksi Bike Sharing System'],,Baksi,,,,,,36.862048,30.638866,TR
baksi-cabis,Çabis,"{'latitude': 40.1531, 'longitude': 26.4146, 'city': 'Çanakkale', 'country': 'TR'}",/v2/networks/baksi-cabis,['Baksi Bike Sharing System'],,Baksi,,,,,,40.1531,26.4146,TR
baksi-nilesplit,Nilesplit,"{'latitude': 40.2127, 'longitude': 28.9627, 'city': 'Nilüfer', 'country': 'TR'}",/v2/networks/baksi-nilesplit,['Baksi Bike Sharing System'],,Baksi,,,,,,40.2127,28.9627,TR
batumvelo,Batumvelo,"{'latitude': 41.660906, 'longitude': 41.678835, 'city': 'Batumi', 'country': 'GE'}",/v2/networks/batumvelo,['Smoove'],,Smoove,,,,,,41.660906,41.678835,GE
bay-wheels,Bay Wheels,"{'latitude': 37.7141454, 'longitude': -122.25, 'city': 'San Francisco Bay Area, CA', 'country': 'US'}",/v2/networks/bay-wheels,['Motivate LLC'],https://gbfs.baywheels.com/gbfs/gbfs.json,,,,,,,37.7141454,-122.25,US
bealler,Pedaleando por Aller (BeALLER),"{'latitude': 43.1482, 'longitude': -5.6295, 'city': 'Aller', 'country': 'ES'}",/v2/networks/bealler,['Instituto Tecnológico de Castilla y León (ITCL)'],,bicicard,,,,,,43.1482,-5.6295,ES
belfastbikes-belfast,BelfastBikes,"{'latitude': 54.5969, 'longitude': -5.92918, 'city': 'Belfast', 'country': 'GB'}",/v2/networks/belfastbikes-belfast,['Nextbike GmbH'],,Nextbike,,,,,,54.5969,-5.92918,GB
bentonville,Bentonville BCycle,"{'latitude': 36.3605, 'longitude': -94.1996, 'city': 'Bentonville, AR', 'country': 'US'}",/v2/networks/bentonville,"['BCycle, LLC']",https://gbfs.bcycle.com/bcycle_bentonville/gbfs.json,BCycle,,,,,,36.3605,-94.1996,US
bergen-bysykkel,Bysykkel,"{'latitude': 60.391263, 'longitude': 5.322054, 'city': 'Bergen', 'country': 'NO'}",/v2/networks/bergen-bysykkel,['Urban Sharing AS'],https://gbfs.urbansharing.com/bergenbysykkel.no/gbfs.json,,,,,,,60.391263,5.322054,NO
bergisches-e-bike,Bergisches e-Bike,"{'latitude': 51.0192, 'longitude': 7.18025, 'city': 'Bergisches e-Bike', 'country': 'DE'}",/v2/networks/bergisches-e-bike,['Nextbike GmbH'],,Nextbike,,,,,,51.0192,7.18025,DE
beryl-bcp,"Beryl - Bournemouth, Christchurch and Poole","{'latitude': 50.7196, 'longitude': -1.8734, 'city': 'Bournemouth, Christchurch and Poole', 'country': 'GB'}",/v2/networks/beryl-bcp,['Beryl'],https://gbfs.beryl.cc/v2_2/BCP/gbfs.json,,,,,,,50.7196,-1.8734,GB
beryl-brighton,Beryl - Brighton,"{'latitude': 50.8222, 'longitude': -0.1403, 'city': 'Brighton', 'country': 'GB'}",/v2/networks/beryl-brighton,['Beryl'],https://gbfs.beryl.cc/v2_2/Brighton/gbfs.json,,,,,,,50.8222,-0.1403,GB
beryl-cornwall,Beryl - Cornwall,"{'latitude': 50.2616, 'longitude': -5.051, 'city': 'Cornwall', 'country': 'GB'}",/v2/networks/beryl-cornwall,['Beryl'],https://gbfs.beryl.cc/v2_2/Cornwall/gbfs.json,,,,,,,50.2616,-5.051,GB
beryl-dorchester-weymouth-portland,"Beryl - Dorchester, Weymouth and Portland","{'latitude': 50.6085, 'longitude': -2.454, 'city': 'Dorchester, Weymouth and Portland', 'country': 'GB'}",/v2/networks/beryl-dorchester-weymouth-portland,['Beryl'],https://gbfs.beryl.cc/v2_2/Weymouth/gbfs.json,,,,,,,50.6085,-2.454,GB
beryl-eastleigh,Beryl - Eastleigh,"{'latitude': 50.9691, 'longitude': -1.3603, 'city': 'Eastleigh', 'country': 'GB'}",/v2/networks/beryl-eastleigh,['Beryl'],https://gbfs.beryl.cc/v2_2/Eastleigh/gbfs.json,,,,,,,50.9691,-1.3603,GB
beryl-greater-manchester,Beryl - Greater Manchester,"{'latitude': 53.4795, 'longitude': -2.2436, 'city': 'Greater Manchester', 'country': 'GB'}",/v2/networks/beryl-greater-manchester,['Beryl'],https://gbfs.beryl.cc/v2_2/Greater_Manchester/gbfs.json,,,,,,,53.4795,-2.2436,GB
beryl-guildford,Beryl - Guildford,"{'latitude': 51.2397, 'longitude': -0.5764, 'city': 'Guildford', 'country': 'GB'}",/v2/networks/beryl-guildford,['Beryl'],https://gbfs.beryl.cc/v2_2/Guildford/gbfs.json,,,,,,,51.2397,-0.5764,GB
beryl-hereford,Beryl - Hereford,"{'latitude': 52.0549, 'longitude': -2.7156, 'city': 'Hereford', 'country': 'GB'}",/v2/networks/beryl-hereford,['Beryl'],https://gbfs.beryl.cc/v2_2/Hereford/gbfs.json,,,,,,,52.0549,-2.7156,GB
beryl-hertsmere,Beryl - Hertsmere,"{'latitude': 51.6577, 'longitude': -0.2695, 'city': 'Hertsmere', 'country': 'GB'}",/v2/networks/beryl-hertsmere,['Beryl'],https://gbfs.beryl.cc/v2_2/Hertsmere/gbfs.json,,,,,,,51.6577,-0.2695,GB
beryl-leeds,Beryl - Leeds,"{'latitude': 53.7971, 'longitude': -1.5438, 'city': 'Leeds', 'country': 'GB'}",/v2/networks/beryl-leeds,['Beryl'],https://gbfs.beryl.cc/v2_2/Leeds/gbfs.json,,,,,,,53.7971,-1.5438,GB
beryl-norwich,Beryl - Norwich,"{'latitude': 52.6288, 'longitude': 1.2934, 'city': 'Norwich', 'country': 'GB'}",/v2/networks/beryl-norwich,['Beryl'],https://gbfs.beryl.cc/v2_2/Norwich/gbfs.json,,,,,,,52.6288,1.2934,GB
beryl-plymouth,Beryl - Plymouth,"{'latitude': 50.3714, 'longitude': -4.1421, 'city': 'Plymouth', 'country': 'GB'}",/v2/networks/beryl-plymouth,['Beryl'],https://gbfs.beryl.cc/v2_2/Plymouth/gbfs.json,,,,,,,50.3714,-4.1421,GB
beryl-stevenage,Beryl - Stevenage,"{'latitude': 51.9059, 'longitude': -0.1905, 'city': 'Stevenage', 'country': 'GB'}",/v2/networks/beryl-stevenage,['Beryl'],https://gbfs.beryl.cc/v2_2/Stevenage/gbfs.json,,,,,,,51.9059,-0.1905,GB
beryl-watford,Beryl - Watford,"{'latitude': 51.6556, 'longitude': -0.3953, 'city': 'Watford', 'country': 'GB'}",/v2/networks/beryl-watford,['Beryl'],https://gbfs.beryl.cc/v2_2/Watford/gbfs.json,,,,,,,51.6556,-0.3953,GB
beryl-west-midlands,Beryl - West Midlands,"{'latitude': 52.4798, 'longitude': -1.9014, 'city': 'West Midlands', 'country': 'GB'}",/v2/networks/beryl-west-midlands,['Beryl'],https://gbfs.beryl.cc/v2_2/West_Midlands/gbfs.json,,,,,,,52.4798,-1.9014,GB
beryl-worcester,Beryl - Worcester,"{'latitude': 52.1912, 'longitude': -2.2206, 'city': 'Worcester', 'country': 'GB'}",/v2/networks/beryl-worcester,['Beryl'],https://gbfs.beryl.cc/v2_2/Worcester/gbfs.json,,,,,,,52.1912,-2.2206,GB
bia,BIA,"{'latitude': 40.8599, 'longitude': -8.6246, 'city': 'Ovar', 'country': 'PT'}",/v2/networks/bia,"['Município de Ovar', 'Share2Go - Mobilidade Partilhada, Sociedade Unipessoal Lda']",,,,True,,,,40.8599,-8.6246,PT
bianzone-in-bici,Bianzone in Bici,"{'latitude': 46.188197, 'longitude': 10.109354, 'city': 'Bianzone', 'country': 'IT'}",/v2/networks/bianzone-in-bici,['Comunicare S.r.l.'],,Bicincittà,https://www.bicincitta.com/frmLeStazioni.aspx?ID=147,,,,,46.188197,10.109354,IT
biba,BiBa,"{'latitude': 38.878, 'longitude': -6.9701, 'city': 'Badajoz', 'country': 'ES'}",/v2/networks/biba,['Instituto Tecnológico de Castilla y León (ITCL)'],,bicicard,,,,,,38.878,-6.9701,ES
bibo,BIBO,"{'latitude': 40.4125, 'longitude': -3.8909, 'city': 'Boadilla del Monte', 'country': 'ES'}",/v2/networks/bibo,['Movilidad Urbana Sostenible SLU'],,,,,,,,40.4125,-3.8909,ES
bici-bolzano,Bici Bolzano,"{'latitude': 46.49, 'longitude': 11.3401, 'city': 'Bolzano', 'country': 'IT'}",/v2/networks/bici-bolzano,['Ecospazio Logiss S.r.l.'],,,,,,,,46.49,11.3401,IT
bici-co,BICI&CO,"{'latitude': 45.8080597, 'longitude': 9.0851765, 'city': 'Como', 'country': 'IT'}",/v2/networks/bici-co,['Comunicare S.r.l.'],,Bicincittà,https://www.bicincitta.com/frmLeStazioni.aspx?ID=157,,,,,45.8080597,9.0851765,IT
bici-ferrol-terra,BiciFerrolTerra,"{'latitude': 43.4896, 'longitude': -8.2193, 'city': 'Ferrol - Narón', 'country': 'ES'}",/v2/networks/bici-ferrol-terra,"['2K SYSTEMS, S.L.', 'Bike Works Naron']",,,,,,,,43.4896,-8.2193,ES
bici-in-busto,Bici in Busto,"{'latitude': 45.610555, 'longitude': 8.852062, 'city': 'Busto Arsizio', 'country': 'IT'}",/v2/networks/bici-in-busto,['Comunicare S.r.l.'],,Bicincittà,https://www.bicincitta.com/frmLeStazioni.aspx?ID=66,,,,,45.610555,8.852062,IT
bici-perugia,Bici Perugia,"{'latitude': 43.1107168, 'longitude': 12.3908279, 'city': 'Perugia', 'country': 'IT'}",/v2/networks/bici-perugia,['Comunicare S.r.l.'],,Bicincittà,https://www.bicincitta.com/frmLeStazioni.aspx?ID=122,,,,,43.1107168,12.3908279,IT
bicialcazar,BiciAlcázar,"{'latitude': 39.3901, 'longitude': -3.2101, 'city': 'Alcázar de San Juan', 'country': 'ES'}",/v2/networks/bicialcazar,['Instituto Tecnológico de Castilla y León (ITCL)'],,bicicard,,,,,,39.3901,-3.2101,ES
biciarousa,BiciArousa,"{'latitude': 42.5521, 'longitude': -8.8666, 'city': 'A Illa de Arousa', 'country': 'ES'}",/v2/networks/biciarousa,['Instituto Tecnológico de Castilla y León (ITCL)'],,bicicard,,,,,,42.5521,-8.8666,ES
biciarteixo,biciArteixo,"{'latitude': 43.3053, 'longitude': -8.5069, 'city': 'Arteixo', 'country': 'ES'}",/v2/networks/biciarteixo,"['Servizos Urbanos Municipais de Arteixo, S. A.']",,Nextbike,,,,,,43.3053,-8.5069,ES
bicibur,BiciBur,"{'latitude': 42.34392, 'longitude': -3.69697, 'city': 'Burgos', 'country': 'ES'}",/v2/networks/bicibur,['Instituto Tecnológico de Castilla y León (ITCL)'],,,,,,,,42.34392,-3.69697,ES
bicicas,Bicicas,"{'latitude': 39.9856, 'longitude': -0.0389, 'city': 'Castelló de la Plana', 'country': 'ES'}",/v2/networks/bicicas,"['Maquiver S.L.U.', 'Ajuntament de Castelló de la Plana']",,,,,,,,39.9856,-0.0389,ES
bicicletar,Bicicletar,"{'latitude': -3.7321944, 'longitude': -38.510347, 'city': 'Fortaleza', 'country': 'BR'}",/v2/networks/bicicletar,"['Mobilicidade Tecnologia LTD', 'Grupo Serttel LTDA']",,Samba,,,,,,-3.7321944,-38.510347,BR
bicicorunha,Bicicoruña,"{'latitude': 43.3623, 'longitude': -8.4115, 'city': 'A Coruña', 'country': 'ES'}",/v2/networks/bicicorunha,['PBSC Urban Solutions'],https://acoruna.publicbikesystem.net/customer/gbfs/v2/gbfs.json,,,,,,,43.3623,-8.4115,ES
bicicuenca,Bici Pública Cuenca,"{'latitude': -2.897, 'longitude': -79.0038, 'city': 'Cuenca', 'country': 'EC'}",/v2/networks/bicicuenca,"['Mobilicidade Tecnologia LTD', 'Grupo Serttel LTDA']",,Samba,,,,,,-2.897,-79.0038,EC
bicielx,Bicielx,"{'latitude': 38.2665, 'longitude': -0.7, 'city': 'Elx', 'country': 'ES'}",/v2/networks/bicielx,"['Promociones e Iniciativas Municipales de Elche, S.A.']",,,,,,,,38.2665,-0.7,ES
bicikelj,Bicikelj,"{'latitude': 46.05645089999999, 'longitude': 14.5080702, 'city': 'Ljubljana', 'country': 'SI'}",/v2/networks/bicikelj,['JCDecaux'],,Cyclocity,https://developer.jcdecaux.com,,"{'name': 'Open Licence', 'url': 'https://developer.jcdecaux.com/#/opendata/licence'}",,,46.05645089999999,14.5080702,SI
bicilog,BiciLog,"{'latitude': 42.4658, 'longitude': -2.4402, 'city': 'Logroño', 'country': 'ES'}",/v2/networks/bicilog,['Nextbike GmbH'],,Nextbike,,,,,,42.4658,-2.4402,ES
bicimad,BiciMAD,"{'latitude': 40.4168, 'longitude': -3.7038, 'city': 'Madrid', 'country': 'ES'}",/v2/networks/bicimad,"['Empresa Municipal de Transportes de Madrid, S.A.']",,bicimad,https://mobilitylabs.emtmadrid.es/,,,,,40.4168,-3.7038,ES
bicimia,bicimia,"{'latitude': 45.5378, 'longitude': 10.2173, 'city': 'Brescia', 'country': 'IT'}",/v2/networks/bicimia,['Comunicare S.r.l.'],,Bicincittà,https://bicimia.bresciamobilita.it/frmLeStazioni.aspx?ID=40,,,,,45.5378,10.2173,IT
bicimislata,BiciMislata,"{'latitude': 39.4763, 'longitude': -0.4182, 'city': 'Mislata', 'country': 'ES'}",/v2/networks/bicimislata,"['Movilidad Urbana Sostenible, S.L']",,Nextbike,,,,,,39.4763,-0.4182,ES
bicincitta-acquarica-del-capo,Bicincittà,"{'latitude': 39.9144573, 'longitude': 18.2450324, 'city': 'Acquarica del Capo', 'country': 'IT'}",/v2/networks/bicincitta-acquarica-del-capo,['Comunicare S.r.l.'],,Bicincittà,https://www.bicincitta.com/frmLeStazioni.aspx?ID=146,,,,,39.9144573,18.2450324,IT
bicincitta-acquaviva-delle-fonti,Bicincittà,"{'latitude': 40.9303721, 'longitude': 16.8414374, 'city': 'Acquaviva delle fonti', 'country': 'IT'}",/v2/networks/bicincitta-acquaviva-delle-fonti,['Comunicare S.r.l.'],,Bicincittà,https://www.bicincitta.com/frmLeStazioni.aspx?ID=160,,,,,40.9303721,16.8414374,IT
bicincitta-alghero,Bicincittà,"{'latitude': 40.5579517, 'longitude': 8.319294900000001, 'city': 'Alghero', 'country': 'IT'}",/v2/networks/bicincitta-alghero,['Comunicare S.r.l.'],,Bicincittà,https://www.bicincitta.com/frmLeStazioni.aspx?ID=237,,,,,40.5579517,8.319294900000001,IT
bicincitta-assemini,Bicincittà,"{'latitude': 39.28956306007679, 'longitude': 9.006601555294765, 'city': 'Assemini', 'country': 'IT'}",/v2/networks/bicincitta-assemini,['Comunicare S.r.l.'],,Bicincittà,https://www.bicincitta.com/frmLeStazioni.aspx?ID=205,,,,,39.28956306007679,9.006601555294765,IT
bicincitta-borgarello,Bicincittà,"{'latitude': 45.23963753440171, 'longitude': 9.136150475640875, 'city': 'Borgarello', 'country': 'IT'}",/v2/networks/bicincitta-borgarello,['Comunicare S.r.l.'],,Bicincittà,https://www.bicincitta.com/frmLeStazioni.aspx?ID=208,,,,,45.23963753440171,9.136150475640875,IT
bicincitta-brancaleone,Bicincittà,"{'latitude': 37.9679084, 'longitude': 16.0757749, 'city': 'Brancaleone', 'country': 'IT'}",/v2/networks/bicincitta-brancaleone,['Comunicare S.r.l.'],,Bicincittà,https://www.bicincitta.com/frmLeStazioni.aspx?ID=104,,,,,37.9679084,16.0757749,IT
bicincitta-carrara,Bicincittà,"{'latitude': 44.07731805550891, 'longitude': 10.097172450401331, 'city': 'Carrara', 'country': 'IT'}",/v2/networks/bicincitta-carrara,['Comunicare S.r.l.'],,Bicincittà,https://www.bicincitta.com/frmLeStazioni.aspx?ID=211,,,,,44.07731805550891,10.097172450401331,IT
bicincitta-casaletto-spartano,Bicincittà,"{'latitude': 40.1532801, 'longitude': 15.6211479, 'city': 'Casaletto Spartano', 'country': 'IT'}",/v2/networks/bicincitta-casaletto-spartano,['Comunicare S.r.l.'],,Bicincittà,https://www.bicincitta.com/frmLeStazioni.aspx?ID=199,,,,,40.1532801,15.6211479,IT
bicincitta-castel-guelfo-the-style-outlets,Bicincittà,"{'latitude': 44.4328527, 'longitude': 11.6750857, 'city': 'Castel Guelfo di Bologna', 'country': 'IT'}",/v2/networks/bicincitta-castel-guelfo-the-style-outlets,['Comunicare S.r.l.'],,Bicincittà,https://www.bicincitta.com/frmLeStazioni.aspx?ID=233,,,,,44.4328527,11.6750857,IT
bicincitta-cesena,Mi Muovo in bici,"{'latitude': 44.1396438, 'longitude': 12.2464292, 'city': 'Cesena', 'country': 'IT'}",/v2/networks/bicincitta-cesena,['Comunicare S.r.l.'],,Bicincittà,http://www.mimuovoinbici.it/frmLeStazioni.aspx?ID=120,,,,,44.1396438,12.2464292,IT
bicincitta-cisterna-di-latina,Bicincittà,"{'latitude': 41.5754029, 'longitude': 12.8284772, 'city': 'Cisterna di Latina', 'country': 'IT'}",/v2/networks/bicincitta-cisterna-di-latina,['Comunicare S.r.l.'],,Bicincittà,https://www.bicincitta.com/frmLeStazioni.aspx?ID=217,,,,,41.5754029,12.8284772,IT
bicincitta-costa-blu,Costa Blu,"{'latitude': 42.5009, 'longitude': 14.1282, 'city': 'Montesilvano', 'country': 'IT'}",/v2/networks/bicincitta-costa-blu,['Comunicare S.r.l.'],,Bicincittà,https://www.bicincitta.com/frmLeStazioni.aspx?ID=268,,,,,42.5009,14.1282,IT
bicincitta-elmas,Bicincittà,"{'latitude': 39.2634329, 'longitude': 9.0515805, 'city': 'Elmas', 'country': 'IT'}",/v2/networks/bicincitta-elmas,['Comunicare S.r.l.'],,Bicincittà,https://www.bicincitta.com/frmLeStazioni.aspx?ID=218,,,,,39.2634329,9.0515805,IT
bicincitta-ente-parco-del-circeo,Bicincittà,"{'latitude': 41.3151015, 'longitude': 13.0330782, 'city': 'Parco Nazionale del Circeo', 'country': 'IT'}",/v2/networks/bicincitta-ente-parco-del-circeo,['Comunicare S.r.l.'],,Bicincittà,https://www.bicincitta.com/frmLeStazioni.aspx?ID=135,,,,,41.3151015,13.0330782,IT
bicincitta-ente-parco-di-montemarcello-magra,Bicincittà,"{'latitude': 44.1143897, 'longitude': 9.9635986, 'city': 'Ente Parco Montemarcello Magra', 'country': 'IT'}",/v2/networks/bicincitta-ente-parco-di-montemarcello-magra,['Comunicare S.r.l.'],,Bicincittà,https://www.bicincitta.com/frmLeStazioni.aspx?ID=132,,,,,44.1143897,9.9635986,IT
bicincitta-ente-parco-san-rossore,Bicincittà,"{'latitude': 43.723826, 'longitude': 10.339509, 'city': 'Parco naturale Migliarino San Rossore Massaciuccoli', 'country': 'IT'}",/v2/networks/bicincitta-ente-parco-san-rossore,['Comunicare S.r.l.'],,Bicincittà,https://www.bicincitta.com/frmLeStazioni.aspx?ID=145,,,,,43.723826,10.339509,IT
bicincitta-forli,Mi Muovo in Bici,"{'latitude': 44.2227398, 'longitude': 12.0407312, 'city': 'Forlì', 'country': 'IT'}",/v2/networks/bicincitta-forli,['Comunicare S.r.l.'],,Bicincittà,http://www.mimuovoinbici.it/frmLeStazioni.aspx?ID=119,,,,,44.2227398,12.0407312,IT
bicincitta-gaeta,Bicincittà,"{'latitude': 41.209620965538036, 'longitude': 13.584335125656139, 'city': 'Gaeta', 'country': 'IT'}",/v2/networks/bicincitta-gaeta,['Comunicare S.r.l.'],,Bicincittà,https://www.bicincitta.com/frmLeStazioni.aspx?ID=207,,,,,41.209620965538036,13.584335125656139,IT
bicincitta-gallipoli,Bicincittà,"{'latitude': 40.0558554, 'longitude': 17.9925085, 'city': 'Gallipoli', 'country': 'IT'}",/v2/networks/bicincitta-gallipoli,['Comunicare S.r.l.'],,Bicincittà,https://www.bicincitta.com/frmLeStazioni.aspx?ID=109,,,,,40.0558554,17.9925085,IT
bicincitta-imola,Mi Muovo in bici,"{'latitude': 44.3559128, 'longitude': 11.7161197, 'city': 'Imola', 'country': 'IT'}",/v2/networks/bicincitta-imola,['Comunicare S.r.l.'],,Bicincittà,http://www.mimuovoinbici.it/frmLeStazioni.aspx?ID=196,,,,,44.3559128,11.7161197,IT
bicincitta-lavis,Bicincittà,"{'latitude': 46.1408423, 'longitude': 11.1124935, 'city': 'Lavis', 'country': 'IT'}",/v2/networks/bicincitta-lavis,['Comunicare S.r.l.'],,Bicincittà,https://www.bicincitta.com/frmLeStazioni.aspx?ID=238,,,,,46.1408423,11.1124935,IT
bicincitta-livorno,Bicincittà,"{'latitude': 43.548473, 'longitude': 10.3105674, 'city': 'Livorno', 'country': 'IT'}",/v2/networks/bicincitta-livorno,['Comunicare S.r.l.'],,Bicincittà,https://www.bicincitta.com/frmLeStazioni.aspx?ID=226,,,,,43.548473,10.3105674,IT
bicincitta-mantova,Bicincittà,"{'latitude': 45.15866370764634, 'longitude': 10.783718973016335, 'city': 'Mantova', 'country': 'IT'}",/v2/networks/bicincitta-mantova,['Comunicare S.r.l.'],,Bicincittà,https://www.bicincitta.com/frmLeStazioni.aspx?ID=204,,,,,45.15866370764634,10.783718973016335,IT
bicincitta-massa,Bici in Massa,"{'latitude': 44.0146, 'longitude': 10.1017, 'city': 'Massa', 'country': 'IT'}",/v2/networks/bicincitta-massa,['Comunicare S.r.l.'],,Bicincittà,https://www.bicincitta.com/frmLeStazioni.aspx?ID=275,,,,,44.0146,10.1017,IT
bicincitta-mezzocorona,Bicincittà,"{'latitude': 46.2339047, 'longitude': 11.1277461, 'city': 'Mezzocorona', 'country': 'IT'}",/v2/networks/bicincitta-mezzocorona,['Comunicare S.r.l.'],,Bicincittà,https://www.bicincitta.com/frmLeStazioni.aspx?ID=229,,,,,46.2339047,11.1277461,IT
bicincitta-mezzolombardo,Bicincittà,"{'latitude': 46.21400260000001, 'longitude': 11.0967867, 'city': 'Mezzolombardo', 'country': 'IT'}",/v2/networks/bicincitta-mezzolombardo,['Comunicare S.r.l.'],,Bicincittà,https://www.bicincitta.com/frmLeStazioni.aspx?ID=228,,,,,46.21400260000001,11.0967867,IT
bicincitta-modena,Mi Muovo in bici,"{'latitude': 44.647128, 'longitude': 10.9252269, 'city': 'Modena', 'country': 'IT'}",/v2/networks/bicincitta-modena,['Comunicare S.r.l.'],,Bicincittà,http://www.mimuovoinbici.it/frmLeStazioni.aspx?ID=180,,,,,44.647128,10.9252269,IT
bicincitta-monserrato,Bicincittà,"{'latitude': 39.2560191, 'longitude': 9.1453579, 'city': 'Monserrato', 'country': 'IT'}",/v2/networks/bicincitta-monserrato,['Comunicare S.r.l.'],,Bicincittà,https://www.bicincitta.com/frmLeStazioni.aspx?ID=220,,,,,39.2560191,9.1453579,IT
bicincitta-montecatini-terme,Bicincittà,"{'latitude': 43.88362791665083, 'longitude': 10.764385656591799, 'city': 'Montecatini Terme', 'country': 'IT'}",/v2/networks/bicincitta-montecatini-terme,['Comunicare S.r.l.'],,Bicincittà,https://www.bicincitta.com/frmLeStazioni.aspx?ID=210,,,,,43.88362791665083,10.764385656591799,IT
bicincitta-monteriggioni,Sipedala,"{'latitude': 43.3896, 'longitude': 11.2236, 'city': 'Monteriggioni', 'country': 'IT'}",/v2/networks/bicincitta-monteriggioni,['Comunicare S.r.l.'],,Bicincittà,https://www.bicincitta.com/frmLeStazioni.aspx?ID=274,,,,,43.3896,11.2236,IT
bicincitta-monza,Bicincittà,"{'latitude': 45.5845001, 'longitude': 9.2744485, 'city': 'Monza', 'country': 'IT'}",/v2/networks/bicincitta-monza,['Comunicare S.r.l.'],,Bicincittà,https://www.bicincitta.com/frmLeStazioni.aspx?ID=224,,,,,45.5845001,9.2744485,IT
bicincitta-morigerati,Bicincittà,"{'latitude': 40.1422031, 'longitude': 15.5298525, 'city': 'Morigerati', 'country': 'IT'}",/v2/networks/bicincitta-morigerati,['Comunicare S.r.l.'],,Bicincittà,https://www.bicincitta.com/frmLeStazioni.aspx?ID=200,,,,,40.1422031,15.5298525,IT
bicincitta-parco-dei-colli-di-bergamo,Bicincittà,"{'latitude': 45.72295637032245, 'longitude': 9.649230073016383, 'city': 'Parco dei Colli di Bergamo', 'country': 'IT'}",/v2/networks/bicincitta-parco-dei-colli-di-bergamo,['Comunicare S.r.l.'],,Bicincittà,https://www.bicincitta.com/frmLeStazioni.aspx?ID=203,,,,,45.72295637032245,9.649230073016383,IT
bicincitta-parco-molentargius-saline,Bicincittà,"{'latitude': 39.2052545, 'longitude': 9.146761099999999, 'city': 'Parco Naturale Molentargius - Saline', 'country': 'IT'}",/v2/networks/bicincitta-parco-molentargius-saline,['Comunicare S.r.l.'],,Bicincittà,https://www.bicincitta.com/frmLeStazioni.aspx?ID=151,,,,,39.2052545,9.146761099999999,IT
bicincitta-pista,PisTA!,"{'latitude': 40.4351, 'longitude': 17.2096, 'city': 'Taranto', 'country': 'IT'}",/v2/networks/bicincitta-pista,['Comunicare S.r.l.'],,Bicincittà,https://www.bicincitta.com/frmLeStazioni.aspx?ID=270,,,,,40.4351,17.2096,IT
bicincitta-pizzighettone-formigara,Bicincittà,"{'latitude': 45.186748819167434, 'longitude': 9.778087948479424, 'city': 'Pizzighettone e Formigara', 'country': 'IT'}",/v2/networks/bicincitta-pizzighettone-formigara,['Comunicare S.r.l.'],,Bicincittà,https://www.bicincitta.com/frmLeStazioni.aspx?ID=209,,,,,45.186748819167434,9.778087948479424,IT
bicincitta-porto-torres,Bicincittà,"{'latitude': 40.8333682, 'longitude': 8.402292899999999, 'city': 'Porto Torres', 'country': 'IT'}",/v2/networks/bicincitta-porto-torres,['Comunicare S.r.l.'],,Bicincittà,https://www.bicincitta.com/frmLeStazioni.aspx?ID=221,,,,,40.8333682,8.402292899999999,IT
bicincitta-rivarolo-canavese,Bicincittà,"{'latitude': 45.306633, 'longitude': 7.723242, 'city': 'Rivarolo Canavese', 'country': 'IT'}",/v2/networks/bicincitta-rivarolo-canavese,['Comunicare S.r.l.'],,Bicincittà,https://www.bicincitta.com/frmLeStazioni.aspx?ID=227,,,,,45.306633,7.723242,IT
bicincitta-san-donato-milanese,Bicincittà,"{'latitude': 45.4092402, 'longitude': 9.2684867, 'city': 'San Donato Milanese', 'country': 'IT'}",/v2/networks/bicincitta-san-donato-milanese,['Comunicare S.r.l.'],,Bicincittà,https://www.bicincitta.com/frmLeStazioni.aspx?ID=234,,,,,45.4092402,9.2684867,IT
bicincitta-san-giovanni-in-persiceto,Mi Muovo in Bici,"{'latitude': 44.6405433, 'longitude': 11.1893053, 'city': 'San Giovanni in Persiceto', 'country': 'IT'}",/v2/networks/bicincitta-san-giovanni-in-persiceto,['Comunicare S.r.l.'],,Bicincittà,http://www.mimuovoinbici.it/frmLeStazioni.aspx?ID=101,,,,,44.6405433,11.1893053,IT
bicincitta-san-lazzaro-di-savena,Mi Muovo in Bici,"{'latitude': 44.4702725, 'longitude': 11.409399, 'city': 'San Lazzaro di Savena', 'country': 'IT'}",/v2/networks/bicincitta-san-lazzaro-di-savena,['Comunicare S.r.l.'],,Bicincittà,http://www.mimuovoinbici.it/frmLeStazioni.aspx?ID=100,,,,,44.4702725,11.409399,IT
bicincitta-san-michele-alladige,Bicincittà,"{'latitude': 46.1878653, 'longitude': 11.1330423, 'city': ""San Michele All'adige"", 'country': 'IT'}",/v2/networks/bicincitta-san-michele-alladige,['Comunicare S.r.l.'],,Bicincittà,https://www.bicincitta.com/frmLeStazioni.aspx?ID=231,,,,,46.1878653,11.1330423,IT
bicincitta-san-teodoro,Bicincittà,"{'latitude': 40.7722837, 'longitude': 9.6695458, 'city': 'San Teodoro', 'country': 'IT'}",/v2/networks/bicincitta-san-teodoro,['Comunicare S.r.l.'],,Bicincittà,https://www.bicincitta.com/frmLeStazioni.aspx?ID=225,,,,,40.7722837,9.6695458,IT
bicincitta-scafati,Bicincittà,"{'latitude': 40.7620174, 'longitude': 14.5363969, 'city': 'Scafati', 'country': 'IT'}",/v2/networks/bicincitta-scafati,['Comunicare S.r.l.'],,Bicincittà,https://www.bicincitta.com/frmLeStazioni.aspx?ID=106,,,,,40.7620174,14.5363969,IT
bicincitta-scandiano,Mi Muovo in Bici,"{'latitude': 44.5982342, 'longitude': 10.6909273, 'city': 'Scandiano', 'country': 'IT'}",/v2/networks/bicincitta-scandiano,['Comunicare S.r.l.'],,Bicincittà,http://www.mimuovoinbici.it/frmLeStazioni.aspx?ID=94,,,,,44.5982342,10.6909273,IT
bicincitta-selargius,Bicincittà,"{'latitude': 39.2596768, 'longitude': 9.1629372, 'city': 'Selargius', 'country': 'IT'}",/v2/networks/bicincitta-selargius,['Comunicare S.r.l.'],,Bicincittà,https://www.bicincitta.com/frmLeStazioni.aspx?ID=219,,,,,39.2596768,9.1629372,IT
bicincitta-siena,Bicincittà,"{'latitude': 43.3186, 'longitude': 11.3306, 'city': 'Siena', 'country': 'IT'}",/v2/networks/bicincitta-siena,['Comunicare S.r.l.'],,Bicincittà,https://www.bicincitta.com/frmLeStazioni.aspx?ID=202,,,,,43.3186,11.3306,IT
bicincitta-tivat,Bicincittà,"{'latitude': 42.4349809, 'longitude': 18.7066398, 'city': 'TV', 'country': 'ME'}",/v2/networks/bicincitta-tivat,['Comunicare S.r.l.'],,Bicincittà,https://www.bicincitta.com/frmLeStazioni.aspx?ID=87,,,,,42.4349809,18.7066398,ME
bicincitta-tortoli,Bicincittà,"{'latitude': 39.92664489852196, 'longitude': 9.654953570777934, 'city': 'Tortolì', 'country': 'IT'}",/v2/networks/bicincitta-tortoli,['Comunicare S.r.l.'],,Bicincittà,https://www.bicincitta.com/frmLeStazioni.aspx?ID=206,,,,,39.92664489852196,9.654953570777934,IT
bicincitta-treviglio,Bicincittà,"{'latitude': 45.5293372, 'longitude': 9.591435899999999, 'city': 'Treviglio', 'country': 'IT'}",/v2/networks/bicincitta-treviglio,['Comunicare S.r.l.'],,Bicincittà,https://www.bicincitta.com/frmLeStazioni.aspx?ID=174,,,,,45.5293372,9.591435899999999,IT
bicincitta-trieste,BiTS,"{'latitude': 45.6495, 'longitude': 13.7768, 'city': 'Trieste', 'country': 'IT'}",/v2/networks/bicincitta-trieste,['Comunicare S.r.l.'],,Bicincittà,https://www.bicincitta.com/frmLeStazioni.aspx?ID=266,,,,,45.6495,13.7768,IT
bicincitta-vicolungo-the-style-outlets,Bicincittà,"{'latitude': 45.47167229999999, 'longitude': 8.4633922, 'city': 'Vicolungo', 'country': 'IT'}",/v2/networks/bicincitta-vicolungo-the-style-outlets,['Comunicare S.r.l.'],,Bicincittà,https://www.bicincitta.com/frmLeStazioni.aspx?ID=232,,,,,45.47167229999999,8.4633922,IT
bicing,Bicing,"{'latitude': 41.3850639, 'longitude': 2.1734035, 'city': 'Barcelona', 'country': 'ES'}",/v2/networks/bicing,"['Barcelona de Serveis Municipals, S.A. (BSM)', 'CESPA', 'PBSC']",,,,True,,,,41.3850639,2.1734035,ES
bicinquartucciu,BicinQuartucciu,"{'latitude': 39.25043149806156, 'longitude': 9.179296426489255, 'city': 'Quartucciu', 'country': 'IT'}",/v2/networks/bicinquartucciu,['Comunicare S.r.l.'],,Bicincittà,https://www.bicincitta.com/frmLeStazioni.aspx?ID=193,,,,,39.25043149806156,9.179296426489255,IT
bicinrivas,BiciNRivas,"{'latitude': 40.35353, 'longitude': -3.53095, 'city': 'Rivas-Vaciamadrid', 'country': 'ES'}",/v2/networks/bicinrivas,['Instituto Tecnológico de Castilla y León (ITCL)'],,bicicard,,,,,,40.35353,-3.53095,ES
bicipalma,Bicipalma,"{'latitude': 39.57119, 'longitude': 2.646634, 'city': 'Palma', 'country': 'ES'}",/v2/networks/bicipalma,['Nextbike GmbH'],,Nextbike,,,,,,39.57119,2.646634,ES
bicisanvi,Bicisanvi,"{'latitude': 38.39611, 'longitude': -0.5236, 'city': 'Sant Vicent del Raspeig', 'country': 'ES'}",/v2/networks/bicisanvi,['Movilidad Urbana Sostenible SLU'],,,,,,,,38.39611,-0.5236,ES
bicischio,BiciSchio,"{'latitude': 45.7170517, 'longitude': 11.3597702, 'city': 'Schio', 'country': 'IT'}",/v2/networks/bicischio,['Comunicare S.r.l.'],,Bicincittà,https://www.bicincitta.com/frmLeStazioni.aspx?ID=91,,,,,45.7170517,11.3597702,IT
biclis,biclis,"{'latitude': 39.7495, 'longitude': -8.8074, 'city': 'Leiria', 'country': 'PT'}",/v2/networks/biclis,"['Município de Leiria', 'Share2Go - Mobilidade Partilhada, Sociedade Unipessoal Lda']",,,,True,,,,39.7495,-8.8074,PT
bicloo,Bicloo,"{'latitude': 47.218371, 'longitude': -1.553621, 'city': 'Nantes', 'country': 'FR'}",/v2/networks/bicloo,['JCDecaux'],,Cyclocity,https://developer.jcdecaux.com,,"{'name': 'Open Licence', 'url': 'https://developer.jcdecaux.com/#/opendata/licence'}",,,47.218371,-1.553621,FR
bicyklezadobreskutky,Bicykle za dobré skutky,"{'latitude': 48.996275, 'longitude': 21.234341, 'city': 'Prešov', 'country': 'SK'}",/v2/networks/bicyklezadobreskutky,['Open Source Bike Share'],,OpenSourceBikeShare,,,,,,48.996275,21.234341,SK
biella,Biella,"{'latitude': 45.5775, 'longitude': 8.051111, 'city': 'Biella', 'country': 'IT'}",/v2/networks/biella,['Comunicare S.r.l.'],,Bicincittà,https://www.bicincitta.com/frmLeStazioni.aspx?ID=112,,,,,45.5775,8.051111,IT
bigi,BiGi,"{'latitude': 45.695, 'longitude': 9.67, 'city': 'Bergamo', 'country': 'IT'}",/v2/networks/bigi,['Comunicare S.r.l.'],,Bicincittà,https://www.bicincitta.com/frmLeStazioni.aspx?ID=133,,,,,45.695,9.67,IT
bike-chattanooga,Bike Chattanooga,"{'latitude': 35.0456297, 'longitude': -85.3096801, 'city': 'Chattanooga, TN', 'country': 'US'}",/v2/networks/bike-chattanooga,"['Motivate International, Inc', 'PBSC']",https://chat.publicbikesystem.net/ube/gbfs/v1/,,,True,,,,35.0456297,-85.3096801,US
bike-curitiba,BikeCuritiba,"{'latitude': -25.4299, 'longitude': -49.2722, 'city': 'Curitiba', 'country': 'BR'}",/v2/networks/bike-curitiba,"['M1 Transportes Sustentáveis Ltda.', 'M2 Soluções Em Engenharia Ltda.', 'Tembici']",https://curitiba.publicbikesystem.net/customer/gbfs/v2/gbfs.json,,,,,,,-25.4299,-49.2722,BR
bike-itau-nordelta,Bike Itaú Nordelta,"{'latitude': -34.4146, 'longitude': -58.6493, 'city': 'Nordelta', 'country': 'AR'}",/v2/networks/bike-itau-nordelta,"['Tembici', 'Itaú Argentina', 'Zurich Insurance Group']",https://nordelta.publicbikesystem.net/customer/gbfs/v2/gbfs.json,,,,,,,-34.4146,-58.6493,AR
bikebrasilia,BikeBrasilia,"{'latitude': -15.795115, 'longitude': -47.887424, 'city': 'Brasília', 'country': 'BR'}",/v2/networks/bikebrasilia,['Tembici'],https://brasilia.publicbikesystem.net/customer/ube/gbfs/v1/,,,,,,,-15.795115,-47.887424,BR
bikekia-zilina,BikeKia,"{'latitude': 49.2217, 'longitude': 18.7572, 'city': 'Žilina', 'country': 'SK'}",/v2/networks/bikekia-zilina,['Nextbike GmbH'],,Nextbike,,,,,,49.2217,18.7572,SK
bikemi,BikeMi,"{'latitude': 45.4654542, 'longitude': 9.186516, 'city': 'Milano', 'country': 'IT'}",/v2/networks/bikemi,['IGP S.p.A.'],https://gbfs.urbansharing.com/bikemi.com/gbfs.json,,,True,,,,45.4654542,9.186516,IT
bikenmedio,BikEnmedio,"{'latitude': 42.9995, 'longitude': -4.1393, 'city': 'Campoo de Enmedio', 'country': 'ES'}",/v2/networks/bikenmedio,['Instituto Tecnológico de Castilla y León (ITCL)'],,bicicard,,,,,,42.9995,-4.1393,ES
bikepoa,BikePOA,"{'latitude': -30.033079, 'longitude': -51.23654, 'city': 'Porto Alegre', 'country': 'BR'}",/v2/networks/bikepoa,"['Tembici', 'PBSC Urban Solutions']",https://poa.publicbikesystem.net/ube/gbfs/v1/,,,,,,,-30.033079,-51.23654,BR
bikerecife,BikeRecife,"{'latitude': -8.047129, 'longitude': -34.873437, 'city': 'Recife', 'country': 'BR'}",/v2/networks/bikerecife,"['Tembici', 'PBSC Urban Solutions']",https://rec.publicbikesystem.net/ube/gbfs/v1/,,,,,,,-8.047129,-34.873437,BR
bikerio,BikeRio,"{'latitude': -22.904315, 'longitude': -43.184776, 'city': 'Rio de Janeiro', 'country': 'BR'}",/v2/networks/bikerio,"['Tembici', 'PBSC Urban Solutions']",https://riodejaneiro.publicbikesystem.net/ube/gbfs/v1/,,,,,,,-22.904315,-43.184776,BR
bikesalvador,BikeSalvador,"{'latitude': -12.973959, 'longitude': -38.508171, 'city': 'Salvador', 'country': 'BR'}",/v2/networks/bikesalvador,"['Tembici', 'PBSC Urban Solutions']",https://salvador.publicbikesystem.net/ube/gbfs/v1/,,,,,,,-12.973959,-38.508171,BR
bikesampa,BikeSampa,"{'latitude': -23.55, 'longitude': -46.6333, 'city': 'São Paulo', 'country': 'BR'}",/v2/networks/bikesampa,"['Tembici', 'PBSC Urban Solutions']",https://saopaulo.publicbikesystem.net/ube/gbfs/v1/,,,,,,,-23.55,-46.6333,BR
bikesantiago,BikeSantiago,"{'latitude': -33.45, 'longitude': -70.67, 'city': 'Santiago', 'country': 'CL'}",/v2/networks/bikesantiago,"['Tembici', 'PBSC Urban Solutions']",https://santiago.publicbikesystem.net/ube/gbfs/v1/,,,,,,,-33.45,-70.67,CL
bikesantos,BikeSantos,"{'latitude': -23.954052, 'longitude': -46.333345, 'city': 'Santos', 'country': 'BR'}",/v2/networks/bikesantos,"['Mobilicidade Tecnologia LTD', 'Grupo Serttel LTDA']",,Samba,,,,,,-23.954052,-46.333345,BR
bikeshare-peninsula-papagayo,Peninsula Papagayo Bike-Share,"{'latitude': 10.6246, 'longitude': -85.6796, 'city': 'Península de Papagayo', 'country': 'CR'}",/v2/networks/bikeshare-peninsula-papagayo,"['Ecodesarrollo Papagayo Limitada', 'Wegoshare, Lda']",,,,True,,,,10.6246,-85.6796,CR
biketown,BIKETOWN,"{'latitude': 45.52175423291714, 'longitude': -122.68107935786247, 'city': 'Portland, OR', 'country': 'US'}",/v2/networks/biketown,"['Portland Bureau of Transportation (PBOT)', 'Lyft Inc.']",https://gbfs.biketownpdx.com/gbfs/gbfs.json,,,,,,,45.52175423291714,-122.68107935786247,US
biketown-whq,Biketown WHQ (Nike campus),"{'latitude': 45.5087, 'longitude': -122.8294, 'city': 'Beaverton, OR', 'country': 'US'}",/v2/networks/biketown-whq,[],https://nike.publicbikesystem.net/customer/gbfs/v2/gbfs.json,,,,,,,45.5087,-122.8294,US
bikeu-bra,Bydgoski rower aglomeracyjny,"{'latitude': 53.12193, 'longitude': 18.00038, 'city': 'Bydgoszcz', 'country': 'PL'}",/v2/networks/bikeu-bra,['Bike U Sp. z o.o.'],,Bike U,,,,,,53.12193,18.00038,PL
bikeverona,Verona Bike,"{'latitude': 45.438611, 'longitude': 10.992778, 'city': 'Verona', 'country': 'IT'}",/v2/networks/bikeverona,"['IGP S.p.A.', 'Urban Sharing AS']",https://gbfs.urbansharing.com/bikeverona.it/gbfs.json,,,,,,,45.438611,10.992778,IT
bikevitoria,Bike Vitória,"{'latitude': -20.3202, 'longitude': -40.3375, 'city': 'Vitória', 'country': 'BR'}",/v2/networks/bikevitoria,"['Mobilicidade Tecnologia LTD', 'Grupo Serttel LTDA']",,Samba,,,,,,-20.3202,-40.3375,BR
biki,BIKI,"{'latitude': 41.6522, 'longitude': -4.7243, 'city': 'Valladolid', 'country': 'ES'}",/v2/networks/biki,['Autobuses Urbanos de Valladolid S.A'],,,,True,,,,41.6522,-4.7243,ES
bilbon-bizi,BilbonBizi,"{'latitude': 43.2752, 'longitude': -2.93528, 'city': 'Bilbao', 'country': 'ES'}",/v2/networks/bilbon-bizi,['Nextbike GmbH'],,Nextbike,,,,,,43.2752,-2.93528,ES
bismarck,BisPArks BCycle,"{'latitude': 46.8082, 'longitude': -100.7847, 'city': 'Bismarck, ND', 'country': 'US'}",/v2/networks/bismarck,"['BCycle, LLC']",https://gbfs.bcycle.com/bcycle_bismarck/gbfs.json,BCycle,,,,,,46.8082,-100.7847,US
bixi-montreal,Bixi,"{'latitude': 45.508693, 'longitude': -73.553928, 'city': 'Montréal, QC', 'country': 'CA'}",/v2/networks/bixi-montreal,"['Motivate International, Inc.', 'PBSC Urban Solutions', 'BIXI Montréal']",https://gbfs.velobixi.com/gbfs/gbfs.json,,,True,,,,45.508693,-73.553928,CA
bixi-toronto,Bike Share Toronto,"{'latitude': 43.653226, 'longitude': -79.3831843, 'city': 'Toronto, ON', 'country': 'CA'}",/v2/networks/bixi-toronto,"['Motivate International, Inc.', 'PBSC Urban Solutions']",https://tor.publicbikesystem.net/ube/gbfs/v1/,,,,,,,43.653226,-79.3831843,CA
bizi,Bizi,"{'latitude': 41.6487908, 'longitude': -0.8895811, 'city': 'Zaragoza', 'country': 'ES'}",/v2/networks/bizi,"['UTE Serveo Servicios', 'PBSC Urban Solutions']",https://zaragoza.publicbikesystem.net/customer/gbfs/v2/gbfs.json,,,,,,,41.6487908,-0.8895811,ES
bizkaibizi-barakaldo,Bizkaibizi,"{'latitude': 43.2966, 'longitude': -2.987, 'city': 'Barakaldo', 'country': 'ES'}",/v2/networks/bizkaibizi-barakaldo,['UTE Bizkaibizi'],,Bizkaibizi,,,,,,43.2966,-2.987,ES
bizkaibizi-berango,Bizkaibizi,"{'latitude': 43.3619, 'longitude': -2.9968, 'city': 'Berango', 'country': 'ES'}",/v2/networks/bizkaibizi-berango,['UTE Bizkaibizi'],,Bizkaibizi,,,,,,43.3619,-2.9968,ES
bizkaibizi-bilbao,Bizkaibizi,"{'latitude': 43.2617, 'longitude': -2.9491, 'city': 'Bilbao', 'country': 'ES'}",/v2/networks/bizkaibizi-bilbao,['UTE Bizkaibizi'],,Bizkaibizi,,,,,,43.2617,-2.9491,ES
bizkaibizi-erandio,Bizkaibizi,"{'latitude': 43.3029, 'longitude': -2.9756, 'city': 'Erandio', 'country': 'ES'}",/v2/networks/bizkaibizi-erandio,['UTE Bizkaibizi'],,Bizkaibizi,,,,,,43.3029,-2.9756,ES
bizkaibizi-getxo,Bizkaibizi,"{'latitude': 43.3476, 'longitude': -3.0088, 'city': 'getxo', 'country': 'ES'}",/v2/networks/bizkaibizi-getxo,['UTE Bizkaibizi'],,Bizkaibizi,,,,,,43.3476,-3.0088,ES
bizkaibizi-leioa,Bizkaibizi,"{'latitude': 43.3266, 'longitude': -2.9897, 'city': 'Leioa', 'country': 'ES'}",/v2/networks/bizkaibizi-leioa,['UTE Bizkaibizi'],,Bizkaibizi,,,,,,43.3266,-2.9897,ES
bizkaibizi-portugalete,Bizkaibizi,"{'latitude': 43.318, 'longitude': -3.0214, 'city': 'Portugalete', 'country': 'ES'}",/v2/networks/bizkaibizi-portugalete,['UTE Bizkaibizi'],,Bizkaibizi,,,,,,43.318,-3.0214,ES
bizkaibizi-santurtzi,Bizkaibizi,"{'latitude': 43.328, 'longitude': -3.0335, 'city': 'Santurtzi', 'country': 'ES'}",/v2/networks/bizkaibizi-santurtzi,['UTE Bizkaibizi'],,Bizkaibizi,,,,,,43.328,-3.0335,ES
bizkaibizi-sestao,Bizkaibizi,"{'latitude': 43.3093, 'longitude': -3.0068, 'city': 'Sestao', 'country': 'ES'}",/v2/networks/bizkaibizi-sestao,['UTE Bizkaibizi'],,Bizkaibizi,,,,,,43.3093,-3.0068,ES
bl-bike-banja-luka,BL bike,"{'latitude': 44.775, 'longitude': 17.1994, 'city': 'Banja Luka', 'country': 'BA'}",/v2/networks/bl-bike-banja-luka,['Nextbike GmbH'],,Nextbike,,,,,,44.775,17.1994,BA
blue-bikes,Blue Bikes,"{'latitude': 42.3584308, 'longitude': -71.0597732, 'city': 'Boston, MA', 'country': 'US'}",/v2/networks/blue-bikes,"['Motivate International, Inc.', 'PBSC Urban Solutions']",https://gbfs.bluebikes.com/gbfs/gbfs.json,,,True,,,,42.3584308,-71.0597732,US
bora,Bora!,"{'latitude': 40.656392, 'longitude': -7.912545, 'city': 'CIM Viseu Dão-Lafões', 'country': 'PT'}",/v2/networks/bora,"['SOLTRÁFEGO, SA']",,Soltrafego,,,,,,40.656392,-7.912545,PT
boulder,Boulder BCycle,"{'latitude': 40.00811, 'longitude': -105.26385, 'city': 'Boulder, CO', 'country': 'US'}",/v2/networks/boulder,"['BCycle, LLC']",https://gbfs.bcycle.com/bcycle_boulder/gbfs.json,BCycle,,,,,,40.00811,-105.26385,US
brindisi,BrindisiByBike,"{'latitude': 40.637580319936106, 'longitude': 17.940774547082572, 'city': 'Brindisi', 'country': 'IT'}",/v2/networks/brindisi,['Comunicare S.r.l.'],,Bicincittà,https://www.bicincitta.com/frmLeStazioni.aspx?ID=197,,,,,40.637580319936106,17.940774547082572,IT
broward,Broward BCycle,"{'latitude': 26.12026, 'longitude': -80.14819, 'city': 'Fort Lauderdale, FL', 'country': 'US'}",/v2/networks/broward,"['BCycle, LLC']",https://gbfs.bcycle.com/bcycle_broward/gbfs.json,BCycle,,,,,,26.12026,-80.14819,US
bubi,MOL Bubi,"{'latitude': 47.497912, 'longitude': 19.040235, 'city': 'Budapest', 'country': 'HU'}",/v2/networks/bubi,['Nextbike GmbH'],,Nextbike,,,,,,47.497912,19.040235,HU
bublr-bikes,Bublr Bikes,"{'latitude': 43.0369, 'longitude': -87.89667, 'city': 'Milwaukee, WI', 'country': 'US'}",/v2/networks/bublr-bikes,"['BCycle, LLC']",https://gbfs.bcycle.com/bcycle_bublr/gbfs.json,BCycle,,,,,,43.0369,-87.89667,US
buga,BUGA,"{'latitude': 40.6388, 'longitude': -8.6479, 'city': 'Aveiro', 'country': 'PT'}",/v2/networks/buga,"['SOLTRÁFEGO, SA']",,Soltrafego,,,,,,40.6388,-8.6479,PT
burgenland-neusiedler-see,Burgenland,"{'latitude': 47.839, 'longitude': 16.761, 'city': 'Neusiedler See', 'country': 'AT'}",/v2/networks/burgenland-neusiedler-see,['Nextbike GmbH'],,Nextbike,,,,,,47.839,16.761,AT
bysykkel-lillestrom,Bysykkel,"{'latitude': 59.9559696, 'longitude': 11.0503785, 'city': 'Lillestrøm', 'country': 'NO'}",/v2/networks/bysykkel-lillestrom,['JCDecaux'],,Cyclocity,https://developer.jcdecaux.com,,"{'name': 'Open Licence', 'url': 'https://developer.jcdecaux.com/#/opendata/licence'}",,,59.9559696,11.0503785,NO
c-velo,C.vélo,"{'latitude': 45.7831, 'longitude': 3.0824, 'city': 'Clermont-Ferrand', 'country': 'FR'}",/v2/networks/c-velo,"['CityBike France', 'PBSC Urban Solutions']",https://clermontferrand.publicbikesystem.net/customer/ube/gbfs/v1/,,,,,,,45.7831,3.0824,FR
cagliari,Cagliari,"{'latitude': 39.220817, 'longitude': 9.121399, 'city': 'Cagliari', 'country': 'IT'}",/v2/networks/cagliari,['Comunicare S.r.l.'],,Bicincittà,https://www.bicincitta.com/frmLeStazioni.aspx?ID=177,,,,,39.220817,9.121399,IT
callabike-berlin,Call-A-Bike,"{'latitude': 52.5179, 'longitude': 13.3895, 'city': 'Berlin', 'country': 'DE'}",/v2/networks/callabike-berlin,['Deutsche Bahn AG'],https://apis.deutschebahn.com/db-api-marketplace/apis/shared-mobility-gbfs/v2/de/CallABike/gbfs,deutschebahn,,,,,,52.5179,13.3895,DE
callabike-darmstadt,Call-A-Bike,"{'latitude': 49.8707135, 'longitude': 8.6527299, 'city': 'Darmstadt', 'country': 'DE'}",/v2/networks/callabike-darmstadt,['Deutsche Bahn AG'],https://apis.deutschebahn.com/db-api-marketplace/apis/shared-mobility-gbfs/v2/de/CallABike/gbfs,deutschebahn,,,,,,49.8707135,8.6527299,DE
callabike-frankfurt,Call-A-Bike,"{'latitude': 50.1109, 'longitude': 8.6795, 'city': 'Frankfurt', 'country': 'DE'}",/v2/networks/callabike-frankfurt,['Deutsche Bahn AG'],https://apis.deutschebahn.com/db-api-marketplace/apis/shared-mobility-gbfs/v2/de/CallABike/gbfs,deutschebahn,,,,,,50.1109,8.6795,DE
callabike-koln,Call-A-Bike,"{'latitude': 50.939, 'longitude': 6.9595, 'city': 'Köln', 'country': 'DE'}",/v2/networks/callabike-koln,['Deutsche Bahn AG'],https://apis.deutschebahn.com/db-api-marketplace/apis/shared-mobility-gbfs/v2/de/CallABike/gbfs,deutschebahn,,,,,,50.939,6.9595,DE
callabike-munchen,Call-A-Bike,"{'latitude': 48.1375, 'longitude': 11.5759, 'city': 'München', 'country': 'DE'}",/v2/networks/callabike-munchen,['Deutsche Bahn AG'],https://apis.deutschebahn.com/db-api-marketplace/apis/shared-mobility-gbfs/v2/de/CallABike/gbfs,deutschebahn,,,,,,48.1375,11.5759,DE
capital-bikeshare,Capital BikeShare,"{'latitude': 38.8967584, 'longitude': -77.03701629999999, 'city': 'Washington, DC', 'country': 'US'}",/v2/networks/capital-bikeshare,"['Motivate International, Inc.', 'PBSC Urban Solutions']",https://gbfs.capitalbikeshare.com/gbfs/gbfs.json,,,True,,,,38.8967584,-77.03701629999999,US
capmetro-austin,CapMetro Bikeshare,"{'latitude': 30.26408, 'longitude': -97.74355, 'city': 'Austin, TX', 'country': 'US'}",/v2/networks/capmetro-austin,"['CapMetro', 'City of Austin']",https://austin.publicbikesystem.net/customer/gbfs/v2/gbfs.json,,,,,,,30.26408,-97.74355,US
carbonia,Carbonia,"{'latitude': 39.167222, 'longitude': 8.522222, 'city': 'Carbonia', 'country': 'IT'}",/v2/networks/carbonia,['Comunicare S.r.l.'],,Bicincittà,https://www.bicincitta.com/frmLeStazioni.aspx?ID=173,,,,,39.167222,8.522222,IT
carvelo,carvelo eCargo-Bike Sharing,"{'latitude': 46.9829, 'longitude': 8.2331, 'city': 'Switzerland', 'country': 'CH'}",/v2/networks/carvelo,"['Mobilitätsakademie AG', 'Touring Club Switzerland (TCS)']",https://gbfs.prod.sharedmobility.ch/v2/gbfs/carvelo2go/gbfs,,https://github.com/SFOE/sharedmobility/blob/main/Access%20the%20data.md,,"{'name': 'Open Use', 'url': 'https://opendata.swiss/en/dataset/standorte-und-verfugbarkeit-von-shared-mobility-angeboten'}",,,46.9829,8.2331,CH
cascavel,Cascavel Vai de Bici,"{'latitude': -24.9558, 'longitude': -53.4566, 'city': 'Cascavel', 'country': 'BR'}",/v2/networks/cascavel,['Mobhis Automação Urbana'],,Mobhis,,,,,,-24.9558,-53.4566,BR
cassano-d-adda,Cassano d'Adda,"{'latitude': 45.5309616, 'longitude': 9.5155813, 'city': ""Cassano d'Adda"", 'country': 'IT'}",/v2/networks/cassano-d-adda,['Comunicare S.r.l.'],,Bicincittà,https://www.bicincitta.com/frmLeStazioni.aspx?ID=143,,,,,45.5309616,9.5155813,IT
castellucchio,Castellucchio,"{'latitude': 45.15047821582959, 'longitude': 10.651202201843262, 'city': 'Castellucchio', 'country': 'IT'}",/v2/networks/castellucchio,['Comunicare S.r.l.'],,Bicincittà,https://www.bicincitta.com/frmLeStazioni.aspx?ID=161,,,,,45.15047821582959,10.651202201843262,IT
chantrerie-captainbike,Chantrerie VLS (Captain Bike),"{'latitude': 47.2868203, 'longitude': -1.5210917, 'city': 'La Chantrerie, Nantes', 'country': 'FR'}",/v2/networks/chantrerie-captainbike,['Ecovelo'],https://api.gbfs.ecovelo.mobi/chantrerie/gbfs.json,Ecovelo,,True,,True,,47.2868203,-1.5210917,FR
charlotte,Charlotte Joyrides,"{'latitude': 35.22716, 'longitude': -80.83855, 'city': 'Charlotte, NC', 'country': 'US'}",/v2/networks/charlotte,"['BCycle, LLC']",https://gbfs.bcycle.com/bcycle_charlotte/gbfs.json,BCycle,,,,,,35.22716,-80.83855,US
chartered-bike-bhopal,Chartered Bike,"{'latitude': 23.258546, 'longitude': 77.401851, 'city': 'Bhopal', 'country': 'IN'}",/v2/networks/chartered-bike-bhopal,['CHARTERED BIKE PRIVATE LIMITED'],,Chartered Bike,,,,,,23.258546,77.401851,IN
chartered-bike-bilaspur,Chartered Bike,"{'latitude': 22.07834, 'longitude': 82.14768, 'city': 'Bilaspur', 'country': 'IN'}",/v2/networks/chartered-bike-bilaspur,['CHARTERED BIKE PRIVATE LIMITED'],,Chartered Bike,,,,,,22.07834,82.14768,IN
chartered-bike-moradabad,Chartered Bike,"{'latitude': 28.83263, 'longitude': 78.77346, 'city': 'Moradabad', 'country': 'IN'}",/v2/networks/chartered-bike-moradabad,['CHARTERED BIKE PRIVATE LIMITED'],,Chartered Bike,,,,,,28.83263,78.77346,IN
chartered-bike-prayagraj,Chartered Bike,"{'latitude': 25.43802, 'longitude': 81.83383, 'city': 'Prayagraj', 'country': 'IN'}",/v2/networks/chartered-bike-prayagraj,['CHARTERED BIKE PRIVATE LIMITED'],,Chartered Bike,,,,,,25.43802,81.83383,IN
chartered-bike-rajarhat-new-town,Chartered Bike,"{'latitude': 22.58797, 'longitude': 88.4731, 'city': 'Rajarhat New Town', 'country': 'IN'}",/v2/networks/chartered-bike-rajarhat-new-town,['CHARTERED BIKE PRIVATE LIMITED'],,Chartered Bike,,,,,,22.58797,88.4731,IN
chartered-bike-ranchi,Chartered Bike,"{'latitude': 23.37005, 'longitude': 85.325004, 'city': 'Ranchi', 'country': 'IN'}",/v2/networks/chartered-bike-ranchi,['CHARTERED BIKE PRIVATE LIMITED'],,Chartered Bike,,,,,,23.37005,85.325004,IN
chartered-bike-srinagar,Chartered Bike,"{'latitude': 34.07471, 'longitude': 74.82044, 'city': 'Srinagar', 'country': 'IN'}",/v2/networks/chartered-bike-srinagar,['CHARTERED BIKE PRIVATE LIMITED'],,Chartered Bike,,,,,,34.07471,74.82044,IN
chartered-bike-surat,Chartered Bike,"{'latitude': 21.18626, 'longitude': 72.80798, 'city': 'Surat', 'country': 'IN'}",/v2/networks/chartered-bike-surat,['CHARTERED BIKE PRIVATE LIMITED'],,Chartered Bike,,,,,,21.18626,72.80798,IN
chivasso,Chivasso,"{'latitude': 45.189765, 'longitude': 7.888935, 'city': 'Chivasso', 'country': 'IT'}",/v2/networks/chivasso,['Comunicare S.r.l.'],,Bicincittà,https://www.bicincitta.com/frmLeStazioni.aspx?ID=201,,,,,45.189765,7.888935,IT
choletbus,Choletbus 2 roues,"{'latitude': 47.06, 'longitude': -0.8783, 'city': 'Cholet', 'country': 'FR'}",/v2/networks/choletbus,['Ecovelo'],https://api.gbfs.ecovelo.mobi/choletbus/gbfs.json,Ecovelo,,True,,,,47.06,-0.8783,FR
ciclopi,Ciclopi,"{'latitude': 43.7228386, 'longitude': 10.4016888, 'city': 'Pisa', 'country': 'IT'}",/v2/networks/ciclopi,['Comunicare S.r.l.'],,Bicincittà,https://www.bicincitta.com/frmLeStazioni.aspx?ID=144,,,,,43.7228386,10.4016888,IT
cincy-red-bike,Cincy Red Bike,"{'latitude': 39.10138, 'longitude': -84.51217, 'city': 'Cincinnati, OH', 'country': 'US'}",/v2/networks/cincy-red-bike,"['BCycle, LLC']",https://gbfs.bcycle.com/bcycle_cincyredbike/gbfs.json,BCycle,,,,,,39.10138,-84.51217,US
citi-bike-miami,Citi Bike Miami,"{'latitude': 25.790654, 'longitude': -80.1300455, 'city': 'Miami, FL', 'country': 'US'}",/v2/networks/citi-bike-miami,['DecoBike LLC'],,DecoBike,,,,,,25.790654,-80.1300455,US
citi-bike-nyc,Citi Bike,"{'latitude': 40.7143528, 'longitude': -74.00597309999999, 'city': 'New York, NY', 'country': 'US'}",/v2/networks/citi-bike-nyc,"['NYC Bike Share, LLC', 'Motivate International, Inc.', 'PBSC Urban Solutions']",https://gbfs.citibikenyc.com/gbfs/gbfs.json,,,True,,,,40.7143528,-74.00597309999999,US
citybike-lima,CityBike Lima,"{'latitude': -12.1209, 'longitude': -77.0296, 'city': 'Lima', 'country': 'PE'}",/v2/networks/citybike-lima,"['CityBike Miraflores S.A.C.', 'CityBike San Isidro S.A.C', 'Fifteen', 'Moventia']",,,,,,,,-12.1209,-77.0296,PE
citybikelinz,city bike Linz,"{'latitude': 48.3003, 'longitude': 14.2843, 'city': 'Linz', 'country': 'AT'}",/v2/networks/citybikelinz,['Nextbike GmbH'],,Nextbike,,,,,,48.3003,14.2843,AT
citybikes-helsinki,City bikes,"{'latitude': 60.16985569999999, 'longitude': 24.938379, 'city': 'Helsinki', 'country': 'FI'}",/v2/networks/citybikes-helsinki,"['Helsinki City Transport', 'Helsinki Regional Transport', 'CityBikeFinland', 'Smoove SAS', 'Moventia', 'Alepa']",,OTP,,,,,,60.16985569999999,24.938379,FI
civitavecchia,Civitavecchia,"{'latitude': 42.0937524, 'longitude': 11.7922462, 'city': 'Civitavecchia', 'country': 'IT'}",/v2/networks/civitavecchia,['Comunicare S.r.l.'],,Bicincittà,https://www.bicincitta.com/frmLeStazioni.aspx?ID=127,,,,,42.0937524,11.7922462,IT
clemson,Clemson University Bike Share,"{'latitude': 34.67847, 'longitude': -82.8351, 'city': 'Clemson, SC', 'country': 'US'}",/v2/networks/clemson,"['BCycle, LLC']",https://gbfs.bcycle.com/bcycle_clemson/gbfs.json,BCycle,,,,,,34.67847,-82.8351,US
clujbike,Cluj Bike,"{'latitude': 46.775, 'longitude': 23.5975, 'city': 'Cluj-Napoca', 'country': 'RO'}",/v2/networks/clujbike,['Municipiul Cluj-Napoca'],,Clujbike,,,,,,46.775,23.5975,RO
co-bikes-exeter,Co-bikes,"{'latitude': 50.7272, 'longitude': -3.53605, 'city': 'Exeter', 'country': 'GB'}",/v2/networks/co-bikes-exeter,['Nextbike GmbH'],,,,,,,,50.7272,-3.53605,GB
cogo,CoGo,"{'latitude': 39.983333, 'longitude': -82.983333, 'city': 'Columbus, OH', 'country': 'US'}",/v2/networks/cogo,"['Motivate International, Inc.', 'PBSC Urban Solutions']",https://gbfs.cogobikeshare.com/gbfs/gbfs.json,,,True,,,,39.983333,-82.983333,US
cork,TFI Bikes,"{'latitude': 51.893604, 'longitude': -8.494174, 'city': 'Cork', 'country': 'IE'}",/v2/networks/cork,['The National Transport Authority'],,TFI Bikes,,,,,,51.893604,-8.494174,IE
cuneo,Cuneo,"{'latitude': 44.384238, 'longitude': 7.541428, 'city': 'Cuneo', 'country': 'IT'}",/v2/networks/cuneo,['Comunicare S.r.l.'],,Bicincittà,https://www.bicincitta.com/frmLeStazioni.aspx?ID=39,,,,,44.384238,7.541428,IT
cyclam,Cycl’AM,"{'latitude': 49.7719, 'longitude': 4.7161, 'city': 'Ardenne Métropole', 'country': 'FR'}",/v2/networks/cyclam,['Ecovelo'],https://api.gbfs.ecovelo.mobi/cyclam/gbfs.json,Ecovelo,,True,,,,49.7719,4.7161,FR
cyclolibre,CYCLOlibre,"{'latitude': 43.2127, 'longitude': 2.3492, 'city': 'Carcassonne', 'country': 'FR'}",/v2/networks/cyclolibre,['Ecovelo'],https://api.gbfs.ecovelo.mobi/cyclolibre/gbfs.json,Ecovelo,,True,,,,43.2127,2.3492,FR
cyclopolis-aua,Γεωπονικό Πανεπιστήμιο Αθηνών (Agricultural University of Athens),"{'latitude': 37.9846, 'longitude': 23.7056, 'city': 'Athens', 'country': 'GR'}",/v2/networks/cyclopolis-aua,['Cyclopolis Systems'],,Cyclopolis,,,,,,37.9846,23.7056,GR
cyclopolis-chania,Cyclopolis,"{'latitude': 35.5148425, 'longitude': 24.0177549, 'city': 'Chania', 'country': 'GR'}",/v2/networks/cyclopolis-chania,['Cyclopolis Systems'],,Cyclopolis,,,,,,35.5148425,24.0177549,GR
cyclopolis-edessa,Cyclopolis,"{'latitude': 40.8033168, 'longitude': 22.0436732, 'city': 'Edessa', 'country': 'GR'}",/v2/networks/cyclopolis-edessa,['Cyclopolis Systems'],,Cyclopolis,,,,,,40.8033168,22.0436732,GR
cyclopolis-igoumenitsa,Cyclopolis,"{'latitude': 39.5031199, 'longitude': 20.2639271, 'city': 'Igoumenitsa', 'country': 'GR'}",/v2/networks/cyclopolis-igoumenitsa,['Cyclopolis Systems'],,Cyclopolis,,,,,,39.5031199,20.2639271,GR
cyclopolis-loutraki,Cyclopolis,"{'latitude': 37.9782137, 'longitude': 22.9767486, 'city': 'Loutraki', 'country': 'GR'}",/v2/networks/cyclopolis-loutraki,['Cyclopolis Systems'],,Cyclopolis,,,,,,37.9782137,22.9767486,GR
cyclopolis-poros,Cyclopolis,"{'latitude': 37.4995, 'longitude': 23.4546, 'city': 'Poros', 'country': 'GR'}",/v2/networks/cyclopolis-poros,['Cyclopolis Systems'],,Cyclopolis,,,,,,37.4995,23.4546,GR
cyclovis,Cyclovis,"{'latitude': 49.3817, 'longitude': 3.3236, 'city': 'Soissons', 'country': 'FR'}",/v2/networks/cyclovis,['Ecovelo'],https://api.gbfs.ecovelo.mobi/cyclovis/gbfs.json,Ecovelo,,True,,,,49.3817,3.3236,FR
cykl,Cykl,"{'latitude': 51.974, 'longitude': 5.6671, 'city': 'Wageningen', 'country': 'NL'}",/v2/networks/cykl,['Open Source Bike Share'],,OpenSourceBikeShare,,,,,,51.974,5.6671,NL
dbizi,Dbizi,"{'latitude': 43.3186, 'longitude': -1.9836, 'city': 'Donostia/San Sebastián', 'country': 'ES'}",/v2/networks/dbizi,"['UTE BIZISS', 'Movilidad Urbana Sostenible SLU', 'URBASER, S.A.', 'AENOR INTERNACIONAL S.A.', 'PBSC Urban Solutions']",https://sansebastian.publicbikesystem.net/customer/gbfs/v2/gbfs.json,,,,,,,43.3186,-1.9836,ES
dcs-bike,DCS Bike,"{'latitude': 49.5346, 'longitude': 8.47004, 'city': 'Mannheim', 'country': 'DE'}",/v2/networks/dcs-bike,['Nextbike GmbH'],,Nextbike,,,,,,49.5346,8.47004,DE
denver,Lyft,"{'latitude': 39.72055, 'longitude': -104.95253, 'city': 'Denver, CO', 'country': 'US'}",/v2/networks/denver,['Lyft Inc.'],https://s3.amazonaws.com/lyft-lastmile-production-iad/lbs/den/gbfs.json,,,,,,,39.72055,-104.95253,US
desmoines,Des Moines BCycle,"{'latitude': 41.6005448, 'longitude': -93.6091064, 'city': 'Des Moines, IA', 'country': 'US'}",/v2/networks/desmoines,"['BCycle, LLC']",https://gbfs.bcycle.com/bcycle_desmoines/gbfs.json,BCycle,,,,,,41.6005448,-93.6091064,US
divia-velodi,DiviaVélodi,"{'latitude': 47.3215806, 'longitude': 5.0414701, 'city': 'Dijon', 'country': 'FR'}",/v2/networks/divia-velodi,['Cykleo SAS'],,Cykleo,,,,,,47.3215806,5.0414701,FR
divvy,Divvy,"{'latitude': 41.8781136, 'longitude': -87.6297982, 'city': 'Chicago, IL', 'country': 'US'}",/v2/networks/divvy,"['Motivate International, Inc.', 'PBSC Urban Solutions']",https://gbfs.divvybikes.com/gbfs/gbfs.json,,,True,,,,41.8781136,-87.6297982,US
docomo-cycle-aichi,Docomo Bike Share Aichi,"{'latitude': 35.1835, 'longitude': 136.904, 'city': '愛知県 (Aichi)', 'country': 'JP'}",/v2/networks/docomo-cycle-aichi,"['DOCOMO BIKE SHARE, INC.']",https://api-public.odpt.org/api/v4/gbfs/docomo-cycle/gbfs.json,,https://ckan.odpt.org/en/dataset/c_bikeshare_gbfs-d-nationwide-bikeshare,,"{'name': 'Creative Commons Attribution 4.0 International (CC BY 4.0)', 'url': 'https://creativecommons.org/licenses/by/4.0/'}",,,35.1835,136.904,JP
docomo-cycle-fukui,Docomo Bike Share Fukui,"{'latitude': 36.0665, 'longitude': 136.2138, 'city': '福井県 (Fukui)', 'country': 'JP'}",/v2/networks/docomo-cycle-fukui,"['DOCOMO BIKE SHARE, INC.']",https://api-public.odpt.org/api/v4/gbfs/docomo-cycle/gbfs.json,,https://ckan.odpt.org/en/dataset/c_bikeshare_gbfs-d-nationwide-bikeshare,,"{'name': 'Creative Commons Attribution 4.0 International (CC BY 4.0)', 'url': 'https://creativecommons.org/licenses/by/4.0/'}",,,36.0665,136.2138,JP
docomo-cycle-gifu,Docomo Bike Share Gifu,"{'latitude': 35.4512, 'longitude': 137.02627, 'city': '岐阜県 (Gifu)', 'country': 'JP'}",/v2/networks/docomo-cycle-gifu,"['DOCOMO BIKE SHARE, INC.']",https://api-public.odpt.org/api/v4/gbfs/docomo-cycle/gbfs.json,,https://ckan.odpt.org/en/dataset/c_bikeshare_gbfs-d-nationwide-bikeshare,,"{'name': 'Creative Commons Attribution 4.0 International (CC BY 4.0)', 'url': 'https://creativecommons.org/licenses/by/4.0/'}",,,35.4512,137.02627,JP
docomo-cycle-hiroshima,Docomo Bike Share Hiroshima,"{'latitude': 34.3904, 'longitude': 132.4527, 'city': '広島県 (Hiroshima)', 'country': 'JP'}",/v2/networks/docomo-cycle-hiroshima,"['DOCOMO BIKE SHARE, INC.']",https://api-public.odpt.org/api/v4/gbfs/docomo-cycle/gbfs.json,,https://ckan.odpt.org/en/dataset/c_bikeshare_gbfs-d-nationwide-bikeshare,,"{'name': 'Creative Commons Attribution 4.0 International (CC BY 4.0)', 'url': 'https://creativecommons.org/licenses/by/4.0/'}",,,34.3904,132.4527,JP
docomo-cycle-hyogo,Docomo Bike Share Hyōgo,"{'latitude': 34.8147, 'longitude': 134.689, 'city': '兵庫県 (Hyōgo)', 'country': 'JP'}",/v2/networks/docomo-cycle-hyogo,"['DOCOMO BIKE SHARE, INC.']",https://api-public.odpt.org/api/v4/gbfs/docomo-cycle/gbfs.json,,https://ckan.odpt.org/en/dataset/c_bikeshare_gbfs-d-nationwide-bikeshare,,"{'name': 'Creative Commons Attribution 4.0 International (CC BY 4.0)', 'url': 'https://creativecommons.org/licenses/by/4.0/'}",,,34.8147,134.689,JP
docomo-cycle-ibaraki,Docomo Bike Share Ibaraki,"{'latitude': 36.3732, 'longitude': 140.2549, 'city': '茨城県 (Ibaraki)', 'country': 'JP'}",/v2/networks/docomo-cycle-ibaraki,"['DOCOMO BIKE SHARE, INC.']",https://api-public.odpt.org/api/v4/gbfs/docomo-cycle/gbfs.json,,https://ckan.odpt.org/en/dataset/c_bikeshare_gbfs-d-nationwide-bikeshare,,"{'name': 'Creative Commons Attribution 4.0 International (CC BY 4.0)', 'url': 'https://creativecommons.org/licenses/by/4.0/'}",,,36.3732,140.2549,JP
docomo-cycle-ishikawa,Docomo Bike Share Ishikawa,"{'latitude': 36.5594, 'longitude': 136.658, 'city': '石川県 (Ishikawa)', 'country': 'JP'}",/v2/networks/docomo-cycle-ishikawa,"['DOCOMO BIKE SHARE, INC.']",https://api-public.odpt.org/api/v4/gbfs/docomo-cycle/gbfs.json,,https://ckan.odpt.org/en/dataset/c_bikeshare_gbfs-d-nationwide-bikeshare,,"{'name': 'Creative Commons Attribution 4.0 International (CC BY 4.0)', 'url': 'https://creativecommons.org/licenses/by/4.0/'}",,,36.5594,136.658,JP
docomo-cycle-kagoshima,Docomo Bike Share Kagoshima,"{'latitude': 31.588, 'longitude': 130.5547, 'city': '鹿児島県 (Kagoshima)', 'country': 'JP'}",/v2/networks/docomo-cycle-kagoshima,"['DOCOMO BIKE SHARE, INC.']",https://api-public.odpt.org/api/v4/gbfs/docomo-cycle/gbfs.json,,https://ckan.odpt.org/en/dataset/c_bikeshare_gbfs-d-nationwide-bikeshare,,"{'name': 'Creative Commons Attribution 4.0 International (CC BY 4.0)', 'url': 'https://creativecommons.org/licenses/by/4.0/'}",,,31.588,130.5547,JP
docomo-cycle-kanagawa,Docomo Bike Share Kanagawa,"{'latitude': 35.4504, 'longitude': 139.625, 'city': '神奈川県 (Kanagawa)', 'country': 'JP'}",/v2/networks/docomo-cycle-kanagawa,"['DOCOMO BIKE SHARE, INC.']",https://api-public.odpt.org/api/v4/gbfs/docomo-cycle/gbfs.json,,https://ckan.odpt.org/en/dataset/c_bikeshare_gbfs-d-nationwide-bikeshare,,"{'name': 'Creative Commons Attribution 4.0 International (CC BY 4.0)', 'url': 'https://creativecommons.org/licenses/by/4.0/'}",,,35.4504,139.625,JP
docomo-cycle-kyoto,Docomo Bike Share Kyoto,"{'latitude': 35.0001, 'longitude': 135.7587, 'city': '京都府 (Kyoto)', 'country': 'JP'}",/v2/networks/docomo-cycle-kyoto,"['DOCOMO BIKE SHARE, INC.']",https://api-public.odpt.org/api/v4/gbfs/docomo-cycle/gbfs.json,,https://ckan.odpt.org/en/dataset/c_bikeshare_gbfs-d-nationwide-bikeshare,,"{'name': 'Creative Commons Attribution 4.0 International (CC BY 4.0)', 'url': 'https://creativecommons.org/licenses/by/4.0/'}",,,35.0001,135.7587,JP
docomo-cycle-miyagi,Docomo Bike Share Miyagi,"{'latitude': 38.2607, 'longitude': 140.8814, 'city': '茨城県 (Miyagi)', 'country': 'JP'}",/v2/networks/docomo-cycle-miyagi,"['DOCOMO BIKE SHARE, INC.']",https://api-public.odpt.org/api/v4/gbfs/docomo-cycle/gbfs.json,,https://ckan.odpt.org/en/dataset/c_bikeshare_gbfs-d-nationwide-bikeshare,,"{'name': 'Creative Commons Attribution 4.0 International (CC BY 4.0)', 'url': 'https://creativecommons.org/licenses/by/4.0/'}",,,38.2607,140.8814,JP
docomo-cycle-nara,Docomo Bike Share Nara,"{'latitude': 34.6839, 'longitude': 135.8087, 'city': '奈良県 (Nara)', 'country': 'JP'}",/v2/networks/docomo-cycle-nara,"['DOCOMO BIKE SHARE, INC.']",https://api-public.odpt.org/api/v4/gbfs/docomo-cycle/gbfs.json,,https://ckan.odpt.org/en/dataset/c_bikeshare_gbfs-d-nationwide-bikeshare,,"{'name': 'Creative Commons Attribution 4.0 International (CC BY 4.0)', 'url': 'https://creativecommons.org/licenses/by/4.0/'}",,,34.6839,135.8087,JP
docomo-cycle-niigata,Docomo Bike Share Niigata,"{'latitude': 37.9186, 'longitude': 139.0488, 'city': '新潟県 (Niigata)', 'country': 'JP'}",/v2/networks/docomo-cycle-niigata,"['DOCOMO BIKE SHARE, INC.']",https://api-public.odpt.org/api/v4/gbfs/docomo-cycle/gbfs.json,,https://ckan.odpt.org/en/dataset/c_bikeshare_gbfs-d-nationwide-bikeshare,,"{'name': 'Creative Commons Attribution 4.0 International (CC BY 4.0)', 'url': 'https://creativecommons.org/licenses/by/4.0/'}",,,37.9186,139.0488,JP
docomo-cycle-oita,Docomo Bike Share Ōita,"{'latitude': 33.2393, 'longitude': 131.6124, 'city': '大分県 (Ōita)', 'country': 'JP'}",/v2/networks/docomo-cycle-oita,"['DOCOMO BIKE SHARE, INC.']",https://api-public.odpt.org/api/v4/gbfs/docomo-cycle/gbfs.json,,https://ckan.odpt.org/en/dataset/c_bikeshare_gbfs-d-nationwide-bikeshare,,"{'name': 'Creative Commons Attribution 4.0 International (CC BY 4.0)', 'url': 'https://creativecommons.org/licenses/by/4.0/'}",,,33.2393,131.6124,JP
docomo-cycle-okayama,Docomo Bike Share Okayama,"{'latitude': 34.603, 'longitude': 133.765, 'city': '岡山県 (Okayama)', 'country': 'JP'}",/v2/networks/docomo-cycle-okayama,"['DOCOMO BIKE SHARE, INC.']",https://api-public.odpt.org/api/v4/gbfs/docomo-cycle/gbfs.json,,https://ckan.odpt.org/en/dataset/c_bikeshare_gbfs-d-nationwide-bikeshare,,"{'name': 'Creative Commons Attribution 4.0 International (CC BY 4.0)', 'url': 'https://creativecommons.org/licenses/by/4.0/'}",,,34.603,133.765,JP
docomo-cycle-okinawa,Docomo Bike Share Okinawa,"{'latitude': 26.2097, 'longitude': 127.6841, 'city': '沖縄県 (Okinawa)', 'country': 'JP'}",/v2/networks/docomo-cycle-okinawa,"['DOCOMO BIKE SHARE, INC.']",https://api-public.odpt.org/api/v4/gbfs/docomo-cycle/gbfs.json,,https://ckan.odpt.org/en/dataset/c_bikeshare_gbfs-d-nationwide-bikeshare,,"{'name': 'Creative Commons Attribution 4.0 International (CC BY 4.0)', 'url': 'https://creativecommons.org/licenses/by/4.0/'}",,,26.2097,127.6841,JP
docomo-cycle-osaka,Docomo Bike Share Osaka,"{'latitude': 34.693, 'longitude': 135.5028, 'city': '大阪府 (Osaka)', 'country': 'JP'}",/v2/networks/docomo-cycle-osaka,"['DOCOMO BIKE SHARE, INC.']",https://api-public.odpt.org/api/v4/gbfs/docomo-cycle/gbfs.json,,https://ckan.odpt.org/en/dataset/c_bikeshare_gbfs-d-nationwide-bikeshare,,"{'name': 'Creative Commons Attribution 4.0 International (CC BY 4.0)', 'url': 'https://creativecommons.org/licenses/by/4.0/'}",,,34.693,135.5028,JP
docomo-cycle-shiga,Docomo Bike Share Shiga,"{'latitude': 35.0378, 'longitude': 135.9801, 'city': '滋賀県 (Shiga)', 'country': 'JP'}",/v2/networks/docomo-cycle-shiga,"['DOCOMO BIKE SHARE, INC.']",https://api-public.odpt.org/api/v4/gbfs/docomo-cycle/gbfs.json,,https://ckan.odpt.org/en/dataset/c_bikeshare_gbfs-d-nationwide-bikeshare,,"{'name': 'Creative Commons Attribution 4.0 International (CC BY 4.0)', 'url': 'https://creativecommons.org/licenses/by/4.0/'}",,,35.0378,135.9801,JP
docomo-cycle-tokyo,Docomo Bike Share Tokyo,"{'latitude': 35.6827, 'longitude': 139.766, 'city': 'Tokyo', 'country': 'JP'}",/v2/networks/docomo-cycle-tokyo,"['DOCOMO BIKE SHARE, INC.']",https://api-public.odpt.org/api/v4/gbfs/docomo-cycle-tokyo/gbfs.json,,https://ckan.odpt.org/en/dataset/c_bikeshare_gbfs-d-bikeshare,,"{'name': 'Creative Commons Attribution 4.0 International (CC BY 4.0)', 'url': 'https://creativecommons.org/licenses/by/4.0/'}",,,35.6827,139.766,JP
docomo-cycle-yamanashi,Docomo Bike Share Yamanashi,"{'latitude': 35.6848, 'longitude': 138.733, 'city': '山梨県 (Yamanashi)', 'country': 'JP'}",/v2/networks/docomo-cycle-yamanashi,"['DOCOMO BIKE SHARE, INC.']",https://api-public.odpt.org/api/v4/gbfs/docomo-cycle/gbfs.json,,https://ckan.odpt.org/en/dataset/c_bikeshare_gbfs-d-nationwide-bikeshare,,"{'name': 'Creative Commons Attribution 4.0 International (CC BY 4.0)', 'url': 'https://creativecommons.org/licenses/by/4.0/'}",,,35.6848,138.733,JP
donkey-gh,Donkey Republic - Gent,"{'latitude': 51.05, 'longitude': 3.7303, 'city': 'Gent', 'country': 'BE'}",/v2/networks/donkey-gh,['Donkey Republic'],https://stables.donkey.bike/api/public/gbfs/donkey_gh/gbfs,,,,,,,51.05,3.7303,BE
dott-ibiza,Dott Ibiza,"{'latitude': 38.91, 'longitude': 1.4334, 'city': 'Ibiza', 'country': 'ES'}",/v2/networks/dott-ibiza,['Dott'],https://gbfs.api.ridedott.com/public/v2/ibiza/gbfs.json,,,,,,,38.91,1.4334,ES
dott-murcia,Dott,"{'latitude': 37.9872, 'longitude': -1.1287, 'city': 'Murcia', 'country': 'ES'}",/v2/networks/dott-murcia,['Dott'],https://gbfs.api.ridedott.com/public/v2/murcia/gbfs.json,,,,,,,37.9872,-1.1287,ES
dott-tarragona,Dott Tarragona,"{'latitude': 41.1178, 'longitude': 1.2553, 'city': 'Tarragona', 'country': 'ES'}",/v2/networks/dott-tarragona,['Dott'],https://gbfs.api.ridedott.com/public/v2/tarragona/gbfs.json,,,,,,,41.1178,1.2553,ES
dubai-careem-bike,Dubai Careem BIKE,"{'latitude': 25.1713, 'longitude': 55.2324, 'city': 'Dubai', 'country': 'AE'}",/v2/networks/dubai-careem-bike,['Careem'],https://dubai.publicbikesystem.net/customer/gbfs/v2/en/gbfs.json,,,,,,,25.1713,55.2324,AE
dublinbikes,dublinbikes,"{'latitude': 53.3498053, 'longitude': -6.2603097, 'city': 'Dublin', 'country': 'IE'}",/v2/networks/dublinbikes,['JCDecaux'],,Cyclocity,https://developer.jcdecaux.com,,"{'name': 'Open Licence', 'url': 'https://developer.jcdecaux.com/#/opendata/licence'}",,,53.3498053,-6.2603097,IE
e-motion-rovereto,e.motion,"{'latitude': 45.88710661061543, 'longitude': 11.042242751867644, 'city': 'Rovereto', 'country': 'IT'}",/v2/networks/e-motion-rovereto,['Comunicare S.r.l.'],,Bicincittà,https://www.bicincitta.com/frmLeStazioni.aspx?ID=189,,,,,45.88710661061543,11.042242751867644,IT
e-motion-trento,e.motion,"{'latitude': 46.06643205823519, 'longitude': 11.122145390351879, 'city': 'Trento', 'country': 'IT'}",/v2/networks/e-motion-trento,['Comunicare S.r.l.'],,Bicincittà,https://www.bicincitta.com/frmLeStazioni.aspx?ID=187,,,,,46.06643205823519,11.122145390351879,IT
easybike-didymoteicho,EasyBike,"{'latitude': 41.3502539849, 'longitude': 26.4972960949, 'city': 'Didymoteicho', 'country': 'GR'}",/v2/networks/easybike-didymoteicho,"['Brainbox Technology', 'Smoove SAS']",,EasyBike,,,,,,41.3502539849,26.4972960949,GR
easybike-glyfada,EasyBike,"{'latitude': 37.8715809825, 'longitude': 23.7355544376, 'city': 'Glyfada', 'country': 'GR'}",/v2/networks/easybike-glyfada,"['Brainbox Technology', 'Smoove SAS']",,EasyBike,,,,,,37.8715809825,23.7355544376,GR
easybike-igoumenitsa,EasyBike,"{'latitude': 39.5005770633, 'longitude': 20.2635206985, 'city': 'Igoumenitsa', 'country': 'GR'}",/v2/networks/easybike-igoumenitsa,"['Brainbox Technology', 'Smoove SAS']",,EasyBike,,,,,,39.5005770633,20.2635206985,GR
easybike-ioannina,EasyBike,"{'latitude': 39.6639818, 'longitude': 20.8522784, 'city': 'Ioannina', 'country': 'GR'}",/v2/networks/easybike-ioannina,"['Brainbox Technology', 'Smoove SAS']",,EasyBike,,,,,,39.6639818,20.8522784,GR
easybike-irakleio,EasyBike,"{'latitude': 35.338735, 'longitude': 25.144213, 'city': 'Irakleio', 'country': 'GR'}",/v2/networks/easybike-irakleio,"['Brainbox Technology', 'Smoove SAS']",,EasyBike,,,,,,35.338735,25.144213,GR
easybike-karditsa,EasyBike,"{'latitude': 39.3634604, 'longitude': 21.9211192, 'city': 'Karditsa', 'country': 'GR'}",/v2/networks/easybike-karditsa,"['Brainbox Technology', 'Smoove SAS']",,EasyBike,,,,,,39.3634604,21.9211192,GR
easybike-kinouria,EasyBike,"{'latitude': 37.1476704305, 'longitude': 22.8933729935, 'city': 'Kinouria', 'country': 'GR'}",/v2/networks/easybike-kinouria,"['Brainbox Technology', 'Smoove SAS']",,EasyBike,,,,,,37.1476704305,22.8933729935,GR
easybike-komotini,EasyBike,"{'latitude': 41.117833, 'longitude': 25.4041307, 'city': 'Komotini', 'country': 'GR'}",/v2/networks/easybike-komotini,"['Brainbox Technology', 'Smoove SAS']",,EasyBike,,,,,,41.117833,25.4041307,GR
easybike-mani,EasyBike,"{'latitude': 41.4097472, 'longitude': 26.4024952, 'city': 'Mani', 'country': 'GR'}",/v2/networks/easybike-mani,"['Brainbox Technology', 'Smoove SAS']",,EasyBike,,,,,,41.4097472,26.4024952,GR
easybike-patra,EasyBike,"{'latitude': 38.2410966371, 'longitude': 21.7259683418, 'city': 'Patra', 'country': 'GR'}",/v2/networks/easybike-patra,"['Brainbox Technology', 'Smoove SAS']",,EasyBike,,,,,,38.2410966371,21.7259683418,GR
easybike-rethymno,EasyBike,"{'latitude': 35.3667571777, 'longitude': 24.4832845736, 'city': 'Rethymno', 'country': 'GR'}",/v2/networks/easybike-rethymno,"['Brainbox Technology', 'Smoove SAS']",,EasyBike,,,,,,35.3667571777,24.4832845736,GR
easybike-samos,EasyBike,"{'latitude': 37.754065919, 'longitude': 26.9787850189, 'city': 'Samos', 'country': 'GR'}",/v2/networks/easybike-samos,"['Brainbox Technology', 'Smoove SAS']",,EasyBike,,,,,,37.754065919,26.9787850189,GR
ecobici,EcoBici,"{'latitude': 19.4326077, 'longitude': -99.133208, 'city': 'Cd de México', 'country': 'MX'}",/v2/networks/ecobici,"['5M2 S.A. DE C.V.', 'BKT BICIPÚBLICA S.A. DE C.V.', 'Lyft Inc.']",https://gbfs.mex.lyftbikes.com/gbfs/gbfs.json,,,,,,,19.4326077,-99.133208,MX
ecobici-buenos-aires,Ecobici,"{'latitude': -34.630665, 'longitude': -58.41156, 'city': 'Buenos Aires', 'country': 'AR'}",/v2/networks/ecobici-buenos-aires,"['Tembici', 'Itaú Argentina']",https://buenosaires.publicbikesystem.net/customer/gbfs/v2/gbfs.json,,,,,,,-34.630665,-58.41156,AR
edeka-gruenheide-mark,EDEKA Grünheide,"{'latitude': 52.4247, 'longitude': 13.8203, 'city': 'Grünheide (Mark)', 'country': 'DE'}",/v2/networks/edeka-gruenheide-mark,['Nextbike GmbH'],,Nextbike,,,,,,52.4247,13.8203,DE
eifel,Eifel e-Bike,"{'latitude': 50.5771, 'longitude': 6.64673, 'city': 'Eifel e-Bike', 'country': 'DE'}",/v2/networks/eifel,['Nextbike GmbH'],,Nextbike,,,,,,50.5771,6.64673,DE
elpaso,El Paso BCycle,"{'latitude': 31.76148, 'longitude': -106.48507, 'city': 'El Paso, TX', 'country': 'US'}",/v2/networks/elpaso,"['BCycle, LLC']",https://gbfs.bcycle.com/bcycle_elpaso/gbfs.json,BCycle,,,,,,31.76148,-106.48507,US
emobi-osijek,eMobi (Croatia),"{'latitude': 45.554, 'longitude': 18.6943, 'city': 'Osijek', 'country': 'HR'}",/v2/networks/emobi-osijek,['Nextbike GmbH'],,Nextbike,,,,,,45.554,18.6943,HR
encicla,EnCicla,"{'latitude': 6.2443, 'longitude': -75.5735, 'city': 'Medellin', 'country': 'CO'}",/v2/networks/encicla,['Sistema de Bicicletas Públicas del Valle de Aburrá'],,Encicla,,,,,,6.2443,-75.5735,CO
enna,Enna,"{'latitude': 37.56342572664775, 'longitude': 14.27973747253418, 'city': 'Enna', 'country': 'IT'}",/v2/networks/enna,['Comunicare S.r.l.'],,Bicincittà,https://www.bicincitta.com/frmLeStazioni.aspx?ID=163,,,,,37.56342572664775,14.27973747253418,IT
eoulling-sejong,어울링 (Eoulling),"{'latitude': 36.4901, 'longitude': 127.2829, 'city': '세종 (Sejong)', 'country': 'KR'}",/v2/networks/eoulling-sejong,['Sejong City Transportation Corporation'],,,,,,,,36.4901,127.2829,KR
facherrad-karlsruhe,Fächerrad,"{'latitude': 49.0102, 'longitude': 8.41827, 'city': 'Karlsruhe', 'country': 'DE'}",/v2/networks/facherrad-karlsruhe,['Nextbike GmbH'],,Nextbike,,,,,,49.0102,8.41827,DE
famose,Fa.Mo.Se,"{'latitude': 43.7603, 'longitude': 13.1139, 'city': 'Senigallia', 'country': 'IT'}",/v2/networks/famose,"['Comuni di Senigallia e Mondolfo', 'TIER Mobility SE']",https://gbfs.nextbike.net/maps/gbfs/v2/nextbike_fa/gbfs.json,,,,,,,43.7603,13.1139,IT
figas,Figas,"{'latitude': 40.1548, 'longitude': -8.8613, 'city': 'Figueira da Foz', 'country': 'PT'}",/v2/networks/figas,"['Município de Figueira da Foz', 'Wegoshare, Lda']",,,,,,,,40.1548,-8.8613,PT
foli,Fölläri bikes,"{'latitude': 60.4506, 'longitude': 22.2666, 'city': 'Turku', 'country': 'FI'}",/v2/networks/foli,"['Turku Region Traffic Föli', 'DonkeyRepublic Admin ApS']",https://stables.donkey.bike/api/public/gbfs/2/donkey_turku/gbfs.json,,,,,,,60.4506,22.2666,FI
fortworth,Trinity Metro Bikes,"{'latitude': 32.7516, 'longitude': -97.32888, 'city': 'Fort Worth, TX', 'country': 'US'}",/v2/networks/fortworth,"['Trinity Metro', 'Lyft Inc.']",https://fortworth.publicbikesystem.net/customer/gbfs/v2/gbfs.json,,,,,,,32.7516,-97.32888,US
free-bike-sharing,FRee Bike sharing,"{'latitude': 41.645081, 'longitude': 13.342123, 'city': 'Frosinone', 'country': 'IT'}",/v2/networks/free-bike-sharing,['Comunicare S.r.l.'],,Bicincittà,https://www.bicincitta.com/frmLeStazioni.aspx?ID=53,,,,,41.645081,13.342123,IT
frelo-freiburg,Frelo,"{'latitude': 47.9958, 'longitude': 7.84453, 'city': 'Freiburg', 'country': 'DE'}",/v2/networks/frelo-freiburg,['Nextbike GmbH'],,Nextbike,,,,,,47.9958,7.84453,DE
galway,TFI Bikes,"{'latitude': 53.2783491544, 'longitude': -9.05069143207, 'city': 'Galway', 'country': 'IE'}",/v2/networks/galway,['The National Transport Authority'],,TFI Bikes,,,,,,53.2783491544,-9.05069143207,IE
ganxeta-reus,Ganxeta,"{'latitude': 41.1589, 'longitude': 1.10623, 'city': 'Reus', 'country': 'ES'}",/v2/networks/ganxeta-reus,"['REUS MOBILITAT I SERVEIS, S.A. (RMS)']",,,,,,,,41.1589,1.10623,ES
gbici,Gbici,"{'latitude': 40.308, 'longitude': -3.7301, 'city': 'Getafe', 'country': 'ES'}",/v2/networks/gbici,['Instituto Tecnológico de Castilla y León (ITCL)'],,,,,,,,40.308,-3.7301,ES
gijon,Gijón Bici,"{'latitude': 43.5396116, 'longitude': -5.6663604, 'city': 'Gijón', 'country': 'ES'}",/v2/networks/gijon,"['Citybike España S.L.U.', 'Fifteen SAS']",,Fifteen,,,,,,43.5396116,-5.6663604,ES
gimme-bike,Gimme Bike,"{'latitude': 45.8183902, 'longitude': 8.823913, 'city': 'Varese', 'country': 'IT'}",/v2/networks/gimme-bike,['Comunicare S.r.l.'],,Bicincittà,https://www.bicincitta.com/frmLeStazioni.aspx?ID=50,,,,,45.8183902,8.823913,IT
gira,Gira,"{'latitude': 38.724954, 'longitude': -9.149334, 'city': 'Lisbon', 'country': 'PT'}",/v2/networks/gira,['EMEL'],,Gira,,,,,,38.724954,-9.149334,PT
girocleta,Girocleta,"{'latitude': 41.9794005, 'longitude': 2.8214264, 'city': 'Girona', 'country': 'ES'}",/v2/networks/girocleta,['ICNITA S.L.'],,Emovity,,,,,,41.9794005,2.8214264,ES
gobiki,Biki,"{'latitude': 21.3043, 'longitude': -157.856, 'city': 'Honolulu', 'country': 'US'}",/v2/networks/gobiki,['Bikeshare Hawaii Island'],https://hon.publicbikesystem.net/customer/ube/gbfs/v1/en/gbfs.json,,,,,,,21.3043,-157.856,US
goodbike,GoodBike,"{'latitude': 45.4064349, 'longitude': 11.8767611, 'city': 'Padova', 'country': 'IT'}",/v2/networks/goodbike,['Bicincitta Italia S.r.l.'],,Weelo,,,,,,45.4064349,11.8767611,IT
grad-drnis-drnis,Nextbike,"{'latitude': 43.8425, 'longitude': 16.1197, 'city': 'Drniš', 'country': 'HR'}",/v2/networks/grad-drnis-drnis,['Nextbike GmbH'],,Nextbike,,,,,,43.8425,16.1197,HR
grad-ivanic-grad-ivanic-grad,Grad Ivanić-Grad,"{'latitude': 45.7062, 'longitude': 16.3919, 'city': 'Ivanic Grad', 'country': 'HR'}",/v2/networks/grad-ivanic-grad-ivanic-grad,['Nextbike GmbH'],,Nextbike,,,,,,45.7062,16.3919,HR
grad-karlovac-karlovac,Grad Karlovac,"{'latitude': 45.4905, 'longitude': 15.5503, 'city': 'Karlovac', 'country': 'HR'}",/v2/networks/grad-karlovac-karlovac,['Nextbike GmbH'],,Nextbike,,,,,,45.4905,15.5503,HR
grad-makarska-makarska,Grad Makarska,"{'latitude': 43.2992, 'longitude': 17.0184, 'city': 'Makarska', 'country': 'HR'}",/v2/networks/grad-makarska-makarska,['Nextbike GmbH'],,,,,,,,43.2992,17.0184,HR
grad-metkovic-metkovic,Grad Metković,"{'latitude': 43.0654, 'longitude': 17.642, 'city': 'Metković', 'country': 'HR'}",/v2/networks/grad-metkovic-metkovic,['Nextbike GmbH'],,,,,,,,43.0654,17.642,HR
grad-sibenik-sibenik,Grad Šibenik,"{'latitude': 43.733, 'longitude': 15.8982, 'city': 'Šibenik', 'country': 'HR'}",/v2/networks/grad-sibenik-sibenik,['Nextbike GmbH'],,Nextbike,,,,,,43.733,15.8982,HR
grad-sisak-sisak,Grad Sisak,"{'latitude': 45.4875, 'longitude': 16.3753, 'city': 'Sisak', 'country': 'HR'}",/v2/networks/grad-sisak-sisak,['Nextbike GmbH'],,Nextbike,,,,,,45.4875,16.3753,HR
grad-slavonski-brod-slavonski-brod,Grad Slavonski Brod,"{'latitude': 45.1656, 'longitude': 18.0183, 'city': 'Slavonski Brod', 'country': 'HR'}",/v2/networks/grad-slavonski-brod-slavonski-brod,['Nextbike GmbH'],,Nextbike,,,,,,45.1656,18.0183,HR
grad-split,Grad Split (Croatia),"{'latitude': 43.5162, 'longitude': 16.4637, 'city': 'Split', 'country': 'HR'}",/v2/networks/grad-split,['Nextbike GmbH'],,Nextbike,,,,,,43.5162,16.4637,HR
grad-split-opcina-hrvace,Grad Split (Croatia),"{'latitude': 43.7553, 'longitude': 16.6197, 'city': 'Općina Hrvace', 'country': 'HR'}",/v2/networks/grad-split-opcina-hrvace,['Nextbike GmbH'],,Nextbike,,,,,,43.7553,16.6197,HR
grad-split-opcina-klis,Grad Split (Croatia),"{'latitude': 43.5605, 'longitude': 16.5269, 'city': 'Općina Klis', 'country': 'HR'}",/v2/networks/grad-split-opcina-klis,['Nextbike GmbH'],,Nextbike,,,,,,43.5605,16.5269,HR
grad-split-opcina-otok-dalmatinski,Grad Split (Croatia),"{'latitude': 43.6889, 'longitude': 16.7361, 'city': 'Općina Otok Dalmatinski', 'country': 'HR'}",/v2/networks/grad-split-opcina-otok-dalmatinski,['Nextbike GmbH'],,Nextbike,,,,,,43.6889,16.7361,HR
grad-split-podstrana,Grad Split (Croatia),"{'latitude': 43.4934, 'longitude': 16.5598, 'city': 'Podstrana', 'country': 'HR'}",/v2/networks/grad-split-podstrana,['Nextbike GmbH'],,Nextbike,,,,,,43.4934,16.5598,HR
grad-split-sinj,Grad Split (Croatia),"{'latitude': 43.7031, 'longitude': 16.6364, 'city': 'Sinj', 'country': 'HR'}",/v2/networks/grad-split-sinj,['Nextbike GmbH'],,Nextbike,,,,,,43.7031,16.6364,HR
grad-split-solin,Grad Split (Croatia),"{'latitude': 43.5441, 'longitude': 16.4833, 'city': 'Solin', 'country': 'HR'}",/v2/networks/grad-split-solin,['Nextbike GmbH'],,Nextbike,,,,,,43.5441,16.4833,HR
grad-split-trogir,Grad Split (Croatia),"{'latitude': 43.5234, 'longitude': 16.2476, 'city': 'Trogir', 'country': 'HR'}",/v2/networks/grad-split-trogir,['Nextbike GmbH'],,Nextbike,,,,,,43.5234,16.2476,HR
grad-velika-gorica-velika-gorica,Grad Velika Gorica,"{'latitude': 45.7161, 'longitude': 16.0683, 'city': 'Velika Gorica', 'country': 'HR'}",/v2/networks/grad-velika-gorica-velika-gorica,['Nextbike GmbH'],,Nextbike,,,,,,45.7161,16.0683,HR
grad-vukovar,Grad Vukovar (Croatia),"{'latitude': 45.3575, 'longitude': 18.9895, 'city': 'Vukovar', 'country': 'HR'}",/v2/networks/grad-vukovar,['Nextbike GmbH'],,Nextbike,,,,,,45.3575,18.9895,HR
grad-zadar-zadar,Grad Zadar,"{'latitude': 44.0058, 'longitude': 15.2183, 'city': 'Zadar', 'country': 'HR'}",/v2/networks/grad-zadar-zadar,['Nextbike GmbH'],,Nextbike,,,,,,44.0058,15.2183,HR
grad-zapresic,Grad Zaprešić (Croatia),"{'latitude': 45.8622, 'longitude': 15.8049, 'city': 'Zaprešić', 'country': 'HR'}",/v2/networks/grad-zapresic,['Nextbike GmbH'],,Nextbike,,,,,,45.8622,15.8049,HR
greenbikeslc,GREENbike,"{'latitude': 40.76745, 'longitude': -111.88736, 'city': 'Salt Lake City', 'country': 'US'}",/v2/networks/greenbikeslc,"['BCycle, LLC']",https://gbfs.bcycle.com/bcycle_greenbikeslc/gbfs.json,BCycle,,,,,,40.76745,-111.88736,US
greenville,Greenville BCycle,"{'latitude': 34.85261759999999, 'longitude': -82.3940104, 'city': 'Greenville, SC', 'country': 'US'}",/v2/networks/greenville,"['BCycle, LLC']",https://gbfs.bcycle.com/bcycle_greenville/gbfs.json,BCycle,,,,,,34.85261759999999,-82.3940104,US
greifswald,StadtRad Greifswald,"{'latitude': 54.0961, 'longitude': 13.3787, 'city': 'Greifswald (StadtRad)', 'country': 'DE'}",/v2/networks/greifswald,['Nextbike GmbH'],,Nextbike,,,,,,54.0961,13.3787,DE
hellocycling-aichi,HELLO CYCLING Aichi,"{'latitude': 35.1827, 'longitude': 136.9096, 'city': '愛知県 (Aichi)', 'country': 'JP'}",/v2/networks/hellocycling-aichi,['OpenStreet Corp.'],https://api-public.odpt.org/api/v4/gbfs/hellocycling/gbfs.json,,https://ckan.odpt.org/dataset/c_bikeshare_gbfs-openstreet,,"{'name': 'Creative Commons Attribution 4.0 International (CC BY 4.0)', 'url': 'https://creativecommons.org/licenses/by/4.0/'}",,,35.1827,136.9096,JP
hellocycling-chiba,HELLO CYCLING Chiba,"{'latitude': 35.6687, 'longitude': 140.0201, 'city': '千葉県 (Chiba)', 'country': 'JP'}",/v2/networks/hellocycling-chiba,['OpenStreet Corp.'],https://api-public.odpt.org/api/v4/gbfs/hellocycling/gbfs.json,,https://ckan.odpt.org/dataset/c_bikeshare_gbfs-openstreet,,"{'name': 'Creative Commons Attribution 4.0 International (CC BY 4.0)', 'url': 'https://creativecommons.org/licenses/by/4.0/'}",,,35.6687,140.0201,JP
hellocycling-ehime,HELLO CYCLING Ehime,"{'latitude': 33.8445, 'longitude': 132.76913, 'city': '愛媛県 (Ehime)', 'country': 'JP'}",/v2/networks/hellocycling-ehime,['OpenStreet Corp.'],https://api-public.odpt.org/api/v4/gbfs/hellocycling/gbfs.json,,https://ckan.odpt.org/dataset/c_bikeshare_gbfs-openstreet,,"{'name': 'Creative Commons Attribution 4.0 International (CC BY 4.0)', 'url': 'https://creativecommons.org/licenses/by/4.0/'}",,,33.8445,132.76913,JP
hellocycling-fukuoka,HELLO CYCLING Fukuoka,"{'latitude': 33.8823, 'longitude': 130.8759, 'city': '福岡県 (Fukuoka)', 'country': 'JP'}",/v2/networks/hellocycling-fukuoka,['OpenStreet Corp.'],https://api-public.odpt.org/api/v4/gbfs/hellocycling/gbfs.json,,https://ckan.odpt.org/dataset/c_bikeshare_gbfs-openstreet,,"{'name': 'Creative Commons Attribution 4.0 International (CC BY 4.0)', 'url': 'https://creativecommons.org/licenses/by/4.0/'}",,,33.8823,130.8759,JP
hellocycling-gifu,HELLO CYCLING Gifu,"{'latitude': 35.3348, 'longitude': 137.1236, 'city': '岐阜県 (Gifu)', 'country': 'JP'}",/v2/networks/hellocycling-gifu,['OpenStreet Corp.'],https://api-public.odpt.org/api/v4/gbfs/hellocycling/gbfs.json,,https://ckan.odpt.org/dataset/c_bikeshare_gbfs-openstreet,,"{'name': 'Creative Commons Attribution 4.0 International (CC BY 4.0)', 'url': 'https://creativecommons.org/licenses/by/4.0/'}",,,35.3348,137.1236,JP
hellocycling-hiroshima,HELLO CYCLING Hiroshima,"{'latitude': 34.40061, 'longitude': 133.19824, 'city': '広島県 (Hiroshima)', 'country': 'JP'}",/v2/networks/hellocycling-hiroshima,['OpenStreet Corp.'],https://api-public.odpt.org/api/v4/gbfs/hellocycling/gbfs.json,,https://ckan.odpt.org/dataset/c_bikeshare_gbfs-openstreet,,"{'name': 'Creative Commons Attribution 4.0 International (CC BY 4.0)', 'url': 'https://creativecommons.org/licenses/by/4.0/'}",,,34.40061,133.19824,JP
hellocycling-hyougo,HELLO CYCLING Hyougo,"{'latitude': 34.7356, 'longitude': 135.3697, 'city': '兵庫県 (Hyougo)', 'country': 'JP'}",/v2/networks/hellocycling-hyougo,['OpenStreet Corp.'],https://api-public.odpt.org/api/v4/gbfs/hellocycling/gbfs.json,,https://ckan.odpt.org/dataset/c_bikeshare_gbfs-openstreet,,"{'name': 'Creative Commons Attribution 4.0 International (CC BY 4.0)', 'url': 'https://creativecommons.org/licenses/by/4.0/'}",,,34.7356,135.3697,JP
hellocycling-ibaraki,HELLO CYCLING Ibaraki,"{'latitude': 36.0852, 'longitude': 140.2008, 'city': '茨城県 (Ibaraki)', 'country': 'JP'}",/v2/networks/hellocycling-ibaraki,['OpenStreet Corp.'],https://api-public.odpt.org/api/v4/gbfs/hellocycling/gbfs.json,,https://ckan.odpt.org/dataset/c_bikeshare_gbfs-openstreet,,"{'name': 'Creative Commons Attribution 4.0 International (CC BY 4.0)', 'url': 'https://creativecommons.org/licenses/by/4.0/'}",,,36.0852,140.2008,JP
hellocycling-iwate,HELLO CYCLING Iwate,"{'latitude': 39.6992, 'longitude': 141.1343, 'city': '岩手県 (Iwate)', 'country': 'JP'}",/v2/networks/hellocycling-iwate,['OpenStreet Corp.'],https://api-public.odpt.org/api/v4/gbfs/hellocycling/gbfs.json,,https://ckan.odpt.org/dataset/c_bikeshare_gbfs-openstreet,,"{'name': 'Creative Commons Attribution 4.0 International (CC BY 4.0)', 'url': 'https://creativecommons.org/licenses/by/4.0/'}",,,39.6992,141.1343,JP
hellocycling-kagawa,HELLO CYCLING Kagawa,"{'latitude': 34.4898, 'longitude': 134.26, 'city': '香川県 (Kagawa)', 'country': 'JP'}",/v2/networks/hellocycling-kagawa,['OpenStreet Corp.'],https://api-public.odpt.org/api/v4/gbfs/hellocycling/gbfs.json,,https://ckan.odpt.org/dataset/c_bikeshare_gbfs-openstreet,,"{'name': 'Creative Commons Attribution 4.0 International (CC BY 4.0)', 'url': 'https://creativecommons.org/licenses/by/4.0/'}",,,34.4898,134.26,JP
hellocycling-kanagawa,HELLO CYCLING Kanagawa,"{'latitude': 35.3629, 'longitude': 139.4677, 'city': '神奈川県 (Kanagawa)', 'country': 'JP'}",/v2/networks/hellocycling-kanagawa,['OpenStreet Corp.'],https://api-public.odpt.org/api/v4/gbfs/hellocycling/gbfs.json,,https://ckan.odpt.org/dataset/c_bikeshare_gbfs-openstreet,,"{'name': 'Creative Commons Attribution 4.0 International (CC BY 4.0)', 'url': 'https://creativecommons.org/licenses/by/4.0/'}",,,35.3629,139.4677,JP
hellocycling-kumamoto,HELLO CYCLING Kumamoto,"{'latitude': 32.21207, 'longitude': 130.75388, 'city': '熊本県 (Kumamoto)', 'country': 'JP'}",/v2/networks/hellocycling-kumamoto,['OpenStreet Corp.'],https://api-public.odpt.org/api/v4/gbfs/hellocycling/gbfs.json,,https://ckan.odpt.org/dataset/c_bikeshare_gbfs-openstreet,,"{'name': 'Creative Commons Attribution 4.0 International (CC BY 4.0)', 'url': 'https://creativecommons.org/licenses/by/4.0/'}",,,32.21207,130.75388,JP
hellocycling-kyoto,HELLO CYCLING Kyoto,"{'latitude': 35.01897, 'longitude': 135.75747, 'city': '京都府 (Kyoto)', 'country': 'JP'}",/v2/networks/hellocycling-kyoto,['OpenStreet Corp.'],https://api-public.odpt.org/api/v4/gbfs/hellocycling/gbfs.json,,https://ckan.odpt.org/dataset/c_bikeshare_gbfs-openstreet,,"{'name': 'Creative Commons Attribution 4.0 International (CC BY 4.0)', 'url': 'https://creativecommons.org/licenses/by/4.0/'}",,,35.01897,135.75747,JP
hellocycling-nagano,HELLO CYCLING Nagano,"{'latitude': 36.2395, 'longitude': 137.9697, 'city': '長野県 (Nagano)', 'country': 'JP'}",/v2/networks/hellocycling-nagano,['OpenStreet Corp.'],https://api-public.odpt.org/api/v4/gbfs/hellocycling/gbfs.json,,https://ckan.odpt.org/dataset/c_bikeshare_gbfs-openstreet,,"{'name': 'Creative Commons Attribution 4.0 International (CC BY 4.0)', 'url': 'https://creativecommons.org/licenses/by/4.0/'}",,,36.2395,137.9697,JP
hellocycling-nara,HELLO CYCLING Nara,"{'latitude': 34.6819, 'longitude': 135.8007, 'city': '奈良県 (Nara)', 'country': 'JP'}",/v2/networks/hellocycling-nara,['OpenStreet Corp.'],https://api-public.odpt.org/api/v4/gbfs/hellocycling/gbfs.json,,https://ckan.odpt.org/dataset/c_bikeshare_gbfs-openstreet,,"{'name': 'Creative Commons Attribution 4.0 International (CC BY 4.0)', 'url': 'https://creativecommons.org/licenses/by/4.0/'}",,,34.6819,135.8007,JP
hellocycling-okinawa,HELLO CYCLING Okinawa,"{'latitude': 26.2127, 'longitude': 127.6828, 'city': '沖縄県 (Okinawa)', 'country': 'JP'}",/v2/networks/hellocycling-okinawa,['OpenStreet Corp.'],https://api-public.odpt.org/api/v4/gbfs/hellocycling/gbfs.json,,https://ckan.odpt.org/dataset/c_bikeshare_gbfs-openstreet,,"{'name': 'Creative Commons Attribution 4.0 International (CC BY 4.0)', 'url': 'https://creativecommons.org/licenses/by/4.0/'}",,,26.2127,127.6828,JP
hellocycling-osaka,HELLO CYCLING Osaka,"{'latitude': 34.6917, 'longitude': 135.5091, 'city': '大阪府 (Osaka)', 'country': 'JP'}",/v2/networks/hellocycling-osaka,['OpenStreet Corp.'],https://api-public.odpt.org/api/v4/gbfs/hellocycling/gbfs.json,,https://ckan.odpt.org/dataset/c_bikeshare_gbfs-openstreet,,"{'name': 'Creative Commons Attribution 4.0 International (CC BY 4.0)', 'url': 'https://creativecommons.org/licenses/by/4.0/'}",,,34.6917,135.5091,JP
hellocycling-saga,HELLO CYCLING Saga,"{'latitude': 33.2622, 'longitude': 130.2988, 'city': '佐賀県 (Saga)', 'country': 'JP'}",/v2/networks/hellocycling-saga,['OpenStreet Corp.'],https://api-public.odpt.org/api/v4/gbfs/hellocycling/gbfs.json,,https://ckan.odpt.org/dataset/c_bikeshare_gbfs-openstreet,,"{'name': 'Creative Commons Attribution 4.0 International (CC BY 4.0)', 'url': 'https://creativecommons.org/licenses/by/4.0/'}",,,33.2622,130.2988,JP
hellocycling-saitama,HELLO CYCLING Saitama,"{'latitude': 35.86017, 'longitude': 139.64347, 'city': '埼玉県 (Saitama)', 'country': 'JP'}",/v2/networks/hellocycling-saitama,['OpenStreet Corp.'],https://api-public.odpt.org/api/v4/gbfs/hellocycling/gbfs.json,,https://ckan.odpt.org/dataset/c_bikeshare_gbfs-openstreet,,"{'name': 'Creative Commons Attribution 4.0 International (CC BY 4.0)', 'url': 'https://creativecommons.org/licenses/by/4.0/'}",,,35.86017,139.64347,JP
hellocycling-shizuoka,HELLO CYCLING Shizuoka,"{'latitude': 34.9769, 'longitude': 138.3855, 'city': '静岡県 (Shizuoka)', 'country': 'JP'}",/v2/networks/hellocycling-shizuoka,['OpenStreet Corp.'],https://api-public.odpt.org/api/v4/gbfs/hellocycling/gbfs.json,,https://ckan.odpt.org/dataset/c_bikeshare_gbfs-openstreet,,"{'name': 'Creative Commons Attribution 4.0 International (CC BY 4.0)', 'url': 'https://creativecommons.org/licenses/by/4.0/'}",,,34.9769,138.3855,JP
hellocycling-tochigi,HELLO CYCLING Tochigi,"{'latitude': 36.75349, 'longitude': 139.6115, 'city': '栃木県 (Tochigi)', 'country': 'JP'}",/v2/networks/hellocycling-tochigi,['OpenStreet Corp.'],https://api-public.odpt.org/api/v4/gbfs/hellocycling/gbfs.json,,https://ckan.odpt.org/dataset/c_bikeshare_gbfs-openstreet,,"{'name': 'Creative Commons Attribution 4.0 International (CC BY 4.0)', 'url': 'https://creativecommons.org/licenses/by/4.0/'}",,,36.75349,139.6115,JP
hellocycling-tokyo,HELLO CYCLING Tokyo,"{'latitude': 35.671, 'longitude': 139.765, 'city': '東京都 (Tokyo)', 'country': 'JP'}",/v2/networks/hellocycling-tokyo,['OpenStreet Corp.'],https://api-public.odpt.org/api/v4/gbfs/hellocycling/gbfs.json,,https://ckan.odpt.org/dataset/c_bikeshare_gbfs-openstreet,,"{'name': 'Creative Commons Attribution 4.0 International (CC BY 4.0)', 'url': 'https://creativecommons.org/licenses/by/4.0/'}",,,35.671,139.765,JP
heraeus-hanau,Heraeus Hanau,"{'latitude': 50.1387, 'longitude': 8.94429, 'city': 'Hanau', 'country': 'DE'}",/v2/networks/heraeus-hanau,['Heraeus Holding GmbH'],,Nextbike,,,,,,50.1387,8.94429,DE
hi-bike-fort-william,Hi-Bike Fort William,"{'latitude': 56.8171, 'longitude': -5.1054, 'city': 'Fort William', 'country': 'GB'}",/v2/networks/hi-bike-fort-william,"['HITRANS', 'Wegoshare, Lda']",,,,True,,,,56.8171,-5.1054,GB
hi-bike-inverness,Hi-Bike Inverness,"{'latitude': 57.4767, 'longitude': -4.2269, 'city': 'Inverness', 'country': 'GB'}",/v2/networks/hi-bike-inverness,"['HITRANS', 'Wegoshare, Lda']",,,,True,,,,57.4767,-4.2269,GB
hibike,Hibike,"{'latitude': 19.6417, 'longitude': -155.9962, 'city': 'Kailua-Kona', 'country': 'US'}",/v2/networks/hibike,['Bikeshare Hawaii Island'],https://kona.publicbikesystem.net/customer/ube/gbfs/v1/en/gbfs.json,,,,,,,19.6417,-155.9962,US
ibizi-ibiza-city,ibizi,"{'latitude': 38.9066, 'longitude': 1.42046, 'city': 'Ibiza-City', 'country': 'ES'}",/v2/networks/ibizi-ibiza-city,['Nextbike GmbH'],,Nextbike,,,,,,38.9066,1.42046,ES
idecycle,IDEcycle,"{'latitude': 43.2957547, 'longitude': -0.3685668, 'city': 'Pau', 'country': 'FR'}",/v2/networks/idecycle,['Cykleo SAS'],,Cykleo,,,,,,43.2957547,-0.3685668,FR
indego,Indego,"{'latitude': 39.95378, 'longitude': -75.16374, 'city': 'Philadelphia, PA', 'country': 'US'}",/v2/networks/indego,"['City of Philadelphia', 'Bicycle Transit Systems', 'BCycle, LLC']",https://gbfs.bcycle.com/bcycle_indego/gbfs.json,BCycle,,,,,,39.95378,-75.16374,US
indiana-pacers-bikeshare,Indiana Pacers Bikeshare,"{'latitude': 39.76593, 'longitude': -86.16216, 'city': 'Indianapolis, IN', 'country': 'US'}",/v2/networks/indiana-pacers-bikeshare,"['BCycle, LLC']",https://gbfs.bcycle.com/bcycle_pacersbikeshare/gbfs.json,BCycle,,,,,,39.76593,-86.16216,US
infralobo,Smart Bikes by Infralobo,"{'latitude': 37.055, 'longitude': -8.0643, 'city': 'Vale do Lobo', 'country': 'PT'}",/v2/networks/infralobo,"['Infralobo', 'Wegoshare, Lda']",,,,,,,,37.055,-8.0643,PT
integrabike,Integrabike,"{'latitude': -23.5015, 'longitude': -47.4526, 'city': 'Sorocaba', 'country': 'BR'}",/v2/networks/integrabike,"['Prefeiture de Sorocaba', 'Urbes']",,Mobhis,,,,,,-23.5015,-47.4526,BR
jackson,Jackson County BCycle,"{'latitude': 42.2462, 'longitude': -84.4031, 'city': 'Jackson, MI', 'country': 'US'}",/v2/networks/jackson,"['BCycle, LLC']",https://gbfs.bcycle.com/bcycle_jacksoncounty/gbfs.json,BCycle,,,,,,42.2462,-84.4031,US
jastrebarsko-jastrebarsko,Nextbike,"{'latitude': 45.6692, 'longitude': 15.6541, 'city': 'Jastrebarsko', 'country': 'HR'}",/v2/networks/jastrebarsko-jastrebarsko,['Nextbike GmbH'],,Nextbike,,,,,,45.6692,15.6541,HR
jesinbici,JesinBici,"{'latitude': 43.522601, 'longitude': 13.244448, 'city': 'Jesi', 'country': 'IT'}",/v2/networks/jesinbici,['Comunicare S.r.l.'],,Bicincittà,https://www.bicincitta.com/frmLeStazioni.aspx?ID=236,,,,,43.522601,13.244448,IT
joco-new-york,JOCO New York,"{'latitude': 40.7572, 'longitude': -73.9859, 'city': 'New York', 'country': 'US'}",/v2/networks/joco-new-york,"['BEAM BIKE CORP.', 'JOCO']",,,,True,,,,40.7572,-73.9859,US
karuvelo,Karu'Vélo,"{'latitude': 16.2411, 'longitude': -61.5331, 'city': 'Pointe-à-Pitre', 'country': 'FR'}",/v2/networks/karuvelo,['Ecovelo'],https://api.gbfs.ecovelo.mobi/karu/gbfs.json,Ecovelo,,True,,,,16.2411,-61.5331,FR
kolumbus-rogaland,Bysykkelen,"{'latitude': 58.9689, 'longitude': 5.731, 'city': 'Rogaland', 'country': 'NO'}",/v2/networks/kolumbus-rogaland,['Kolumbus'],,kolumbus,,True,,,,58.9689,5.731,NO
komornicki-system-rowerowy-komorniki,Komornicki System Rowerowy Poland,"{'latitude': 52.3347, 'longitude': 16.8094, 'city': 'Komorniki', 'country': 'PL'}",/v2/networks/komornicki-system-rowerowy-komorniki,['Nextbike GmbH'],,,,,,,,52.3347,16.8094,PL
kotobike,Kotobike,"{'latitude': 35.0115, 'longitude': 135.7518, 'city': '京都 (Kyoto)', 'country': 'JP'}",/v2/networks/kotobike,['QBEI.inc'],https://app.kotobike.jp/api/exposed/v2/gbfs/gbfs.json,,,,,,,35.0115,135.7518,JP
kuitunbike,Kuitun Bike,"{'latitude': 44.429, 'longitude': 84.9009, 'city': '奎屯市 (Kuitun)', 'country': 'CN'}",/v2/networks/kuitunbike,[],,,,,,,,44.429,84.9009,CN
kvb-rad-koln,KVB Rad,"{'latitude': 50.9429, 'longitude': 6.95649, 'city': 'Köln', 'country': 'DE'}",/v2/networks/kvb-rad-koln,['Nextbike GmbH'],,Nextbike,,,,,,50.9429,6.95649,DE
lastenvelo-freiburg,LastenVelo Freiburg,"{'latitude': 47.9981, 'longitude': 7.8439, 'city': 'Freiburg', 'country': 'DE'}",/v2/networks/lastenvelo-freiburg,['LastenVelo Freiburg e.V.'],,,,,,,,47.9981,7.8439,DE
le-marcel,Le Marcel,"{'latitude': 48.2997, 'longitude': 4.0792, 'city': 'Troyes', 'country': 'FR'}",/v2/networks/le-marcel,['Ecovelo'],https://api.gbfs.ecovelo.mobi/lemarcel/gbfs.json,Ecovelo,,True,,,,48.2997,4.0792,FR
le-velo,LeVélo,"{'latitude': 43.296482, 'longitude': 5.36978, 'city': 'Marseille', 'country': 'FR'}",/v2/networks/le-velo,"['LeVélo AMP Métropole', 'Ville de Marseille', 'Fifteen SAS']",https://api.omega.fifteen.eu/gbfs/2.2/marseille/en/gbfs.json?&key=MjE0ZDNmMGEtNGFkZS00M2FlLWFmMWItZGNhOTZhMWQyYzM2,,https://www.data.gouv.fr/fr/datasets/velos-a-assistance-electrique-en-libre-service-levelo-sur-marseille/,,"{'name': 'Open Data Commons Open Database License (ODbL)', 'url': 'http://opendatacommons.org/licenses/odbl/summary/'}",,,43.296482,5.36978,FR
le-velo-star,LE vélo Star,"{'latitude': 48.114167, 'longitude': -1.680833, 'city': 'Rennes', 'country': 'FR'}",/v2/networks/le-velo-star,"['Keolis', 'Rennes Metropole']",,Keolis,https://data.explore.star.fr/explore/dataset/vls-stations-etat-tr/,,,,,48.114167,-1.680833,FR
lecce,lecce,"{'latitude': 40.35040350928062, 'longitude': 18.177824020385742, 'city': 'Lecce', 'country': 'IT'}",/v2/networks/lecce,['Comunicare S.r.l.'],,Bicincittà,https://www.bicincitta.com/frmLeStazioni.aspx?ID=159,,,,,40.35040350928062,18.177824020385742,IT
lecco,Bicincittà,"{'latitude': 45.8565698, 'longitude': 9.397670399999999, 'city': 'Lecco', 'country': 'IT'}",/v2/networks/lecco,['Comunicare S.r.l.'],,Bicincittà,https://www.bicincitta.com/frmLeStazioni.aspx?ID=49,,,,,45.8565698,9.397670399999999,IT
li-bia-velo,Li bia velo,"{'latitude': 50.465328, 'longitude': 4.867665, 'city': 'Namur', 'country': 'BE'}",/v2/networks/li-bia-velo,['JCDecaux'],,Cyclocity,https://developer.jcdecaux.com,,"{'name': 'Open Licence', 'url': 'https://developer.jcdecaux.com/#/opendata/licence'}",,,50.465328,4.867665,BE
libelo,Libélo,"{'latitude': 44.922726, 'longitude': 4.905634, 'city': 'Valence', 'country': 'FR'}",/v2/networks/libelo,['PBSC Urban Solutions'],https://valencefr.publicbikesystem.net/ube/gbfs/v1/,,,,,,,44.922726,4.905634,FR
limerick,TFI Bikes,"{'latitude': 52.668746, 'longitude': -8.627809, 'city': 'Limerick', 'country': 'IE'}",/v2/networks/limerick,['The National Transport Authority'],,TFI Bikes,,,,,,52.668746,-8.627809,IE
lincoln,BikeLNK,"{'latitude': 40.8087, 'longitude': -96.7075, 'city': 'Lincoln, NE', 'country': 'US'}",/v2/networks/lincoln,"['BCycle, LLC']",https://gbfs.bcycle.com/bcycle_bikelnk/gbfs.json,BCycle,,,,,,40.8087,-96.7075,US
linkbike-penang,LinkBike,"{'latitude': 5.4192, 'longitude': 100.3281, 'city': 'Penang', 'country': 'MY'}",/v2/networks/linkbike-penang,['FAST RENT BIKE (PG) Sdn. Bhd'],,,,,,,,5.4192,100.3281,MY
longanoinbici,LonganoinBici,"{'latitude': 38.149812517944284, 'longitude': 15.212116241455078, 'city': 'Barcellona Pozzo di Gotto', 'country': 'IT'}",/v2/networks/longanoinbici,['Comunicare S.r.l.'],,Bicincittà,https://www.bicincitta.com/frmLeStazioni.aspx?ID=140,,,,,38.149812517944284,15.212116241455078,IT
lovelolibreservice,Lovélo Libre Service,"{'latitude': 49.4432552, 'longitude': 1.0999821, 'city': 'Rouen', 'country': 'FR'}",/v2/networks/lovelolibreservice,"['Citybike Normandie', 'INURBA Mobility']",https://gbfs.urbansharing.com/lovelolibreservice.fr/gbfs.json,,,,,,,49.4432552,1.0999821,FR
lovesharing-canary-islands-fuerteventura,Lovesharing (Canary Islands),"{'latitude': 28.3584, 'longitude': -14.064, 'city': 'Fuerteventura', 'country': 'ES'}",/v2/networks/lovesharing-canary-islands-fuerteventura,['Nextbike GmbH'],,Nextbike,,,,,,28.3584,-14.064,ES
lovesharing-canary-islands-gran-canaria,Lovesharing (Canary Islands),"{'latitude': 27.8154, 'longitude': -15.5182, 'city': 'Gran Canaria', 'country': 'ES'}",/v2/networks/lovesharing-canary-islands-gran-canaria,['Nextbike GmbH'],,Nextbike,,,,,,27.8154,-15.5182,ES
lovesharing-canary-islands-lanzarote,Lovesharing (Canary Islands),"{'latitude': 29.0491, 'longitude': -13.5729, 'city': 'Lanzarote', 'country': 'ES'}",/v2/networks/lovesharing-canary-islands-lanzarote,['Nextbike GmbH'],,Nextbike,,,,,,29.0491,-13.5729,ES
lrm-lublin-lublin,LRM Lublin,"{'latitude': 51.2469, 'longitude': 22.5697, 'city': 'Lublin', 'country': 'PL'}",/v2/networks/lrm-lublin-lublin,['Nextbike GmbH'],,,,,,,,51.2469,22.5697,PL
lundahoj,Lundahoj,"{'latitude': 55.7046601, 'longitude': 13.1910073, 'city': 'Lund', 'country': 'SE'}",/v2/networks/lundahoj,['JCDecaux'],,Cyclocity,https://developer.jcdecaux.com,,"{'name': 'Open Licence', 'url': 'https://developer.jcdecaux.com/#/opendata/licence'}",,,55.7046601,13.1910073,SE
lviv-odessa,Nextbike,"{'latitude': 46.463, 'longitude': 30.7042, 'city': 'Odessa', 'country': 'UA'}",/v2/networks/lviv-odessa,['Nextbike GmbH'],,Nextbike,,,,,,46.463,30.7042,UA
madison,BCycle,"{'latitude': 43.07571, 'longitude': -89.38527, 'city': 'Madison, WI', 'country': 'US'}",/v2/networks/madison,"['BCycle, LLC']",https://gbfs.bcycle.com/bcycle_madison/gbfs.json,BCycle,,,,,,43.07571,-89.38527,US
malmobybike,Malmö by bike,"{'latitude': 55.605, 'longitude': 13.0038, 'city': 'Malmö', 'country': 'SE'}",/v2/networks/malmobybike,['ClearChannel'],,SmartBike,,,,,,55.605,13.0038,SE
manerba-in-bici,Manerba in Bici,"{'latitude': 45.561179, 'longitude': 10.559406, 'city': 'Manerba del Garda', 'country': 'IT'}",/v2/networks/manerba-in-bici,['Comunicare S.r.l.'],,Bicincittà,https://www.bicincitta.com/frmLeStazioni.aspx?ID=102,,,,,45.561179,10.559406,IT
mar-e-bici,Mar e Bici,"{'latitude': 42.805855, 'longitude': 10.196514, 'city': 'Marciana Marina', 'country': 'IT'}",/v2/networks/mar-e-bici,['Comunicare S.r.l.'],,Bicincittà,https://www.bicincitta.com/frmLeStazioni.aspx?ID=90,,,,,42.805855,10.196514,IT
marseillan,Marseillan vélo libre-service,"{'latitude': 43.3572, 'longitude': 3.5283, 'city': 'Marseillan', 'country': 'FR'}",/v2/networks/marseillan,['Ecovelo'],https://api.gbfs.ecovelo.mobi/marseillan/gbfs.json,Ecovelo,,,,,,43.3572,3.5283,FR
mbajk,MBajk,"{'latitude': 46.5547, 'longitude': 15.6459, 'city': 'Maribor', 'country': 'SI'}",/v2/networks/mbajk,['JCDecaux'],,Cyclocity,https://developer.jcdecaux.com,,"{'name': 'Open Licence', 'url': 'https://developer.jcdecaux.com/#/opendata/licence'}",,,46.5547,15.6459,SI
mcallen,RGV BCycle,"{'latitude': 26.20438, 'longitude': -98.2261, 'city': 'McAllen, TX', 'country': 'US'}",/v2/networks/mcallen,"['BCycle, LLC']",https://gbfs.bcycle.com/bcycle_mcallen/gbfs.json,BCycle,,,,,,26.20438,-98.2261,US
medina-careem-bike,Medina Careem BIKE,"{'latitude': 24.4682, 'longitude': 39.612, 'city': 'Medina', 'country': 'SA'}",/v2/networks/medina-careem-bike,['Careem'],https://dubai.publicbikesystem.net/customer/gbfs/v2/en/gbfs.json,,,,,,,24.4682,39.612,SA
meglio-in-bici,Meglio in Bici,"{'latitude': 45.520541, 'longitude': 9.341984, 'city': 'Cernusco sul Naviglio - Pioltello - Carugate', 'country': 'IT'}",/v2/networks/meglio-in-bici,['Comunicare S.r.l.'],,Bicincittà,https://www.bicincitta.com/frmLeStazioni.aspx?ID=121,,,,,45.520541,9.341984,IT
mein-konrad-konstanz,Mein konrad,"{'latitude': 47.6732, 'longitude': 9.1663, 'city': 'Konstanz', 'country': 'DE'}",/v2/networks/mein-konrad-konstanz,['Nextbike GmbH'],,Nextbike,,,,,,47.6732,9.1663,DE
meiob,meioB,"{'latitude': 39.6024, 'longitude': -8.4069, 'city': 'Médio Tejo', 'country': 'PT'}",/v2/networks/meiob,['CIM Médio Tejo'],,,,,,,,39.6024,-8.4069,PT
memphis,Explore Bike Share,"{'latitude': 35.1486, 'longitude': -90.045, 'city': 'Memphis, TN', 'country': 'US'}",/v2/networks/memphis,"['BCycle, LLC']",https://gbfs.bcycle.com/bcycle_memphis/gbfs.json,BCycle,,,,,,35.1486,-90.045,US
metro-bike-share,Metro Bike Share,"{'latitude': 34.04855, 'longitude': -118.25905, 'city': 'Los Angeles, CA', 'country': 'US'}",/v2/networks/metro-bike-share,"['Los Angeles County Metropolitan Transportation Authority (Metro)', 'Bicycle Transit Systems', 'BCycle, LLC']",https://gbfs.bcycle.com/bcycle_lametro/gbfs.json,BCycle,,,,,,34.04855,-118.25905,US
metropolradruhr-bochum,metropolradruhr,"{'latitude': 51.4813, 'longitude': 7.2133, 'city': 'Bochum', 'country': 'DE'}",/v2/networks/metropolradruhr-bochum,['Nextbike GmbH'],,Nextbike,,,,,,51.4813,7.2133,DE
metropolradruhr-bottrop,metropolradruhr,"{'latitude': 51.5263, 'longitude': 6.94611, 'city': 'Bottrop', 'country': 'DE'}",/v2/networks/metropolradruhr-bottrop,['Nextbike GmbH'],,Nextbike,,,,,,51.5263,6.94611,DE
metropolradruhr-dortmund,metropolradruhr,"{'latitude': 51.5141, 'longitude': 7.46255, 'city': 'Dortmund', 'country': 'DE'}",/v2/networks/metropolradruhr-dortmund,['Nextbike GmbH'],,Nextbike,,,,,,51.5141,7.46255,DE
metropolradruhr-duisburg,metropolradruhr,"{'latitude': 51.4487, 'longitude': 6.77513, 'city': 'Duisburg', 'country': 'DE'}",/v2/networks/metropolradruhr-duisburg,['Nextbike GmbH'],,Nextbike,,,,,,51.4487,6.77513,DE
metropolradruhr-essen,metropolradruhr,"{'latitude': 51.4425, 'longitude': 7.02301, 'city': 'Essen', 'country': 'DE'}",/v2/networks/metropolradruhr-essen,['Nextbike GmbH'],,Nextbike,,,,,,51.4425,7.02301,DE
metropolradruhr-gelsenkirchen,metropolradruhr,"{'latitude': 51.5404, 'longitude': 7.07039, 'city': 'Gelsenkirchen', 'country': 'DE'}",/v2/networks/metropolradruhr-gelsenkirchen,['Nextbike GmbH'],,Nextbike,,,,,,51.5404,7.07039,DE
metropolradruhr-hamm,metropolradruhr,"{'latitude': 51.6775, 'longitude': 7.84836, 'city': 'Hamm', 'country': 'DE'}",/v2/networks/metropolradruhr-hamm,['Nextbike GmbH'],,Nextbike,,,,,,51.6775,7.84836,DE
metropolradruhr-herne,metropolradruhr,"{'latitude': 51.5363, 'longitude': 7.21493, 'city': 'Herne', 'country': 'DE'}",/v2/networks/metropolradruhr-herne,['Nextbike GmbH'],,Nextbike,,,,,,51.5363,7.21493,DE
metropolradruhr-mulheim-adr,metropolradruhr,"{'latitude': 51.4308, 'longitude': 6.87401, 'city': 'Mülheim a.d.R.', 'country': 'DE'}",/v2/networks/metropolradruhr-mulheim-adr,['Nextbike GmbH'],,Nextbike,,,,,,51.4308,6.87401,DE
metropolradruhr-oberhausen,metropolradruhr,"{'latitude': 51.4936, 'longitude': 6.85169, 'city': 'Oberhausen', 'country': 'DE'}",/v2/networks/metropolradruhr-oberhausen,['Nextbike GmbH'],,Nextbike,,,,,,51.4936,6.85169,DE
metrorower,Metrorower,"{'latitude': 50.2664, 'longitude': 19.0217, 'city': 'Górnośląsko-Zagłębiowska Metropolia', 'country': 'PL'}",/v2/networks/metrorower,"['Górnośląsko-Zagłębiowska Metropolia', 'Nextbike GZM']",https://gbfs.nextbike.net/maps/gbfs/v2/nextbike_zz/gbfs.json,,,,,,,50.2664,19.0217,PL
mibici-guadalajara,MIBICI,"{'latitude': 20.6737883, 'longitude': -103.3704325, 'city': 'Guadalajara', 'country': 'MX'}",/v2/networks/mibici-guadalajara,"['BKT bici publica S.A. de C.V.', 'PBSC Urban Solutions']",https://guad.publicbikesystem.net/ube/gbfs/v1/,,,,,,,20.6737883,-103.3704325,MX
mibicitubici,Mi bici tu bici,"{'latitude': -32.95, 'longitude': -60.65, 'city': 'Rosario', 'country': 'AR'}",/v2/networks/mibicitubici,"['Mobilicidade Tecnologia LTD', 'Municipalidad de Rosario']",https://www.mibicitubici.gob.ar/opendata/gbfs.json,,,,,,,-32.95,-60.65,AR
mibisivalencia,MIBISI,"{'latitude': 39.4745, 'longitude': -0.4189, 'city': 'Valencia, área metropolitana', 'country': 'ES'}",/v2/networks/mibisivalencia,['Movilidad Urbana Sostenible SLU'],,,,,,,"[{'tag': 'horta-sud-en-bici', 'meta': {'city': 'Aldaia, Alaquàs, Quart de Poblet, Xirivella', 'country': 'ES', 'name': 'Horta Sud en bici', 'latitude': 39.4696, 'longitude': -0.4605}}, {'tag': 'xufabike', 'meta': {'city': 'Alboraia', 'country': 'ES', 'name': 'XufaBike', 'latitude': 39.4988, 'longitude': -0.3511}}, {'tag': 'bicimeliana', 'meta': {'city': 'Meliana', 'country': 'ES', 'name': 'BiciMeliana', 'latitude': 39.5285, 'longitude': -0.348}}, {'tag': 'carraixet-bici', 'meta': {'city': 'Alfara del Patriarca, Foios, Bonrepòs i Mirambell, Vinales', 'country': 'ES', 'name': 'Carraixet Bici', 'latitude': 39.5384, 'longitude': -0.3715}}]",39.4745,-0.4189,ES
mimuovofe,Mi Muovo in Bici,"{'latitude': 44.8350382, 'longitude': 11.6240562, 'city': 'Ferrara', 'country': 'IT'}",/v2/networks/mimuovofe,['Comunicare S.r.l.'],,Bicincittà,http://www.mimuovoinbici.it/frmLeStazioni.aspx?ID=142,,,,,44.8350382,11.6240562,IT
mobibike-dresden,MOBIbike,"{'latitude': 51.0535, 'longitude': 13.7387, 'city': 'Dresden', 'country': 'DE'}",/v2/networks/mobibike-dresden,['Nextbike GmbH'],,Nextbike,,,,,,51.0535,13.7387,DE
mobibikes,Mobi,"{'latitude': 49.2827, 'longitude': -123.1207, 'city': 'Vancouver', 'country': 'CA'}",/v2/networks/mobibikes,"['Vanncouver Bike Share Inc.', 'CycleHop LLC', 'City of Vancouver', 'Shaw Communications Inc.', 'Fifteen']",https://vancouver-gbfs.smoove.pro/gbfs/2/gbfs.json,,,,,,,49.2827,-123.1207,CA
mogo-detroit,MoGo,"{'latitude': 42.331548, 'longitude': -83.0465, 'city': 'Detroit, MI', 'country': 'US'}",/v2/networks/mogo-detroit,"['PBSC Urban Solutions', 'Shift Transit']",https://detroit.publicbikesystem.net/customer/gbfs/v2/gbfs.json,,,True,,,,42.331548,-83.0465,US
monabike,MonaBike,"{'latitude': 43.733333, 'longitude': 7.416667, 'city': 'Monaco', 'country': 'MC'}",/v2/networks/monabike,['PBSC Urban Solutions'],https://monaco.publicbikesystem.net/customer/ube/gbfs/v1/,,,,,,,43.733333,7.416667,MC
monopoli-bike,Monopoli BIKE,"{'latitude': 40.94519109440738, 'longitude': 17.311687995336918, 'city': 'Monopoli', 'country': 'IT'}",/v2/networks/monopoli-bike,['Comunicare S.r.l.'],,Bicincittà,https://www.bicincitta.com/frmLeStazioni.aspx?ID=191,,,,,40.94519109440738,17.311687995336918,IT
movemix-bike,Movemix Bike,"{'latitude': 51.4938, 'longitude': 11.9628, 'city': 'Halle (Saale)', 'country': 'DE'}",/v2/networks/movemix-bike,['Nextbike GmbH'],,Nextbike,,,,,,51.4938,11.9628,DE
mvg-meinrad-nextbike-mainz,meinRad MVG Mainz,"{'latitude': 45.9469, 'longitude': 13.6208, 'city': 'Mainz', 'country': 'DE'}",/v2/networks/mvg-meinrad-nextbike-mainz,['Mainzer Verkehrsgesellschaft mbH'],,Nextbike,,,,,,45.9469,13.6208,DE
mvrad-anklam,MV-Rad,"{'latitude': 53.8614, 'longitude': 13.6907, 'city': 'Anklam', 'country': 'DE'}",/v2/networks/mvrad-anklam,['Nextbike GmbH'],,,,,,,,53.8614,13.6907,DE
mvrad-hq,MV-Rad,"{'latitude': 53.6707, 'longitude': 12.4255, 'city': 'MV-Rad', 'country': 'DE'}",/v2/networks/mvrad-hq,['Nextbike GmbH'],,Nextbike,,,,,,53.6707,12.4255,DE
nashville,Nashville BCycle,"{'latitude': 36.15768, 'longitude': -86.773, 'city': 'Nashville, TN', 'country': 'US'}",/v2/networks/nashville,"['BCycle, LLC']",https://gbfs.bcycle.com/bcycle_nashville/gbfs.json,BCycle,,,,,,36.15768,-86.773,US
nbici,nbici,"{'latitude': 42.8116631, 'longitude': -1.6482653, 'city': 'Pamplona', 'country': 'ES'}",/v2/networks/nbici,['Bicincitta Italia S.r.l.'],,Weelo,,,,,,42.8116631,-1.6482653,ES
neuchatelroule,Neuchâtelroule,"{'latitude': 46.9916, 'longitude': 6.9269, 'city': 'Neuchâtel', 'country': 'CH'}",/v2/networks/neuchatelroule,['Donkey Republic'],https://stables.donkey.bike/api/public/gbfs/2/donkey_neuchatel/gbfs.json,,,,,,,46.9916,6.9269,CH
nextbike-10vorwien,Nextbike,"{'latitude': 48.3403, 'longitude': 16.279, 'city': '10vorWien', 'country': 'AT'}",/v2/networks/nextbike-10vorwien,['Nextbike GmbH'],,,,,,,,48.3403,16.279,AT
nextbike-auckland-waterfront,Nextbike,"{'latitude': -36.841, 'longitude': 174.763, 'city': 'Auckland Waterfront', 'country': 'NZ'}",/v2/networks/nextbike-auckland-waterfront,['Nextbike GmbH'],,,,,,,,-36.841,174.763,NZ
nextbike-bergamo,nextbike Bergamo,"{'latitude': 45.6986, 'longitude': 9.67567, 'city': 'Bergamo', 'country': 'IT'}",/v2/networks/nextbike-bergamo,['Nextbike GmbH'],,Nextbike,,,,,,45.6986,9.67567,IT
nextbike-berlin,Nextbike,"{'latitude': 52.5087, 'longitude': 13.3563, 'city': 'Berlin', 'country': 'DE'}",/v2/networks/nextbike-berlin,['Nextbike GmbH'],,Nextbike,,,,,,52.5087,13.3563,DE
nextbike-berounsko,nextbike Berounsko,"{'latitude': 49.9616, 'longitude': 14.064, 'city': 'Berounsko', 'country': 'CZ'}",/v2/networks/nextbike-berounsko,['Nextbike GmbH'],,Nextbike,,,,,,49.9616,14.064,CZ
nextbike-bielefeld,meinSiggi,"{'latitude': 52.0257, 'longitude': 8.53286, 'city': 'Bielefeld', 'country': 'DE'}",/v2/networks/nextbike-bielefeld,['Nextbike GmbH'],,Nextbike,,,,,,52.0257,8.53286,DE
nextbike-bonn,Nextbike,"{'latitude': 50.7367, 'longitude': 7.09541, 'city': 'Bonn', 'country': 'DE'}",/v2/networks/nextbike-bonn,['Nextbike GmbH'],,Nextbike,,,,,,50.7367,7.09541,DE
nextbike-brno,nextbike Brno,"{'latitude': 49.1911, 'longitude': 16.6148, 'city': 'Brno', 'country': 'CZ'}",/v2/networks/nextbike-brno,['Nextbike GmbH'],,Nextbike,,,,,,49.1911,16.6148,CZ
nextbike-brno-kurim,nextbike Brno,"{'latitude': 49.2994, 'longitude': 16.5368, 'city': 'Kuřim', 'country': 'CZ'}",/v2/networks/nextbike-brno-kurim,['Nextbike GmbH'],,Nextbike,,,,,,49.2994,16.5368,CZ
nextbike-cardiff,Nextbike,"{'latitude': 51.4848, 'longitude': -3.19062, 'city': 'Cardiff', 'country': 'GB'}",/v2/networks/nextbike-cardiff,['Nextbike GmbH'],,,,,,,,51.4848,-3.19062,GB
nextbike-christchurch,Nextbike,"{'latitude': -43.5341, 'longitude': 172.621, 'city': 'Christchurch', 'country': 'NZ'}",/v2/networks/nextbike-christchurch,['Nextbike GmbH'],,,,,,,,-43.5341,172.621,NZ
nextbike-dusseldorf,Nextbike,"{'latitude': 51.2243, 'longitude': 6.77204, 'city': 'Düsseldorf', 'country': 'DE'}",/v2/networks/nextbike-dusseldorf,['Nextbike GmbH'],,Nextbike,,,,,,51.2243,6.77204,DE
nextbike-dvur-kralove,nextbike Dvůr Králové,"{'latitude': 50.4278, 'longitude': 15.8162, 'city': 'Dvůr Králové', 'country': 'CZ'}",/v2/networks/nextbike-dvur-kralove,['Nextbike GmbH'],,Nextbike,,,,,,50.4278,15.8162,CZ
nextbike-ennetmoos,Nextbike,"{'latitude': 46.9573, 'longitude': 8.3377, 'city': 'Ennetmoos', 'country': 'CH'}",/v2/networks/nextbike-ennetmoos,['Nextbike GmbH'],,Nextbike,,,,,,46.9573,8.3377,CH
nextbike-erfurt,Nextbike,"{'latitude': 50.9785, 'longitude': 11.0334, 'city': 'Erfurt', 'country': 'DE'}",/v2/networks/nextbike-erfurt,['Nextbike GmbH'],,,,,,,,50.9785,11.0334,DE
nextbike-focsani,nextbike Romania,"{'latitude': 45.6947, 'longitude': 27.1851, 'city': 'Focșani', 'country': 'RO'}",/v2/networks/nextbike-focsani,['Nextbike GmbH'],,Nextbike,,,,,,45.6947,27.1851,RO
nextbike-frydek-mistek,nextbike Frýdek-Místek,"{'latitude': 49.6832, 'longitude': 18.3457, 'city': 'Frýdek-Místek', 'country': 'CZ'}",/v2/networks/nextbike-frydek-mistek,['Nextbike GmbH'],,Nextbike,,,,,,49.6832,18.3457,CZ
nextbike-giessen,Nextbike,"{'latitude': 50.5943, 'longitude': 8.68097, 'city': 'Gießen', 'country': 'DE'}",/v2/networks/nextbike-giessen,['Nextbike GmbH'],,Nextbike,,,,,,50.5943,8.68097,DE
nextbike-glasgow,Nextbike,"{'latitude': 55.8589, 'longitude': -4.25549, 'city': 'Glasgow', 'country': 'GB'}",/v2/networks/nextbike-glasgow,['Nextbike GmbH'],,Nextbike,,,,,,55.8589,-4.25549,GB
nextbike-gross-enzersdorf,Nextbike,"{'latitude': 48.1986, 'longitude': 16.5496, 'city': 'Groß Enzersdorf', 'country': 'AT'}",/v2/networks/nextbike-gross-enzersdorf,['Nextbike GmbH'],,Nextbike,,,,,,48.1986,16.5496,AT
nextbike-gutersloh,Nextbike,"{'latitude': 51.9049, 'longitude': 8.39275, 'city': 'Gütersloh', 'country': 'DE'}",/v2/networks/nextbike-gutersloh,['Nextbike GmbH'],,Nextbike,,,,,,51.9049,8.39275,DE
nextbike-havirov,nextbike Havířov,"{'latitude': 49.7799, 'longitude': 18.4328, 'city': 'Havířov', 'country': 'CZ'}",/v2/networks/nextbike-havirov,['Nextbike GmbH'],,Nextbike,,,,,,49.7799,18.4328,CZ
nextbike-hergiswil,Nextbike,"{'latitude': 46.9905, 'longitude': 8.30829, 'city': 'Hergiswil', 'country': 'CH'}",/v2/networks/nextbike-hergiswil,['Nextbike GmbH'],,Nextbike,,,,,,46.9905,8.30829,CH
nextbike-hodonin,nextbike Hodonín,"{'latitude': 48.8489, 'longitude': 17.1327, 'city': 'Hodonín', 'country': 'CZ'}",/v2/networks/nextbike-hodonin,['Nextbike GmbH'],,Nextbike,,,,,,48.8489,17.1327,CZ
nextbike-hollabrunn,Nextbike,"{'latitude': 48.562, 'longitude': 16.0785, 'city': 'Hollabrunn', 'country': 'AT'}",/v2/networks/nextbike-hollabrunn,['Nextbike GmbH'],,Nextbike,,,,,,48.562,16.0785,AT
nextbike-horw,Nextbike,"{'latitude': 47.0188, 'longitude': 8.30828, 'city': 'Horw', 'country': 'CH'}",/v2/networks/nextbike-horw,['Nextbike GmbH'],,Nextbike,,,,,,47.0188,8.30828,CH
nextbike-hradec-kralove,nextbike Hradec Králové,"{'latitude': 50.2079, 'longitude': 15.8334, 'city': 'Hradec Králové', 'country': 'CZ'}",/v2/networks/nextbike-hradec-kralove,['Nextbike GmbH'],,Nextbike,,,,,,50.2079,15.8334,CZ
nextbike-ivano-frankivsk,Nextbike,"{'latitude': 48.9281, 'longitude': 24.7103, 'city': 'Ivano Frankivsk', 'country': 'UA'}",/v2/networks/nextbike-ivano-frankivsk,['Nextbike GmbH'],,Nextbike,,,,,,48.9281,24.7103,UA
nextbike-jicin,nextbike Jičín,"{'latitude': 50.4367, 'longitude': 15.3743, 'city': 'Jičín', 'country': 'CZ'}",/v2/networks/nextbike-jicin,['Nextbike GmbH'],,Nextbike,,,,,,50.4367,15.3743,CZ
nextbike-jihlava,nextbike Jihlava,"{'latitude': 49.4078, 'longitude': 15.6061, 'city': 'Jihlava', 'country': 'CZ'}",/v2/networks/nextbike-jihlava,['Nextbike GmbH'],,Nextbike,,,,,,49.4078,15.6061,CZ
nextbike-kassel,Nextbike,"{'latitude': 51.3127, 'longitude': 9.47975, 'city': 'Kassel', 'country': 'DE'}",/v2/networks/nextbike-kassel,['Nextbike GmbH'],,Nextbike,,,,,,51.3127,9.47975,DE
nextbike-kladno,nextbike Kladno,"{'latitude': 50.1435, 'longitude': 14.1082, 'city': 'Kladno', 'country': 'CZ'}",/v2/networks/nextbike-kladno,['Nextbike GmbH'],,Nextbike,,,,,,50.1435,14.1082,CZ
nextbike-klagenfurt,Nextbike,"{'latitude': 46.6335, 'longitude': 14.3085, 'city': 'Klagenfurt', 'country': 'AT'}",/v2/networks/nextbike-klagenfurt,['Nextbike GmbH'],,Nextbike,,,,,,46.6335,14.3085,AT
nextbike-koprivnice,nextbike Kopřivnice,"{'latitude': 49.5934, 'longitude': 18.1422, 'city': 'Kopřivnice', 'country': 'CZ'}",/v2/networks/nextbike-koprivnice,['Nextbike GmbH'],,Nextbike,,,,,,49.5934,18.1422,CZ
nextbike-krnov,nextbike Krnov,"{'latitude': 50.0703, 'longitude': 17.8837, 'city': 'Krnov', 'country': 'CZ'}",/v2/networks/nextbike-krnov,['Nextbike GmbH'],,,,,,,,50.0703,17.8837,CZ
nextbike-leipzig,Nextbike,"{'latitude': 51.3415, 'longitude': 12.3625, 'city': 'Leipzig', 'country': 'DE'}",/v2/networks/nextbike-leipzig,['Nextbike GmbH'],,Nextbike,,,,,,51.3415,12.3625,DE
nextbike-limassol,Nextbike,"{'latitude': 34.6823, 'longitude': 33.0464, 'city': 'Limassol', 'country': 'CY'}",/v2/networks/nextbike-limassol,['Nextbike GmbH'],,Nextbike,,,,,,34.6823,33.0464,CY
nextbike-lippstadt,Nextbike,"{'latitude': 51.6755, 'longitude': 8.34394, 'city': 'Lippstadt', 'country': 'DE'}",/v2/networks/nextbike-lippstadt,['Nextbike GmbH'],,Nextbike,,,,,,51.6755,8.34394,DE
nextbike-luzern,Nextbike,"{'latitude': 47.0472, 'longitude': 8.30446, 'city': 'Luzern', 'country': 'CH'}",/v2/networks/nextbike-luzern,['Nextbike GmbH'],,Nextbike,,,,,,47.0472,8.30446,CH
nextbike-lviv,Nextbike,"{'latitude': 49.8402, 'longitude': 24.0182, 'city': 'Lviv', 'country': 'UA'}",/v2/networks/nextbike-lviv,['Nextbike GmbH'],,Nextbike,,,,,,49.8402,24.0182,UA
nextbike-marburg,Nextbike,"{'latitude': 50.8019, 'longitude': 8.76444, 'city': 'Marburg', 'country': 'DE'}",/v2/networks/nextbike-marburg,['Nextbike GmbH'],,Nextbike,,,,,,50.8019,8.76444,DE
nextbike-mladoboleslavsko-mlada-boleslav,nextbike Mladoboleslavsko,"{'latitude': 50.4278, 'longitude': 14.8999, 'city': 'Mladá Boleslav', 'country': 'CZ'}",/v2/networks/nextbike-mladoboleslavsko-mlada-boleslav,['Nextbike GmbH'],,Nextbike,,,,,,50.4278,14.8999,CZ
nextbike-mladoboleslavsko-mnichovo-hradiste,nextbike Mladoboleslavsko,"{'latitude': 50.5218, 'longitude': 14.9741, 'city': 'Mnichovo Hradiště', 'country': 'CZ'}",/v2/networks/nextbike-mladoboleslavsko-mnichovo-hradiste,['Nextbike GmbH'],,Nextbike,,,,,,50.5218,14.9741,CZ
nextbike-modling,Nextbike,"{'latitude': 48.1047, 'longitude': 16.3202, 'city': 'Mödling', 'country': 'AT'}",/v2/networks/nextbike-modling,['Nextbike GmbH'],,Nextbike,,,,,,48.1047,16.3202,AT
nextbike-most,nextbike Most,"{'latitude': 50.5014, 'longitude': 13.6361, 'city': 'Most', 'country': 'CZ'}",/v2/networks/nextbike-most,['Nextbike GmbH'],,Nextbike,,,,,,50.5014,13.6361,CZ
nextbike-nicosia,Nextbike,"{'latitude': 35.1728, 'longitude': 33.3653, 'city': 'Nicosia', 'country': 'CY'}",/v2/networks/nextbike-nicosia,['Nextbike GmbH'],,Nextbike,,,,,,35.1728,33.3653,CY
nextbike-norderstedt,Nextbike,"{'latitude': 53.6969, 'longitude': 10.002, 'city': 'Norderstedt', 'country': 'DE'}",/v2/networks/nextbike-norderstedt,['Nextbike GmbH'],,Nextbike,,,,,,53.6969,10.002,DE
nextbike-novy-jicin,nextbike Nový Jičín,"{'latitude': 49.5976, 'longitude': 18.008, 'city': 'Nový Jičín', 'country': 'CZ'}",/v2/networks/nextbike-novy-jicin,['Nextbike GmbH'],,,,,,,,49.5976,18.008,CZ
nextbike-oberdorf,Nextbike,"{'latitude': 46.9563, 'longitude': 8.3884, 'city': 'Oberdorf', 'country': 'CH'}",/v2/networks/nextbike-oberdorf,['Nextbike GmbH'],,Nextbike,,,,,,46.9563,8.3884,CH
nextbike-olbramovicevotice,nextbike OlbramoviceVotice,"{'latitude': 49.6525, 'longitude': 14.6355, 'city': 'Olbramovice/Votice', 'country': 'CZ'}",/v2/networks/nextbike-olbramovicevotice,['Nextbike GmbH'],,Nextbike,,,,,,49.6525,14.6355,CZ
nextbike-oldenburg,OLi-Bike,"{'latitude': 53.1448, 'longitude': 8.22485, 'city': 'Oldenburg', 'country': 'DE'}",/v2/networks/nextbike-oldenburg,['Bremer Tageszeitungen AG'],,Nextbike,,,,,,53.1448,8.22485,DE
nextbike-olomouc,nextbike Olomouc,"{'latitude': 49.5929, 'longitude': 17.2459, 'city': 'Olomouc', 'country': 'CZ'}",/v2/networks/nextbike-olomouc,['Nextbike GmbH'],,Nextbike,,,,,,49.5929,17.2459,CZ
nextbike-opava,nextbike Opava,"{'latitude': 49.9289, 'longitude': 18.2634, 'city': 'Opava', 'country': 'CZ'}",/v2/networks/nextbike-opava,['Nextbike GmbH'],,Nextbike,,,,,,49.9289,18.2634,CZ
nextbike-ortenaukreis,Nextbike Ortenaukreis,"{'latitude': 48.4721, 'longitude': 7.94243, 'city': 'Ortenaukreis', 'country': 'DE'}",/v2/networks/nextbike-ortenaukreis,['nextbike GmbH'],https://gbfs.nextbike.net/maps/gbfs/v2/nextbike_eh/gbfs.json,,,,,,,48.4721,7.94243,DE
nextbike-ostrava,nextbike Ostrava,"{'latitude': 49.8344, 'longitude': 18.2823, 'city': 'Ostrava', 'country': 'CZ'}",/v2/networks/nextbike-ostrava,['Nextbike GmbH'],,Nextbike,,,,,,49.8344,18.2823,CZ
nextbike-ostrava-hlucin,nextbike Ostrava,"{'latitude': 49.898, 'longitude': 18.1923, 'city': 'Hlučín', 'country': 'CZ'}",/v2/networks/nextbike-ostrava-hlucin,['Nextbike GmbH'],,Nextbike,,,,,,49.898,18.1923,CZ
nextbike-ostrava-vresina,nextbike Ostrava,"{'latitude': 49.825, 'longitude': 18.1206, 'city': 'Vřesina', 'country': 'CZ'}",/v2/networks/nextbike-ostrava-vresina,['Nextbike GmbH'],,,,,,,,49.825,18.1206,CZ
nextbike-pardubice,nextbike Pardubice,"{'latitude': 50.0343, 'longitude': 15.7812, 'city': 'Pardubice', 'country': 'CZ'}",/v2/networks/nextbike-pardubice,['Nextbike GmbH'],,,,,,,,50.0343,15.7812,CZ
nextbike-pisek,nextbike Písek,"{'latitude': 49.3051, 'longitude': 14.1463, 'city': 'Písek', 'country': 'CZ'}",/v2/networks/nextbike-pisek,['Nextbike GmbH'],,Nextbike,,,,,,49.3051,14.1463,CZ
nextbike-potsdam,Nextbike,"{'latitude': 52.3997, 'longitude': 13.0676, 'city': 'Potsdam', 'country': 'DE'}",/v2/networks/nextbike-potsdam,['Nextbike GmbH'],,Nextbike,,,,,,52.3997,13.0676,DE
nextbike-praha,nextbike Praha,"{'latitude': 50.0592, 'longitude': 14.5761, 'city': 'Praha', 'country': 'CZ'}",/v2/networks/nextbike-praha,['Nextbike GmbH'],,Nextbike,,,,,,50.0592,14.5761,CZ
nextbike-praha-ricany,nextbike Praha,"{'latitude': 49.9976, 'longitude': 14.6685, 'city': 'Říčany', 'country': 'CZ'}",/v2/networks/nextbike-praha-ricany,['Nextbike GmbH'],,Nextbike,,,,,,49.9976,14.6685,CZ
nextbike-prerov,nextbike Prerov,"{'latitude': 49.4574, 'longitude': 17.4408, 'city': 'Prerov', 'country': 'CZ'}",/v2/networks/nextbike-prerov,['Nextbike GmbH'],,Nextbike,,,,,,49.4574,17.4408,CZ
nextbike-prostejov,nextbike Prostejov,"{'latitude': 49.4722, 'longitude': 17.1055, 'city': 'Prostejov', 'country': 'CZ'}",/v2/networks/nextbike-prostejov,['Nextbike GmbH'],,,,,,,,49.4722,17.1055,CZ
nextbike-russelsheim-am-main,Nextbike,"{'latitude': 49.9881, 'longitude': 8.42142, 'city': 'Rüsselsheim am Main', 'country': 'DE'}",/v2/networks/nextbike-russelsheim-am-main,['Nextbike GmbH'],,Nextbike,,,,,,49.9881,8.42142,DE
nextbike-rychnovsko,nextbike Rychnovsko,"{'latitude': 50.1668, 'longitude': 16.2828, 'city': 'Rychnovsko', 'country': 'CZ'}",/v2/networks/nextbike-rychnovsko,['Nextbike GmbH'],,Nextbike,,,,,,50.1668,16.2828,CZ
nextbike-sarajevo,Nextbike,"{'latitude': 43.85, 'longitude': 18.39, 'city': 'Sarajevo', 'country': 'BA'}",/v2/networks/nextbike-sarajevo,['Nextbike GmbH'],,Nextbike,,,,,,43.85,18.39,BA
nextbike-sarnen,Nextbike,"{'latitude': 46.8963, 'longitude': 8.24614, 'city': 'Sarnen', 'country': 'CH'}",/v2/networks/nextbike-sarnen,['Nextbike GmbH'],,Nextbike,,,,,,46.8963,8.24614,CH
nextbike-serfaus,Nextbike,"{'latitude': 47.0387, 'longitude': 10.6048, 'city': 'Serfaus', 'country': 'AT'}",/v2/networks/nextbike-serfaus,['Nextbike GmbH'],,,,,,,,47.0387,10.6048,AT
nextbike-stans,Nextbike,"{'latitude': 46.9593, 'longitude': 8.36836, 'city': 'Stans', 'country': 'CH'}",/v2/networks/nextbike-stans,['Nextbike GmbH'],,Nextbike,,,,,,46.9593,8.36836,CH
nextbike-stansstad,Nextbike,"{'latitude': 46.9801, 'longitude': 8.34098, 'city': 'Stansstad', 'country': 'CH'}",/v2/networks/nextbike-stansstad,['Nextbike GmbH'],,Nextbike,,,,,,46.9801,8.34098,CH
nextbike-stirling,Nextbike,"{'latitude': 56.1165, 'longitude': -3.9369, 'city': 'Stirling', 'country': 'GB'}",/v2/networks/nextbike-stirling,['Nextbike GmbH'],,Nextbike,,,,,,56.1165,-3.9369,GB
nextbike-stpolten,Nextbike,"{'latitude': 48.2058, 'longitude': 15.6232, 'city': 'St.Pölten', 'country': 'AT'}",/v2/networks/nextbike-stpolten,['Nextbike GmbH'],,Nextbike,,,,,,48.2058,15.6232,AT
nextbike-sursee,Nextbike,"{'latitude': 47.1713, 'longitude': 8.10877, 'city': 'Sursee', 'country': 'CH'}",/v2/networks/nextbike-sursee,['Nextbike GmbH'],,Nextbike,,,,,,47.1713,8.10877,CH
nextbike-thermenregion,Nextbike,"{'latitude': 47.9892, 'longitude': 16.2646, 'city': 'Thermenregion', 'country': 'AT'}",/v2/networks/nextbike-thermenregion,['Nextbike GmbH'],,,,,,,,47.9892,16.2646,AT
nextbike-trutnov,nextbike Trutnov,"{'latitude': 50.5616, 'longitude': 15.9126, 'city': 'Trutnov', 'country': 'CZ'}",/v2/networks/nextbike-trutnov,['Nextbike GmbH'],,Nextbike,,,,,,50.5616,15.9126,CZ
nextbike-tulln,Nextbike,"{'latitude': 48.3269, 'longitude': 16.0569, 'city': 'Tulln', 'country': 'AT'}",/v2/networks/nextbike-tulln,['Nextbike GmbH'],,Nextbike,,,,,,48.3269,16.0569,AT
nextbike-tuzla,Nextbike,"{'latitude': 44.5392, 'longitude': 18.675, 'city': 'Tuzla', 'country': 'BA'}",/v2/networks/nextbike-tuzla,['Nextbike GmbH'],,Nextbike,,,,,,44.5392,18.675,BA
nextbike-uherske-hradiste,nextbike Uherské Hradiště,"{'latitude': 49.0678, 'longitude': 17.4665, 'city': 'Uherské Hradiště', 'country': 'CZ'}",/v2/networks/nextbike-uherske-hradiste,['Nextbike GmbH'],,Nextbike,,,,,,49.0678,17.4665,CZ
nextbike-university-of-surrey,Nextbike,"{'latitude': 51.2422, 'longitude': -0.590594, 'city': 'Surrey', 'country': 'GB'}",/v2/networks/nextbike-university-of-surrey,['Nextbike GmbH'],,,,,,,,51.2422,-0.590594,GB
nextbike-urdaibai,BBK Klimabizi,"{'latitude': 43.395, 'longitude': -2.68815, 'city': 'Urdaibai', 'country': 'ES'}",/v2/networks/nextbike-urdaibai,['Nextbike GmbH'],,Nextbike,,,,,,43.395,-2.68815,ES
nextbike-vinnytsia,Nextbike,"{'latitude': 49.2328, 'longitude': 28.4625, 'city': 'Vinnytsia', 'country': 'UA'}",/v2/networks/nextbike-vinnytsia,['Nextbike GmbH'],,Nextbike,,,,,,49.2328,28.4625,UA
nextbike-vrchlabi,nextbike Vrchlabí,"{'latitude': 50.6222, 'longitude': 15.6126, 'city': 'Vrchlabí', 'country': 'CZ'}",/v2/networks/nextbike-vrchlabi,['Nextbike GmbH'],,Nextbike,,,,,,50.6222,15.6126,CZ
nextbike-wachau,Nextbike,"{'latitude': 48.3188, 'longitude': 15.4166, 'city': 'Wachau', 'country': 'AT'}",/v2/networks/nextbike-wachau,['Nextbike GmbH'],,,,,,,,48.3188,15.4166,AT
nextbike-wienerwald,Nextbike,"{'latitude': 48.1926, 'longitude': 16.141, 'city': 'WienerWald', 'country': 'AT'}",/v2/networks/nextbike-wienerwald,['Nextbike GmbH'],,,,,,,,48.1926,16.141,AT
nextbike-wiesbaden,Nextbike,"{'latitude': 50.0709, 'longitude': 8.24322, 'city': 'Wiesbaden', 'country': 'DE'}",/v2/networks/nextbike-wiesbaden,['Nextbike GmbH'],,Nextbike,,,,,,50.0709,8.24322,DE
nextbike-wolfenschiessen,Nextbike,"{'latitude': 46.9079, 'longitude': 8.39767, 'city': 'Wolfenschiessen', 'country': 'CH'}",/v2/networks/nextbike-wolfenschiessen,['Nextbike GmbH'],,Nextbike,,,,,,46.9079,8.39767,CH
nextbike-wrneustadt,Nextbike,"{'latitude': 47.8167, 'longitude': 16.2426, 'city': 'Wr.Neustadt', 'country': 'AT'}",/v2/networks/nextbike-wrneustadt,['Nextbike GmbH'],,Nextbike,,,,,,47.8167,16.2426,AT
nextbike-wurzburg,Nextbike,"{'latitude': 49.8, 'longitude': 9.93333, 'city': 'Würzburg', 'country': 'DE'}",/v2/networks/nextbike-wurzburg,['Nextbike GmbH'],,,,,,,,49.8,9.93333,DE
nextbike-zagreb,Nextbike,"{'latitude': 45.7984, 'longitude': 15.9789, 'city': 'Zagreb', 'country': 'HR'}",/v2/networks/nextbike-zagreb,['Nextbike GmbH'],,Nextbike,,,,,,45.7984,15.9789,HR
nextbike-zlin,nextbike Zlín,"{'latitude': 49.238, 'longitude': 17.6788, 'city': 'Zlín', 'country': 'CZ'}",/v2/networks/nextbike-zlin,['Nextbike GmbH'],,Nextbike,,,,,,49.238,17.6788,CZ
nibelungen-bike-braunschweig,Nibelungen-Bike,"{'latitude': 52.2597, 'longitude': 10.5307, 'city': 'Braunschweig', 'country': 'DE'}",/v2/networks/nibelungen-bike-braunschweig,['Nextbike GmbH'],,Nextbike,,,,,,52.2597,10.5307,DE
nomago-gorica,Nomago Bikes - GO2GO,"{'latitude': 45.9576, 'longitude': 13.6406, 'city': 'Nova Gorica', 'country': 'SI'}",/v2/networks/nomago-gorica,['Nextbike GmbH'],,Nextbike,,,,,,45.9576,13.6406,SI
nomago-gorizia,GO2GO - Gorizia,"{'latitude': 45.9469, 'longitude': 13.6208, 'city': 'Gorizia', 'country': 'IT'}",/v2/networks/nomago-gorizia,['Nextbike GmbH'],,Nextbike,,,,,,45.9469,13.6208,IT
nomago-ljubljana,Nomago Bikes - LJUBLJANA,"{'latitude': 46.0577, 'longitude': 14.5013, 'city': 'Ljubljana', 'country': 'SI'}",/v2/networks/nomago-ljubljana,['Nextbike GmbH'],,Nextbike,,,,,,46.0577,14.5013,SI
nomago-portoroz,Nomago Bikes - PORTOROZ,"{'latitude': 45.5054, 'longitude': 13.5979, 'city': 'Portorož', 'country': 'SI'}",/v2/networks/nomago-portoroz,['Nextbike GmbH'],,,,,,,,45.5054,13.5979,SI
nomago-zanaprej,Nomago Bikes - ZANAPREJ,"{'latitude': 46.1392, 'longitude': 14.9785, 'city': 'Zagorje ob Savi', 'country': 'SI'}",/v2/networks/nomago-zanaprej,['Nextbike GmbH'],,Nextbike,,,,,,46.1392,14.9785,SI
nomagobikes-celje,NomagoBikes,"{'latitude': 46.2388, 'longitude': 15.2693, 'city': 'Celje', 'country': 'SI'}",/v2/networks/nomagobikes-celje,['Nextbike GmbH'],,Nextbike,,,,,,46.2388,15.2693,SI
nomagobikes-lasko,NomagoBikes,"{'latitude': 46.1458, 'longitude': 15.2312, 'city': 'Laško', 'country': 'SI'}",/v2/networks/nomagobikes-lasko,['Nextbike GmbH'],,Nextbike,,,,,,46.1458,15.2312,SI
notoinbici,NotoinBici,"{'latitude': 36.889437754839854, 'longitude': 15.074658393859863, 'city': 'Noto', 'country': 'IT'}",/v2/networks/notoinbici,['Comunicare S.r.l.'],,Bicincittà,https://www.bicincitta.com/frmLeStazioni.aspx?ID=162,,,,,36.889437754839854,15.074658393859863,IT
novara,Novara,"{'latitude': 45.44574, 'longitude': 8.622165, 'city': 'Novara', 'country': 'IT'}",/v2/networks/novara,['Comunicare S.r.l.'],,Bicincittà,https://www.bicincitta.com/frmLeStazioni.aspx?ID=131,,,,,45.44574,8.622165,IT
nubija-changwon,누비자 (Nubija),"{'latitude': 35.22369091380072, 'longitude': 128.67059887227657, 'city': '창원시 (Changwon)', 'country': 'KR'}",/v2/networks/nubija-changwon,['Changwon City'],,,,,,,,35.22369091380072,128.67059887227657,KR
oeynrad-bad-oeynhausen,Oeynrad,"{'latitude': 52.2051, 'longitude': 8.80074, 'city': 'Bad Oeynhausen', 'country': 'DE'}",/v2/networks/oeynrad-bad-oeynhausen,['Nextbike GmbH'],,,,,,,,52.2051,8.80074,DE
olbia-bike,Olbia Bike,"{'latitude': 40.9240543, 'longitude': 9.4994397, 'city': 'Olbia', 'country': 'IT'}",/v2/networks/olbia-bike,['Comunicare S.r.l.'],,Bicincittà,https://www.bicincitta.com/frmLeStazioni.aspx?ID=194,,,,,40.9240543,9.4994397,IT
oleski-rower-miejski-olesno,Oleski Rower Miejski Poland,"{'latitude': 50.8773, 'longitude': 18.4212, 'city': 'Olesno', 'country': 'PL'}",/v2/networks/oleski-rower-miejski-olesno,['Nextbike GmbH'],,,,,,,,50.8773,18.4212,PL
omaha,Heartland BCycle,"{'latitude': 41.25832, 'longitude': -96.00853, 'city': 'Omaha, NE', 'country': 'US'}",/v2/networks/omaha,"['BCycle, LLC']",https://gbfs.bcycle.com/bcycle_heartland/gbfs.json,BCycle,,,,,,41.25832,-96.00853,US
ontibici,Ontibici,"{'latitude': 38.8211, 'longitude': -0.609, 'city': 'Ontinyent', 'country': 'ES'}",/v2/networks/ontibici,['Movilidad Urbana Sostenible S.L.'],,Nextbike,,,,,,38.8211,-0.609,ES
opcina-brinje-brinje,Općina Brinje,"{'latitude': 44.9977, 'longitude': 15.1258, 'city': 'Brinje', 'country': 'HR'}",/v2/networks/opcina-brinje-brinje,['Nextbike GmbH'],,Nextbike,,,,,,44.9977,15.1258,HR
opcina-pitomaca,Općina Pitomača (Croatia),"{'latitude': 45.9077, 'longitude': 17.2622, 'city': 'Pitomača', 'country': 'HR'}",/v2/networks/opcina-pitomaca,['Nextbike GmbH'],,,,,,,,45.9077,17.2622,HR
optymo,Optymo,"{'latitude': 47.641111, 'longitude': 6.849444, 'city': 'Belfort', 'country': 'FR'}",/v2/networks/optymo,['SMTC 90'],https://belfort-fr.fifteen.site/gbfs/gbfs.json,,,,,,,47.641111,6.849444,FR
oslo-bysykkel,Bysykkel,"{'latitude': 59.913869, 'longitude': 10.752245, 'city': 'Oslo', 'country': 'NO'}",/v2/networks/oslo-bysykkel,['Urban Sharing AS'],https://gbfs.urbansharing.com/oslobysykkel.no/gbfs.json,,,,,,,59.913869,10.752245,NO
ossola,Comunità Montana Valli dell'Ossola,"{'latitude': 46.127196, 'longitude': 8.499169, 'city': 'Santa Maria Maggiore - Malesco - Villette', 'country': 'IT'}",/v2/networks/ossola,['Comunicare S.r.l.'],,Bicincittà,https://www.bicincitta.com/frmLeStazioni.aspx?ID=152,,,,,46.127196,8.499169,IT
ov-fiets,OV-fiets,"{'latitude': 52.1449, 'longitude': 5.5603, 'city': 'Nederland', 'country': 'NL'}",/v2/networks/ov-fiets,['NS Groep NV'],,,https://apiportal.ns.nl/,,,,,52.1449,5.5603,NL
parkinbici,Parkinbici,"{'latitude': 41.7817081, 'longitude': 15.8516421, 'city': 'Parco Nazionale del Gargano', 'country': 'IT'}",/v2/networks/parkinbici,['Comunicare S.r.l.'],,Bicincittà,https://www.bicincitta.com/frmLeStazioni.aspx?ID=105,,,,,41.7817081,15.8516421,IT
parma,Mi Muovo in Bici,"{'latitude': 44.801485, 'longitude': 10.3279036, 'city': 'Parma', 'country': 'IT'}",/v2/networks/parma,['Comunicare S.r.l.'],,Bicincittà,http://www.mimuovoinbici.it/frmLeStazioni.aspx?ID=58,,,,,44.801485,10.3279036,IT
passofundo,Passo Fundo Vai de Bici,"{'latitude': -28.2555, 'longitude': -52.3981, 'city': 'Passo Fundo', 'country': 'BR'}",/v2/networks/passofundo,['Mobhis Automação Urbana'],,Mobhis,,,,,,-28.2555,-52.3981,BR
pavia-in-bici,Pavia in bici,"{'latitude': 45.1847248, 'longitude': 9.1582069, 'city': 'Pavia', 'country': 'IT'}",/v2/networks/pavia-in-bici,['Comunicare S.r.l.'],,Bicincittà,https://www.bicincitta.com/frmLeStazioni.aspx?ID=45,,,,,45.1847248,9.1582069,IT
peacehealth-rides,PeaceHealth Rides,"{'latitude': 44.0502, 'longitude': -123.0949, 'city': 'Eugene, OR', 'country': 'US'}",/v2/networks/peacehealth-rides,['Social Bicycles Inc.'],https://peacehealthrides.com/opendata/gbfs.json,,,,,,,44.0502,-123.0949,US
perivelo,Périvélo,"{'latitude': 45.1929, 'longitude': 0.7217, 'city': 'Grand Périgueux', 'country': 'FR'}",/v2/networks/perivelo,['Ecovelo'],https://api.gbfs.ecovelo.mobi/perivelo/gbfs.json,Ecovelo,,True,,,,45.1929,0.7217,FR
petites-reines,Les Petites Reines,"{'latitude': 46.4971, 'longitude': -1.7805, 'city': ""Les Sables d'Olonne"", 'country': 'FR'}",/v2/networks/petites-reines,['Ecovelo'],https://api.gbfs.ecovelo.mobi/petitesreines/gbfs.json,Ecovelo,,True,,,,46.4971,-1.7805,FR
piacenza,Mi Muovo in Bici,"{'latitude': 45.0473754, 'longitude': 9.6865813, 'city': 'Piacenza', 'country': 'IT'}",/v2/networks/piacenza,['Comunicare S.r.l.'],,Bicincittà,http://www.mimuovoinbici.it/frmLeStazioni.aspx?ID=148,,,,,45.0473754,9.6865813,IT
pickebike-aubonne,PickeBike Aubonne,"{'latitude': 46.4949, 'longitude': 6.3963, 'city': 'Aubonne', 'country': 'CH'}",/v2/networks/pickebike-aubonne,['PickeBike'],https://gbfs.prod.sharedmobility.ch/v2/gbfs/pickebike_aubonne/gbfs,,https://github.com/SFOE/sharedmobility/blob/main/Access%20the%20data.md,,"{'name': 'Open Use', 'url': 'https://opendata.swiss/en/dataset/standorte-und-verfugbarkeit-von-shared-mobility-angeboten'}",,,46.4949,6.3963,CH
pickebike-basel,PickeBike Basel,"{'latitude': 47.5579, 'longitude': 7.5902, 'city': 'Basel', 'country': 'CH'}",/v2/networks/pickebike-basel,['PickeBike'],https://gbfs.prod.sharedmobility.ch/v2/gbfs/pickebike_basel/gbfs,,https://github.com/SFOE/sharedmobility/blob/main/Access%20the%20data.md,,"{'name': 'Open Use', 'url': 'https://opendata.swiss/en/dataset/standorte-und-verfugbarkeit-von-shared-mobility-angeboten'}",,,47.5579,7.5902,CH
pickebike-fribourg,PickeBike Fribourg,"{'latitude': 46.8039, 'longitude': 7.1505, 'city': 'Fribourg', 'country': 'CH'}",/v2/networks/pickebike-fribourg,['PickeBike'],https://gbfs.prod.sharedmobility.ch/v2/gbfs/pickebike_fribourg/gbfs,,https://github.com/SFOE/sharedmobility/blob/main/Access%20the%20data.md,,"{'name': 'Open Use', 'url': 'https://opendata.swiss/en/dataset/standorte-und-verfugbarkeit-von-shared-mobility-angeboten'}",,,46.8039,7.1505,CH
pinerolo,Pinerolo,"{'latitude': 44.8850256, 'longitude': 7.3499953, 'city': 'Pinerolo', 'country': 'IT'}",/v2/networks/pinerolo,['Comunicare S.r.l.'],,Bicincittà,https://www.bicincitta.com/frmLeStazioni.aspx?ID=71,,,,,44.8850256,7.3499953,IT
piotrkowski-rower-miejski-piotrkow-trybunalski,Piotrkowski Rower Miejski Poland,"{'latitude': 51.3975, 'longitude': 19.6779, 'city': 'Piotrków Trybunalski', 'country': 'PL'}",/v2/networks/piotrkowski-rower-miejski-piotrkow-trybunalski,['Nextbike GmbH'],,Nextbike,,,,,,51.3975,19.6779,PL
pittsburgh,Pogoh,"{'latitude': 40.4406, 'longitude': -79.9893, 'city': 'Pittsburgh, PA', 'country': 'US'}",/v2/networks/pittsburgh,"['Bike Share Pittsburgh Inc.', 'PBSC Urban Solutions']",https://pittsburgh.publicbikesystem.net/customer/gbfs/v2/gbfs.json,,,,,,,40.4406,-79.9893,US
pobiedziski-rower-gminny-pobiedziska,Pobiedziski Rower Gminny Poland,"{'latitude': 52.4765, 'longitude': 17.2866, 'city': 'Pobiedziska', 'country': 'PL'}",/v2/networks/pobiedziski-rower-gminny-pobiedziska,['Nextbike GmbH'],,Nextbike,,,,,,52.4765,17.2866,PL
pombike,Pombike,"{'latitude': 39.915278, 'longitude': -8.632222, 'city': 'Pombal', 'country': 'PT'}",/v2/networks/pombike,"['SOLTRÁFEGO, SA']",,Soltrafego,,,,,,39.915278,-8.632222,PT
pony-nice,Pony,"{'latitude': 43.695949, 'longitude': 7.271413, 'city': 'Nice', 'country': 'FR'}",/v2/networks/pony-nice,['Pony'],https://gbfs.getapony.com/v1/Nice/en/gbfs.json,,,,,,,43.695949,7.271413,FR
pordenone,Pordenone,"{'latitude': 45.94790101663391, 'longitude': 12.674491020251475, 'city': 'Pordenone', 'country': 'IT'}",/v2/networks/pordenone,['Comunicare S.r.l.'],,Bicincittà,https://www.bicincitta.com/frmLeStazioni.aspx?ID=164,,,,,45.94790101663391,12.674491020251475,IT
portofino-park-and-bike,Portofino Park and Bike,"{'latitude': 44.335084, 'longitude': 9.211264, 'city': 'Santa Margherita Ligure - Portofino - Camogli', 'country': 'IT'}",/v2/networks/portofino-park-and-bike,['Comunicare S.r.l.'],,Bicincittà,https://www.bicincitta.com/frmLeStazioni.aspx?ID=128,,,,,44.335084,9.211264,IT
prata-camportaccio,Prata Camportaccio,"{'latitude': 46.3042146, 'longitude': 9.3964914, 'city': 'Prata Camportaccio', 'country': 'IT'}",/v2/networks/prata-camportaccio,['Comunicare S.r.l.'],,Bicincittà,https://www.bicincitta.com/frmLeStazioni.aspx?ID=108,,,,,46.3042146,9.3964914,IT
publibike-bern,PubliBike Bern,"{'latitude': 46.94841, 'longitude': 7.43767, 'city': 'Bern', 'country': 'CH'}",/v2/networks/publibike-bern,['PubliBike AG'],,PubliBike,https://api.publibike.ch/v1/static/api.html,,,,,46.94841,7.43767,CH
publibike-fribourg,PubliBike Fribourg,"{'latitude': 46.805708, 'longitude': 7.160339, 'city': 'Fribourg', 'country': 'CH'}",/v2/networks/publibike-fribourg,['PubliBike AG'],,PubliBike,https://api.publibike.ch/v1/static/api.html,,,,,46.805708,7.160339,CH
publibike-lausanne-morges,PubliBike Lausanne-Morges,"{'latitude': 46.516649, 'longitude': 6.62948, 'city': 'Lausanne', 'country': 'CH'}",/v2/networks/publibike-lausanne-morges,['PubliBike AG'],,PubliBike,https://api.publibike.ch/v1/static/api.html,,,,,46.516649,6.62948,CH
publibike-region-de-nyon,PubliBike Région de Nyon,"{'latitude': 46.381706, 'longitude': 6.240311, 'city': 'Nyon', 'country': 'CH'}",/v2/networks/publibike-region-de-nyon,['PubliBike AG'],,PubliBike,https://api.publibike.ch/v1/static/api.html,,,,,46.381706,6.240311,CH
publibike-sottoceneri-ti,PubliBike Sottoceneri (TI),"{'latitude': 46.00491, 'longitude': 8.95244, 'city': 'Lugano', 'country': 'CH'}",/v2/networks/publibike-sottoceneri-ti,['PubliBike AG'],,PubliBike,https://api.publibike.ch/v1/static/api.html,,,,,46.00491,8.95244,CH
publibike-zuerich,PubliBike Zürich,"{'latitude': 47.38728, 'longitude': 8.53767, 'city': 'Zürich', 'country': 'CH'}",/v2/networks/publibike-zuerich,['PubliBike AG'],,PubliBike,https://api.publibike.ch/v1/static/api.html,,,,,47.38728,8.53767,CH
punpunbikeshare,Pun Pun Bike Share,"{'latitude': 13.75, 'longitude': 100.516667, 'city': 'Bangkok', 'country': 'TH'}",/v2/networks/punpunbikeshare,['BTS Group Holdings'],,,,,,,,13.75,100.516667,TH
qrobici,Qrobici,"{'latitude': 20.5939, 'longitude': -100.3958, 'city': 'Santiago de Querétaro', 'country': 'MX'}",/v2/networks/qrobici,"['Municipio de Querétaro', 'EMU (Estrategias de movilidad Urbana)']",,,,,,,,20.5939,-100.3958,MX
ready4green-graben,Graben - ready4green,"{'latitude': 51.1242, 'longitude': 10.8984, 'city': 'Graben', 'country': 'DE'}",/v2/networks/ready4green-graben,['Nextbike GmbH'],,Nextbike,,,,,,51.1242,10.8984,DE
redding,Redding BCycle,"{'latitude': 40.5875, 'longitude': -122.386, 'city': 'Redding, CA', 'country': 'US'}",/v2/networks/redding,"['BCycle, LLC']",https://gbfs.bcycle.com/bcycle_redding/gbfs.json,BCycle,,,,,,40.5875,-122.386,US
reddy-bike-share,Reddy Bike Share,"{'latitude': 42.89373841865211, 'longitude': -78.8718044757843, 'city': 'Buffalo, NY', 'country': 'US'}",/v2/networks/reddy-bike-share,"['Shared Mobility Inc.', 'Social Bicycles Inc.']",https://reddybikeshare.socialbicycles.com/opendata/gbfs.json,,,,,,,42.89373841865211,-78.8718044757843,US
reggio-emilia,Mi Muovo in Bici,"{'latitude': 44.6989932, 'longitude': 10.6296859, 'city': 'Reggio Emilia', 'country': 'IT'}",/v2/networks/reggio-emilia,['Comunicare S.r.l.'],,Bicincittà,http://www.mimuovoinbici.it/frmLeStazioni.aspx?ID=155,,,,,44.6989932,10.6296859,IT
regivelo-kreuzlingen,Regivelo,"{'latitude': 47.646, 'longitude': 9.1716, 'city': 'Kreuzlingen', 'country': 'CH'}",/v2/networks/regivelo-kreuzlingen,"['Regivelo', 'Donkey Republic']",https://stables.donkey.bike/api/public/gbfs/2/donkey_kreuzlingen/gbfs.json,,,,,,,47.646,9.1716,CH
relay-atlanta,HOPR,"{'latitude': 33.7627941119619, 'longitude': -84.38727110624313, 'city': 'Atlanta, GA', 'country': 'US'}",/v2/networks/relay-atlanta,['CycleHop LLC'],https://gbfs.hopr.city/api/gbfs/20/,,,,,,,33.7627941119619,-84.38727110624313,US
revgmobic,mobic,"{'latitude': 50.8493, 'longitude': 6.6687, 'city': 'REVG', 'country': 'DE'}",/v2/networks/revgmobic,['Rhein-Erft-Verkehrsgesellschaft mbH'],,Nextbike,,,,,,50.8493,6.6687,DE
rietinbici,Rietinbici,"{'latitude': 42.40262397383167, 'longitude': 12.86099910736084, 'city': 'Rieti', 'country': 'IT'}",/v2/networks/rietinbici,['Comunicare S.r.l.'],,Bicincittà,https://www.bicincitta.com/frmLeStazioni.aspx?ID=158,,,,,42.40262397383167,12.86099910736084,IT
rimini,Mi Muovo in Bici,"{'latitude': 44.0570817, 'longitude': 12.5646003, 'city': 'Rimini', 'country': 'IT'}",/v2/networks/rimini,['Comunicare S.r.l.'],,Bicincittà,http://www.mimuovoinbici.it/frmLeStazioni.aspx?ID=149,,,,,44.0570817,12.5646003,IT
rivibike,Rivibike,"{'latitude': -23.7998, 'longitude': -46.0223, 'city': 'Riviera de São Lourenço', 'country': 'BR'}",/v2/networks/rivibike,"['Sobloco Construtora S/A', 'Associação dos Amigos da Riviera', 'Tembici']",https://riviera.publicbikesystem.net/customer/gbfs/v2/gbfs.json,,,,,,,-23.7998,-46.0223,BR
rmbikes,RMBikes,"{'latitude': 39.3374, 'longitude': -8.9374, 'city': 'Rio Maior', 'country': 'PT'}",/v2/networks/rmbikes,"['Município de Rio Maior', 'Wegoshare, Lda']",,,,True,,,,39.3374,-8.9374,PT
rower-powiatowy-sokolow-podlaski,Rower Powiatowy Sokołów Podlaski,"{'latitude': 52.4082, 'longitude': 22.2525, 'city': 'Sokołów Podlaski', 'country': 'PL'}",/v2/networks/rower-powiatowy-sokolow-podlaski,['Nextbike GmbH'],,Nextbike,,,,,,52.4082,22.2525,PL
rowerowe-lodzkie-rl-koluszki,Rowerowe Łódzkie,"{'latitude': 51.7401, 'longitude': 19.835, 'city': 'Koluszki', 'country': 'PL'}",/v2/networks/rowerowe-lodzkie-rl-koluszki,['Nextbike GmbH'],,Nextbike,,,,,,51.7401,19.835,PL
rowerowe-lodzkie-rl-kutno,Rowerowe Łódzkie,"{'latitude': 52.2317, 'longitude': 19.3564, 'city': 'Kutno', 'country': 'PL'}",/v2/networks/rowerowe-lodzkie-rl-kutno,['Nextbike GmbH'],,Nextbike,,,,,,52.2317,19.3564,PL
rowerowe-lodzkie-rl-lask,Rowerowe Łódzkie,"{'latitude': 51.5893, 'longitude': 19.142, 'city': 'Łask', 'country': 'PL'}",/v2/networks/rowerowe-lodzkie-rl-lask,['Nextbike GmbH'],,Nextbike,,,,,,51.5893,19.142,PL
rowerowe-lodzkie-rl-lodz-rl,Rowerowe Łódzkie,"{'latitude': 51.7674, 'longitude': 19.4575, 'city': 'Łódź', 'country': 'PL'}",/v2/networks/rowerowe-lodzkie-rl-lodz-rl,['Nextbike GmbH'],,Nextbike,,,,,,51.7674,19.4575,PL
rowerowe-lodzkie-rl-lowicz,Rowerowe Łódzkie,"{'latitude': 52.1057, 'longitude': 19.9381, 'city': 'Łowicz', 'country': 'PL'}",/v2/networks/rowerowe-lodzkie-rl-lowicz,['Nextbike GmbH'],,Nextbike,,,,,,52.1057,19.9381,PL
rowerowe-lodzkie-rl-pabianice,Rowerowe Łódzkie,"{'latitude': 51.6651, 'longitude': 19.3548, 'city': 'Pabianice', 'country': 'PL'}",/v2/networks/rowerowe-lodzkie-rl-pabianice,['Nextbike GmbH'],,Nextbike,,,,,,51.6651,19.3548,PL
rowerowe-lodzkie-rl-sieradz,Rowerowe Łódzkie,"{'latitude': 51.5902, 'longitude': 18.7382, 'city': 'Sieradz', 'country': 'PL'}",/v2/networks/rowerowe-lodzkie-rl-sieradz,['Nextbike GmbH'],,Nextbike,,,,,,51.5902,18.7382,PL
rowerowe-lodzkie-rl-skierniewice,Rowerowe Łódzkie,"{'latitude': 51.9539, 'longitude': 20.1469, 'city': 'Skierniewice', 'country': 'PL'}",/v2/networks/rowerowe-lodzkie-rl-skierniewice,['Nextbike GmbH'],,Nextbike,,,,,,51.9539,20.1469,PL
rowerowe-lodzkie-rl-zdunska-wola,Rowerowe Łódzkie,"{'latitude': 51.6011, 'longitude': 18.938, 'city': 'Zduńska Wola', 'country': 'PL'}",/v2/networks/rowerowe-lodzkie-rl-zdunska-wola,['Nextbike GmbH'],,Nextbike,,,,,,51.6011,18.938,PL
rowerowe-lodzkie-rl-zgierz,Rowerowe Łódzkie,"{'latitude': 51.8551, 'longitude': 19.4068, 'city': 'Zgierz', 'country': 'PL'}",/v2/networks/rowerowe-lodzkie-rl-zgierz,['Nextbike GmbH'],,Nextbike,,,,,,51.8551,19.4068,PL
rsvg-bike,RSVG-Bike,"{'latitude': 50.7669, 'longitude': 7.37457, 'city': 'RSVG', 'country': 'DE'}",/v2/networks/rsvg-bike,['Nextbike GmbH'],,Nextbike,,,,,,50.7669,7.37457,DE
rtc-bike-share,RTC Bike Share,"{'latitude': 36.1438, 'longitude': -115.15682, 'city': 'Las Vegas, NV', 'country': 'US'}",/v2/networks/rtc-bike-share,"['RTC Southern Nevada, Inc', 'BCycle, LLC']",https://gbfs.bcycle.com/bcycle_rtcbikeshare/gbfs.json,BCycle,,,,,,36.1438,-115.15682,US
rubis-velo,Rubis'Vélo,"{'latitude': 46.2056, 'longitude': 5.2289, 'city': 'Bourg-en-Bresse', 'country': 'FR'}",/v2/networks/rubis-velo,['Ecovelo'],https://api.gbfs.ecovelo.mobi/beb/gbfs.json,Ecovelo,,,,,,46.2056,5.2289,FR
rva-bikes,RVA Bike Share,"{'latitude': 37.53833, 'longitude': -77.43464, 'city': 'Richmond, VA', 'country': 'US'}",/v2/networks/rva-bikes,"['Richmond Department of Public Works', 'Wegoshare, Lda']",,,,True,,,,37.53833,-77.43464,US
rvk,RVK,"{'latitude': 50.7069, 'longitude': 6.87607, 'city': 'RVK e-Bike', 'country': 'DE'}",/v2/networks/rvk,['Nextbike GmbH'],,Nextbike,,,,,,50.7069,6.87607,DE
saluzzo,Saluzzo,"{'latitude': 44.6445404, 'longitude': 7.492735499999999, 'city': 'Saluzzo', 'country': 'IT'}",/v2/networks/saluzzo,['Comunicare S.r.l.'],,Bicincittà,https://www.bicincitta.com/frmLeStazioni.aspx?ID=51,,,,,44.6445404,7.492735499999999,IT
sanantonio,SWell Cycle,"{'latitude': 29.43701, 'longitude': -98.48236, 'city': 'San Antonio, TX', 'country': 'US'}",/v2/networks/sanantonio,"['BCycle, LLC']",https://gbfs.bcycle.com/bcycle_sanantonio/gbfs.json,BCycle,,,,,,29.43701,-98.48236,US
santa-barbara,Santa Barbara BCycle,"{'latitude': 34.42178, 'longitude': -119.7001, 'city': 'Santa Barbara, CA', 'country': 'US'}",/v2/networks/santa-barbara,"['BCycle, LLC']",https://gbfs.bcycle.com/bcycle_santabarbara/gbfs.json,BCycle,,,,,,34.42178,-119.7001,US
santa-cruz,Santa Cruz BCycle,"{'latitude': 36.97484, 'longitude': -122.0277, 'city': 'Santa Cruz, CA', 'country': 'US'}",/v2/networks/santa-cruz,"['BCycle, LLC']",https://gbfs.bcycle.com/bcycle_santacruz/gbfs.json,BCycle,,,,,,36.97484,-122.0277,US
santana,Sântana Velo,"{'latitude': 46.3461, 'longitude': 21.5064, 'city': 'Sântana', 'country': 'RO'}",/v2/networks/santana,['PBSC Urban Solutions'],https://santana.publicbikesystem.net/customer/gbfs/v2/gbfs.json,,,,,,,46.3461,21.5064,RO
santander-brunel,Santander Cycles - Brunel,"{'latitude': 51.5463, 'longitude': -0.48048, 'city': 'Brunel University', 'country': 'GB'}",/v2/networks/santander-brunel,['Nextbike GmbH'],,Nextbike,,,,,,51.5463,-0.48048,GB
santander-cycles,Santander Cycles,"{'latitude': 51.51121389999999, 'longitude': -0.1198244, 'city': 'London', 'country': 'GB'}",/v2/networks/santander-cycles,"['PBSC', 'Serco Group plc']",,Bixi,,,,,,51.51121389999999,-0.1198244,GB
santander-cycles-mk-milton-keynes,Santander Cycles MK,"{'latitude': 52.0406, 'longitude': -0.759417, 'city': 'Milton Keynes', 'country': 'GB'}",/v2/networks/santander-cycles-mk-milton-keynes,['Nextbike GmbH'],,Nextbike,,,,,,52.0406,-0.759417,GB
santander-cycles-swansea-swansea-university,Santander Cycles,"{'latitude': 51.6106, 'longitude': -3.9764, 'city': 'Swansea', 'country': 'GB'}",/v2/networks/santander-cycles-swansea-swansea-university,['Nextbike GmbH'],,Nextbike,,,,,,51.6106,-3.9764,GB
santander-monchengladbach,Santander Mönchengladbach,"{'latitude': 51.1817, 'longitude': 6.43578, 'city': 'Mönchengladbach', 'country': 'DE'}",/v2/networks/santander-monchengladbach,['Nextbike GmbH'],,Nextbike,,,,,,51.1817,6.43578,DE
sap-walldorf,SAP Walldorf,"{'latitude': 49.2945, 'longitude': 8.62324, 'city': 'Walldorf', 'country': 'DE'}",/v2/networks/sap-walldorf,['Nextbike GmbH'],,Nextbike,,,,,,49.2945,8.62324,DE
saturn,Saturn,"{'latitude': 43.82, 'longitude': 28.7445, 'city': 'Saturn', 'country': 'RO'}",/v2/networks/saturn,['Nextbike GmbH'],,Nextbike,,,,,,43.82,28.7445,RO
savigliano,Savigliano,"{'latitude': 44.6470327, 'longitude': 7.662463499999999, 'city': 'Savigliano', 'country': 'IT'}",/v2/networks/savigliano,['Comunicare S.r.l.'],,Bicincittà,https://www.bicincitta.com/frmLeStazioni.aspx?ID=52,,,,,44.6470327,7.662463499999999,IT
savona,Savona,"{'latitude': 44.29516444397244, 'longitude': 8.463126708984431, 'city': 'Savona', 'country': 'IT'}",/v2/networks/savona,['Comunicare S.r.l.'],,Bicincittà,https://www.bicincitta.com/frmLeStazioni.aspx?ID=195,,,,,44.29516444397244,8.463126708984431,IT
scegli-in-bici,Scegli in Bici,"{'latitude': 45.134914104864116, 'longitude': 10.0222648619018, 'city': 'Cremona', 'country': 'IT'}",/v2/networks/scegli-in-bici,['Comunicare S.r.l.'],,Bicincittà,https://www.bicincitta.com/frmLeStazioni.aspx?ID=178,,,,,45.134914104864116,10.0222648619018,IT
sellero,Sellero,"{'latitude': 46.06304765446406, 'longitude': 10.353434085845947, 'city': 'Sellero', 'country': 'IT'}",/v2/networks/sellero,['Comunicare S.r.l.'],,Bicincittà,https://www.bicincitta.com/frmLeStazioni.aspx?ID=85,,,,,46.06304765446406,10.353434085845947,IT
semo,semo,"{'latitude': 49.22, 'longitude': 1.17, 'city': ""Communauté d'agglomération Seine-Eure"", 'country': 'FR'}",/v2/networks/semo,['Ecovelo'],https://api.gbfs.ecovelo.mobi/semo/gbfs.json,Ecovelo,,,,,,49.22,1.17,FR
senica-bajk,SENICA BAJK,"{'latitude': 48.676, 'longitude': 17.3642, 'city': 'Senica', 'country': 'SK'}",/v2/networks/senica-bajk,['Nextbike GmbH'],,Nextbike,,,,,,48.676,17.3642,SK
seoul-bike,Seoul Bike 따릉이,"{'latitude': 37.5664, 'longitude': 126.9785, 'city': 'Seoul', 'country': 'KR'}",/v2/networks/seoul-bike,['Seoul Metropolitan Government'],,,,,,,,37.5664,126.9785,KR
sevici,Sevici,"{'latitude': 37.3880961, 'longitude': -5.9823299, 'city': 'Sevilla', 'country': 'ES'}",/v2/networks/sevici,['JCDecaux'],,Cyclocity,https://developer.jcdecaux.com,,"{'name': 'Open Licence', 'url': 'https://developer.jcdecaux.com/#/opendata/licence'}",,,37.3880961,-5.9823299,ES
shymkentbike,Shymkentbike,"{'latitude': 42.3184, 'longitude': 69.5978, 'city': 'Shymkent', 'country': 'KZ'}",/v2/networks/shymkentbike,"['Velobike.kz, LLP', 'Smoove']",,Velobike,,,,,,42.3184,69.5978,KZ
sibiu,Sibiu Bike Share,"{'latitude': 45.7963, 'longitude': 24.1518, 'city': 'Sibiu', 'country': 'RO'}",/v2/networks/sibiu,['PBSC Urban Solutions'],https://sibiu.publicbikesystem.net/customer/gbfs/v2/gbfs.json,,,,,,,45.7963,24.1518,RO
sitycleta-las-palmas-las-palmas-de-gran-canaria,Sitycleta,"{'latitude': 28.1236, 'longitude': -15.4366, 'city': 'Las Palmas de Gran Canaria', 'country': 'ES'}",/v2/networks/sitycleta-las-palmas-las-palmas-de-gran-canaria,['Nextbike GmbH'],,Nextbike,,,,,,28.1236,-15.4366,ES
sixt-riga,SiXT,"{'latitude': 56.9453, 'longitude': 24.1033, 'city': 'Rīga', 'country': 'LV'}",/v2/networks/sixt-riga,['Nextbike GmbH'],,Nextbike,,,,,,56.9453,24.1033,LV
ski-rower-chelm,Chełmski Rower,"{'latitude': 51.1318, 'longitude': 23.4755, 'city': 'Chełm', 'country': 'PL'}",/v2/networks/ski-rower-chelm,['Nextbike GmbH'],,Nextbike,,,,,,51.1318,23.4755,PL
skrova-bike,Skrova Bysykkel,"{'latitude': 68.1669, 'longitude': 14.6611, 'city': 'Skrova', 'country': 'NO'}",/v2/networks/skrova-bike,"['UIP Drift AS', 'Skrova Outdoor Photo Spot (SOPS)', 'Skrova Næringsforening', 'Urban Sharing']",,,,,,,,68.1669,14.6611,NO
slatina-velo-city,Slatina Velo City,"{'latitude': 44.4299, 'longitude': 24.3716, 'city': 'Slatina', 'country': 'RO'}",/v2/networks/slatina-velo-city,['Nextbike GmbH'],,Nextbike,,,,,,44.4299,24.3716,RO
slovnaft-bajk,Slovnaft BAjk,"{'latitude': 48.1514, 'longitude': 17.1056, 'city': 'Bratislava', 'country': 'SK'}",/v2/networks/slovnaft-bajk,"['Dopravný podnik Bratislava', 'Bratislavská integrovaná doprava, a.s.', 'Hlavné mesto SR Bratislava']",,,,,,,,48.1514,17.1056,SK
sobi-hamilton,SoBi,"{'latitude': 43.25643601915583, 'longitude': -79.86929655075073, 'city': 'Hamilton, ON', 'country': 'CA'}",/v2/networks/sobi-hamilton,['Social Bicycles Inc.'],https://hamilton.socialbicycles.com/opendata/gbfs.json,,,,,,,43.25643601915583,-79.86929655075073,CA
sobi-long-beach,SoBi,"{'latitude': 33.76897, 'longitude': -118.19164, 'city': 'Long Beach, CA', 'country': 'US'}",/v2/networks/sobi-long-beach,['Social Bicycles Inc.'],https://www.longbeachbikeshare.com/opendata/gbfs.json,,,,,,,33.76897,-118.19164,US
sondrio,Sondrio,"{'latitude': 46.1698583, 'longitude': 9.8787674, 'city': 'Sondrio', 'country': 'IT'}",/v2/networks/sondrio,['Comunicare S.r.l.'],,Bicincittà,https://www.bicincitta.com/frmLeStazioni.aspx?ID=213,,,,,46.1698583,9.8787674,IT
speziainbici,Speziainbici,"{'latitude': 44.1024504, 'longitude': 9.824082599999999, 'city': 'La Spezia', 'country': 'IT'}",/v2/networks/speziainbici,['Comunicare S.r.l.'],,Bicincittà,https://www.bicincitta.com/frmLeStazioni.aspx?ID=137,,,,,44.1024504,9.824082599999999,IT
sprintrad,sprintRAD,"{'latitude': 52.3721, 'longitude': 9.73569, 'city': 'Hannover', 'country': 'DE'}",/v2/networks/sprintrad,['Nextbike GmbH'],,Nextbike,,,,,,52.3721,9.73569,DE
sprottenflotte-kiel,Sprottenflotte,"{'latitude': 54.2837, 'longitude': 10.13213, 'city': 'Kiel', 'country': 'DE'}",/v2/networks/sprottenflotte-kiel,['Donkey Republic'],https://stables.donkey.bike/api/public/gbfs/2/donkey_kiel/gbfs,,,,,,,54.2837,10.13213,DE
stadtrad-hamburg-db,StadtRAD Hamburg,"{'latitude': 53.550308, 'longitude': 10.00063, 'city': 'Hamburg', 'country': 'DE'}",/v2/networks/stadtrad-hamburg-db,['Deutsche Bahn AG'],https://apis.deutschebahn.com/db-api-marketplace/apis/shared-mobility-gbfs/v2/de/StadtRadHamburg/gbfs,deutschebahn,,,,,,53.550308,10.00063,DE
stadtrad-innsbruck,Stadtrad,"{'latitude': 47.2632, 'longitude': 11.3961, 'city': 'Innsbruck', 'country': 'AT'}",/v2/networks/stadtrad-innsbruck,['Nextbike GmbH'],,Nextbike,,,,,,47.2632,11.3961,AT
stadtrad-lueneburg,StadtRAD Lüneburg,"{'latitude': 53.248697, 'longitude': 10.407776, 'city': 'Lüneburg', 'country': 'DE'}",/v2/networks/stadtrad-lueneburg,['Deutsche Bahn AG'],https://apis.deutschebahn.com/db-api-marketplace/apis/shared-mobility-gbfs/v2/de/StadtRADLueneburg/gbfs,deutschebahn,,,,,,53.248697,10.407776,DE
stadtrad-stuttgart,RegioRadStuttgart,"{'latitude': 48.778147, 'longitude': 9.1801512, 'city': 'Stuttgart', 'country': 'DE'}",/v2/networks/stadtrad-stuttgart,['Deutsche Bahn AG'],https://apis.deutschebahn.com/db-api-marketplace/apis/shared-mobility-gbfs/v2/de/RegioRadStuttgart/gbfs,deutschebahn,,,,,,48.778147,9.1801512,DE
stari-grad-hvar,Hvar,"{'latitude': 43.1841, 'longitude': 16.5886, 'city': 'Stari Grad', 'country': 'HR'}",/v2/networks/stari-grad-hvar,['Nextbike GmbH'],,Nextbike,,,,,,43.1841,16.5886,HR
styr-staell-goeteborg,"Styr & Ställ (Sweden, Göteborg)","{'latitude': 57.6902, 'longitude': 11.9881, 'city': 'Göteborg', 'country': 'SE'}",/v2/networks/styr-staell-goeteborg,['Nextbike GmbH'],,Nextbike,,,,,,57.6902,11.9881,SE
summit-bike-share,Summit Bike Share,"{'latitude': 40.6474, 'longitude': -111.4981, 'city': 'Park City, UT', 'country': 'US'}",/v2/networks/summit-bike-share,"['Summit County Department of Transportation', 'Wegoshare, Lda']",,,,True,,,,40.6474,-111.4981,US
swa-rad-augsburg,SWA Rad,"{'latitude': 48.3647, 'longitude': 10.8916, 'city': 'Augsburg', 'country': 'DE'}",/v2/networks/swa-rad-augsburg,['Nextbike GmbH'],,,,,,,,48.3647,10.8916,DE
system-roweru-gminnego-pielgrzymka,System Roweru Gminnego Poland,"{'latitude': 51.1185, 'longitude': 15.8153, 'city': 'Pielgrzymka', 'country': 'PL'}",/v2/networks/system-roweru-gminnego-pielgrzymka,['Nextbike GmbH'],,Nextbike,,,,,,51.1185,15.8153,PL
tallinja-bike,Tallinja Bike,"{'latitude': 35.8992, 'longitude': 14.5141, 'city': 'Valletta - Malta - Gozo', 'country': 'MT'}",/v2/networks/tallinja-bike,['Instituto Tecnológico de Castilla y León (ITCL)'],,bicicard,,,,,,35.8992,14.5141,MT
tanlib,Vélo tanlib,"{'latitude': 46.3258, 'longitude': -0.4606, 'city': 'Niort', 'country': 'FR'}",/v2/networks/tanlib,['Ecovelo'],https://api.gbfs.ecovelo.mobi/tanlib/gbfs.json,Ecovelo,,True,,,,46.3258,-0.4606,FR
tashu,Tashu,"{'latitude': 36.349, 'longitude': 127.3848, 'city': '대전 (Daejeon)', 'country': 'KR'}",/v2/networks/tashu,['Daejeon Metropolitan City'],,,,,,,,36.349,127.3848,KR
telofun,Tel-O-Fun,"{'latitude': 32.087053, 'longitude': 34.789776, 'city': ""Tel Aviv-Yaffo, Giv'atayim, Ramat-Gan"", 'country': 'IL'}",/v2/networks/telofun,['FSM Ground Services Ltd.'],,fsm,,,,,,32.087053,34.789776,IL
tembici-bogota,Tembici,"{'latitude': 4.6569, 'longitude': -74.0656, 'city': 'Bogotá', 'country': 'CO'}",/v2/networks/tembici-bogota,"['M1 Transportes Sustentáveis Ltda.', 'Tembici']",https://bogota.publicbikesystem.net/customer/gbfs/v2/gbfs.json,,,,,,,4.6569,-74.0656,CO
tempo-velo,Tempo Vélo,"{'latitude': 44.2049, 'longitude': 0.6212, 'city': 'Agen', 'country': 'FR'}",/v2/networks/tempo-velo,['Ecovelo'],https://api.gbfs.ecovelo.mobi/tempovelo/gbfs.json,Ecovelo,,True,,,,44.2049,0.6212,FR
terni,Terni,"{'latitude': 42.5636168, 'longitude': 12.6426604, 'city': 'Terni', 'country': 'IT'}",/v2/networks/terni,['Comunicare S.r.l.'],,Bicincittà,https://www.bicincitta.com/frmLeStazioni.aspx?ID=134,,,,,42.5636168,12.6426604,IT
thessbike,ThessBike,"{'latitude': 40.6403167, 'longitude': 22.9352716, 'city': 'Thessaloniki', 'country': 'GR'}",/v2/networks/thessbike,"['Brainbox Technology', 'Smoove SAS']",,EasyBike,,,,,,40.6403167,22.9352716,GR
thun,Donkey Republic Thun,"{'latitude': 46.7576, 'longitude': 7.6287, 'city': 'Thun', 'country': 'CH'}",/v2/networks/thun,['Donkey Republic'],https://stables.donkey.bike/api/public/gbfs/2/donkey_thun/gbfs.json,,,,,,,46.7576,7.6287,CH
ti-velo,Ti Vélo,"{'latitude': 48.4512, 'longitude': -4.2551, 'city': 'Landernau', 'country': 'FR'}",/v2/networks/ti-velo,['Fifteen SAS'],https://gateway.prod.partners-fs37hd8.zoov.site/gbfs/2.2/landerneau/en/gbfs.json?&key=M2RjMTgyODYtZDM0OS00NjI0LWJiMjMtYzhmYjVlMDI0MzM0,,https://www.data.gouv.fr/fr/datasets/r/e32b6154-ab60-4eca-8271-0ce846c7bace,,"{'name': 'Open Data Commons Open Database License (ODbL)', 'url': 'http://opendatacommons.org/licenses/odbl/summary/'}",,,48.4512,-4.2551,FR
tigullionbike,Tigullionbike,"{'latitude': 44.272554, 'longitude': 9.395714, 'city': 'Sestri Levante - Lavagna', 'country': 'IT'}",/v2/networks/tigullionbike,['Comunicare S.r.l.'],,Bicincittà,https://www.bicincitta.com/frmLeStazioni.aspx?ID=80,,,,,44.272554,9.395714,IT
tirano-in-bici,Tirano in Bici,"{'latitude': 46.216168, 'longitude': 10.1696056, 'city': 'Tirano', 'country': 'IT'}",/v2/networks/tirano-in-bici,['Comunicare S.r.l.'],,Bicincittà,https://www.bicincitta.com/frmLeStazioni.aspx?ID=141,,,,,46.216168,10.1696056,IT
tlp-velo,Tarbes et Lourdes vls,"{'latitude': 43.23, 'longitude': 0.07, 'city': 'Tarbes, Lourdes', 'country': 'FR'}",/v2/networks/tlp-velo,['Ecovelo'],https://api.gbfs.ecovelo.mobi/tlpmobilites/gbfs.json,Ecovelo,,True,,,,43.23,0.07,FR
torrentbici,TorrentBici,"{'latitude': 39.4319, 'longitude': -0.473, 'city': 'Torrent', 'country': 'ES'}",/v2/networks/torrentbici,['Nextbike GmbH'],,Nextbike,,,,,,39.4319,-0.473,ES
torvelo,Torvelo,"{'latitude': 53.0138, 'longitude': 18.5984, 'city': 'Toruń', 'country': 'PL'}",/v2/networks/torvelo,['Bike U Sp. z o.o.'],,Bike U,,,,,,53.0138,18.5984,PL
toyama-cyclocity,cyclocity,"{'latitude': 36.6959518, 'longitude': 137.2136768, 'city': '富山市', 'country': 'JP'}",/v2/networks/toyama-cyclocity,['JCDecaux'],,Cyclocity,https://developer.jcdecaux.com,,"{'name': 'Open Licence', 'url': 'https://developer.jcdecaux.com/#/opendata/licence'}",,,36.6959518,137.2136768,JP
tradate,Tradate,"{'latitude': 45.70938576720161, 'longitude': 8.915993391601548, 'city': 'Tradate', 'country': 'IT'}",/v2/networks/tradate,['Comunicare S.r.l.'],,Bicincittà,https://www.bicincitta.com/frmLeStazioni.aspx?ID=198,,,,,45.70938576720161,8.915993391601548,IT
treviso,Treviso,"{'latitude': 45.6669011, 'longitude': 12.243039, 'city': 'Treviso', 'country': 'IT'}",/v2/networks/treviso,['Comunicare S.r.l.'],,Bicincittà,https://www.bicincitta.com/frmLeStazioni.aspx?ID=179,,,,,45.6669011,12.243039,IT
trofinetes,Trofinetes,"{'latitude': 41.3436, 'longitude': -8.553, 'city': 'Trofa', 'country': 'PT'}",/v2/networks/trofinetes,"['Município de Trofa', 'Share2Go - Mobilidade Partilhada, Sociedade Unipessoal Lda']",,,,,,True,,41.3436,-8.553,PT
trondheim-bysykkel,Bysykkel,"{'latitude': 63.4307238, 'longitude': 10.3936781, 'city': 'Trondheim', 'country': 'NO'}",/v2/networks/trondheim-bysykkel,['Urban Sharing AS'],https://gbfs.urbansharing.com/trondheimbysykkel.no/gbfs.json,,,,,,,63.4307238,10.3936781,NO
tuebici,TUeBICI,"{'latitude': 43.46230569999999, 'longitude': -3.8099803, 'city': 'Santander', 'country': 'ES'}",/v2/networks/tuebici,['UTE BICIS SANTANDER'],,Nextbike,,,,,,43.46230569999999,-3.8099803,ES
tugo-bike-share,Tugo Bike Share,"{'latitude': 32.2225, 'longitude': -110.9749, 'city': 'Tucson, AZ', 'country': 'US'}",/v2/networks/tugo-bike-share,"['PBSC Urban Solutions', 'Shift Transit']",https://tucson.publicbikesystem.net/customer/gbfs/v2/gbfs.json,,,,,,,32.2225,-110.9749,US
twisto-velo,Twisto vélo,"{'latitude': 49.1813403, 'longitude': -0.3635615, 'city': 'Caen', 'country': 'FR'}",/v2/networks/twisto-velo,['Fifteen'],https://gbfs.partners.fifteen.eu/gbfs/2.2/caen/en/gbfs.json,,,,,,,49.1813403,-0.3635615,FR
tychowski-rower-miejski,Tychowski Rower Miejski,"{'latitude': 53.9288, 'longitude': 16.2568, 'city': 'Tychowo', 'country': 'PL'}",/v2/networks/tychowski-rower-miejski,['Nextbike GmbH'],,Nextbike,,,,,,53.9288,16.2568,PL
udine,Udine,"{'latitude': 46.0710668, 'longitude': 13.2345794, 'city': 'Udine', 'country': 'IT'}",/v2/networks/udine,['Comunicare S.r.l.'],,Bicincittà,https://www.bicincitta.com/frmLeStazioni.aspx?ID=126,,,,,46.0710668,13.2345794,IT
ugento,Ugento,"{'latitude': 39.9273518, 'longitude': 18.1582962, 'city': 'Ugento', 'country': 'IT'}",/v2/networks/ugento,['Comunicare S.r.l.'],,Bicincittà,https://www.bicincitta.com/frmLeStazioni.aspx?ID=103,,,,,39.9273518,18.1582962,IT
usedomrad-usedom,UsedomRad,"{'latitude': 53.9779, 'longitude': 13.9925, 'city': 'Usedom', 'country': 'DE'}",/v2/networks/usedomrad-usedom,['Nextbike GmbH'],,Nextbike,,,,,,53.9779,13.9925,DE
ustica,Ustica,"{'latitude': 38.7031179, 'longitude': 13.1682675, 'city': 'Ustica', 'country': 'IT'}",/v2/networks/ustica,['Comunicare S.r.l.'],,Bicincittà,https://www.bicincitta.com/frmLeStazioni.aspx?ID=138,,,,,38.7031179,13.1682675,IT
v3-bordeaux,V³,"{'latitude': 44.837789, 'longitude': -0.57918, 'city': 'Bordeaux', 'country': 'FR'}",/v2/networks/v3-bordeaux,['Keolis Bordeaux Métropole'],https://bdx.mecatran.com/utw/ws/gbfs/bordeaux/v3/gbfs.json?apiKey=opendata-bordeaux-metropole-flux-gtfs-rt,,,,,,,44.837789,-0.57918,FR
vagrad,VAG_Rad,"{'latitude': 49.4487, 'longitude': 11.0794, 'city': 'Nürnberg', 'country': 'DE'}",/v2/networks/vagrad,['VAG Verkehrs-Aktiengesellschaft'],,Nextbike,,,,,,49.4487,11.0794,DE
vaibike,VaiBike,"{'latitude': 42.5954, 'longitude': -8.7659, 'city': 'Vilagarcía de Arousa', 'country': 'ES'}",/v2/networks/vaibike,['Instituto Tecnológico de Castilla y León (ITCL)'],,bicicard,,,,,,42.5954,-8.7659,ES
valenbisi,Valenbisi,"{'latitude': 39.4699075, 'longitude': -0.3762881, 'city': 'Valencia', 'country': 'ES'}",/v2/networks/valenbisi,['JCDecaux'],,Cyclocity,https://developer.jcdecaux.com,,"{'name': 'Open Licence', 'url': 'https://developer.jcdecaux.com/#/opendata/licence'}",,,39.4699075,-0.3762881,ES
valentine,Valentine BCycle,"{'latitude': 42.8747, 'longitude': -100.5511, 'city': 'Valentine, NE', 'country': 'US'}",/v2/networks/valentine,"['BCycle, LLC']",https://gbfs.bcycle.com/bcycle_valentine/gbfs.json,BCycle,,,,,,42.8747,-100.5511,US
vel-in,Vél'in,"{'latitude': 50.95, 'longitude': 1.85, 'city': 'Calais', 'country': 'FR'}",/v2/networks/vel-in,['Veolia'],,Veloway,,,,,,50.95,1.85,FR
velam,Vélam,"{'latitude': 49.894067, 'longitude': 2.295753, 'city': 'Amiens', 'country': 'FR'}",/v2/networks/velam,['JCDecaux'],,Cyclocity,https://developer.jcdecaux.com,,"{'name': 'Open Licence', 'url': 'https://developer.jcdecaux.com/#/opendata/licence'}",,,49.894067,2.295753,FR
velectin,Velect’in,"{'latitude': 50.948056, 'longitude': 1.856389, 'city': 'Calais', 'country': 'FR'}",/v2/networks/velectin,['Ecovelo'],https://api.gbfs.ecovelo.mobi/calais/gbfs.json,Ecovelo,,True,,,,50.948056,1.856389,FR
velhop,Vélhop,"{'latitude': 48.583611, 'longitude': 7.748056, 'city': 'Strasbourg', 'country': 'FR'}",/v2/networks/velhop,['Strasbourg Mobilités'],https://gbfs.nextbike.net/maps/gbfs/v2/nextbike_ae/gbfs.json,,,,,,,48.583611,7.748056,FR
velib,Vélib' Métropole,"{'latitude': 48.856614, 'longitude': 2.3522219, 'city': 'Paris', 'country': 'FR'}",/v2/networks/velib,['Smovengo'],https://velib-metropole-opendata.smovengo.cloud/opendata/Velib_Metropole/gbfs.json,,,True,"{'name': 'OPEN LICENCE 2.0', 'url': 'etalab.gouv.fr/wp-content/uploads/2018/11/open-licence.pdf'}",,,48.856614,2.3522219,FR
velibeo,Vélibéo,"{'latitude': 45.1583, 'longitude': 1.5321, 'city': 'Brive-la-Gaillarde', 'country': 'FR'}",/v2/networks/velibeo,['Ecovelo'],https://api.gbfs.ecovelo.mobi/velibeo/gbfs.json,Ecovelo,,True,,,,45.1583,1.5321,FR
velitul,Vélitul,"{'latitude': 48.0706687, 'longitude': -0.7734022, 'city': 'Laval', 'country': 'FR'}",/v2/networks/velitul,['Cykleo SAS'],,Cykleo,,,,,,48.0706687,-0.7734022,FR
velivert,VéliVert,"{'latitude': 45.396667, 'longitude': 4.290833, 'city': 'Saint-Étienne', 'country': 'FR'}",/v2/networks/velivert,['Fifteen'],https://api.saint-etienne-metropole.fr/velivert/api/gbfs/gbfs.json,,,,,,,45.396667,4.290833,FR
velo,Vélô,"{'latitude': 43.604652, 'longitude': 1.444209, 'city': 'Toulouse', 'country': 'FR'}",/v2/networks/velo,['JCDecaux'],,Cyclocity,https://developer.jcdecaux.com,,"{'name': 'Open Licence', 'url': 'https://developer.jcdecaux.com/#/opendata/licence'}",,,43.604652,1.444209,FR
velo-antwerpen,Velo Antwerpen,"{'latitude': 51.216667, 'longitude': 4.4, 'city': 'Antwerpen', 'country': 'BE'}",/v2/networks/velo-antwerpen,['ClearChannel'],,SmartBike,,,,,,51.216667,4.4,BE
velo-baulois,Le Vélo Baulois,"{'latitude': 47.2867, 'longitude': -2.3908, 'city': 'La Baule-Escoublac', 'country': 'FR'}",/v2/networks/velo-baulois,['Ecovelo'],https://api.gbfs.ecovelo.mobi/labaule/gbfs.json,Ecovelo,,True,,,,47.2867,-2.3908,FR
velo2,Velo2,"{'latitude': 49.03561699999999, 'longitude': 2.060325, 'city': 'Cergy', 'country': 'FR'}",/v2/networks/velo2,['JCDecaux'],,Cyclocity,https://developer.jcdecaux.com,,"{'name': 'Open Licence', 'url': 'https://developer.jcdecaux.com/#/opendata/licence'}",,,49.03561699999999,2.060325,FR
velobaie,VeloBaie,"{'latitude': 48.514, 'longitude': -2.765, 'city': 'Saint-Brieuc', 'country': 'FR'}",/v2/networks/velobaie,"['VeloBaie', 'Fifteen SAS']",,,,,,,,48.514,-2.765,FR
velobike,Velobike,"{'latitude': 51.166667, 'longitude': 71.416667, 'city': 'Astana', 'country': 'KZ'}",/v2/networks/velobike,"['Velobike.kz, LLP', 'Smoove']",,Velobike,,,,,,51.166667,71.416667,KZ
velobike-moscow,Velobike,"{'latitude': 55.75, 'longitude': 37.616667, 'city': 'Moscow', 'country': 'RU'}",/v2/networks/velobike-moscow,['ЗАО «СитиБайк»'],,,,,,,,55.75,37.616667,RU
velobike-murmansk,Velobike,"{'latitude': 68.968, 'longitude': 33.074, 'city': 'Murmansk', 'country': 'RU'}",/v2/networks/velobike-murmansk,['ЗАО «СитиБайк»'],,,,,,,,68.968,33.074,RU
velobike-nizhniy-novgorod,Velobike,"{'latitude': 56.194, 'longitude': 44.003, 'city': 'Nizhniy Novgorod', 'country': 'RU'}",/v2/networks/velobike-nizhniy-novgorod,['ЗАО «СитиБайк»'],,,,,,,,56.194,44.003,RU
velocite-besancon,VéloCité,"{'latitude': 47.237829, 'longitude': 6.024053899999999, 'city': 'Besançon', 'country': 'FR'}",/v2/networks/velocite-besancon,['JCDecaux'],,Cyclocity,https://developer.jcdecaux.com,,"{'name': 'Open Licence', 'url': 'https://developer.jcdecaux.com/#/opendata/licence'}",,,47.237829,6.024053899999999,FR
velocite-laon,Vélo'Cité,"{'latitude': 49.5639, 'longitude': 3.6244, 'city': 'Laon', 'country': 'FR'}",/v2/networks/velocite-laon,['Ecovelo'],https://api.gbfs.ecovelo.mobi/velocite/gbfs.json,Ecovelo,,True,,,,49.5639,3.6244,FR
velocite-mulhouse,VéloCité,"{'latitude': 47.750839, 'longitude': 7.335888, 'city': 'Mulhouse', 'country': 'FR'}",/v2/networks/velocite-mulhouse,['JCDecaux'],,Cyclocity,https://developer.jcdecaux.com,,"{'name': 'Open Licence', 'url': 'https://developer.jcdecaux.com/#/opendata/licence'}",,,47.750839,7.335888,FR
velodaqui,Vélos d’Aquí,"{'latitude': 42.5449, 'longitude': 3.0235, 'city': 'Argelès-sur-Mer', 'country': 'FR'}",/v2/networks/velodaqui,['Ecovelo'],https://api.gbfs.ecovelo.mobi/velodaqui/gbfs.json,Ecovelo,,True,,,,42.5449,3.0235,FR
veloh,Veloh,"{'latitude': 49.6301025, 'longitude': 6.1520185, 'city': 'Luxembourg', 'country': 'LU'}",/v2/networks/veloh,['JCDecaux'],,Cyclocity,https://developer.jcdecaux.com,,"{'name': 'Open Licence', 'url': 'https://developer.jcdecaux.com/#/opendata/licence'}",,,49.6301025,6.1520185,LU
velok,Vël'Ok,"{'latitude': 49.5024, 'longitude': 5.9722, 'city': 'Esch-sur-alzette', 'country': 'LU'}",/v2/networks/velok,['CIGL ESCH'],,Velok,https://docs.api.tfl.lu/v1/en/RESTAPIs/BikePoint/,True,,,,49.5024,5.9722,LU
velomagg,Vélomagg,"{'latitude': 43.6119, 'longitude': 3.8772, 'city': 'Montpellier', 'country': 'FR'}",/v2/networks/velomagg,"['TaM', 'Fifteen']",https://montpellier-fr.fifteen.site/gbfs/gbfs.json,,https://transport.data.gouv.fr/datasets/disponibilite-en-temps-reel-des-velos-en-libre-service-velomagg-de-montpellier/,,"{'name': 'Open Data Commons Open Database License (ODbL)', 'url': 'http://opendatacommons.org/licenses/odbl/summary/'}",,,43.6119,3.8772,FR
velomat,Vélo MAT,"{'latitude': 48.64, 'longitude': -2.0, 'city': 'Saint-Malo', 'country': 'FR'}",/v2/networks/velomat,['Fifteen SAS'],,Fifteen,,,,,,48.64,-2.0,FR
velomodalis,Vélo Modalis,"{'latitude': 45.7, 'longitude': -0.33, 'city': 'Ligne TER Royan - Angoulême', 'country': 'FR'}",/v2/networks/velomodalis,['Fifteen SAS'],,Fifteen,,,,,,45.7,-0.33,FR
velopark-drobeta,Drobeta Velopark,"{'latitude': 44.6326, 'longitude': 22.6564, 'city': 'Drobeta', 'country': 'RO'}",/v2/networks/velopark-drobeta,['Nextbike GmbH'],,Nextbike,,,,,,44.6326,22.6564,RO
velopartage-geneve,VéloPartage,"{'latitude': 46.2021, 'longitude': 6.1457, 'city': 'Genève', 'country': 'CH'}",/v2/networks/velopartage-geneve,"['Genèveroule', 'Donkey Republic']",https://stables.donkey.bike/api/public/gbfs/2/donkey_ge/gbfs.json,,,,,,,46.2021,6.1457,CH
veloplus-velotao,Vélo+/VéloTAO,"{'latitude': 47.9027336, 'longitude': 1.9086066, 'city': 'Orléans', 'country': 'FR'}",/v2/networks/veloplus-velotao,['Cykleo SAS'],,Cykleo,,,,,,47.9027336,1.9086066,FR
velopop,Vélopop,"{'latitude': 43.943689, 'longitude': 4.805833, 'city': 'Avignon', 'country': 'FR'}",/v2/networks/velopop,"['TCRA Public Transport Region Avignon', 'Fifteen']",,,,,,,,43.943689,4.805833,FR
velostanlib,vélOstan'lib,"{'latitude': 48.692054, 'longitude': 6.184417, 'city': 'Nancy', 'country': 'FR'}",/v2/networks/velostanlib,['JCDecaux'],,Cyclocity,https://developer.jcdecaux.com,,"{'name': 'Open Licence', 'url': 'https://developer.jcdecaux.com/#/opendata/licence'}",,,48.692054,6.184417,FR
velov,Vélo'V,"{'latitude': 45.764043, 'longitude': 4.835659, 'city': 'Lyon', 'country': 'FR'}",/v2/networks/velov,['JCDecaux'],,Cyclocity,https://developer.jcdecaux.com,,"{'name': 'Open Licence', 'url': 'https://developer.jcdecaux.com/#/opendata/licence'}",,,45.764043,4.835659,FR
velozef,VéloZef,"{'latitude': 48.3905, 'longitude': -4.48732, 'city': 'Brest', 'country': 'FR'}",/v2/networks/velozef,['Fifteen SAS'],https://api.prod.partners-fs37hd8.zoov.eu/gbfs/2.2/brest/en/gbfs.json?&key=OGNhZDNjMDQtYTA0Yi00NzU2LWE0MTItOGJlYzE1Y2E4NGEx,,https://www.data.gouv.fr/fr/datasets/velos-a-assistance-electrique-en-libre-service-velozef-sur-brest/,,,,,48.3905,-4.48732,FR
velyceo,vélYcéo,"{'latitude': 47.2806, 'longitude': -2.2086, 'city': 'Saint-Nazaire', 'country': 'FR'}",/v2/networks/velyceo,['Ecovelo'],https://api.gbfs.ecovelo.mobi/velyceo/gbfs.json,Ecovelo,,True,,,,47.2806,-2.2086,FR
venezia,Venezia,"{'latitude': 45.4408474, 'longitude': 12.3155151, 'city': 'Venezia', 'country': 'IT'}",/v2/networks/venezia,['Comunicare S.r.l.'],,Bicincittà,https://www.bicincitta.com/frmLeStazioni.aspx?ID=93,,,,,45.4408474,12.3155151,IT
vercelli,Vercelli,"{'latitude': 45.32022720000001, 'longitude': 8.418573499999999, 'city': 'Vercelli', 'country': 'IT'}",/v2/networks/vercelli,['Comunicare S.r.l.'],,Bicincittà,https://www.bicincitta.com/frmLeStazioni.aspx?ID=235,,,,,45.32022720000001,8.418573499999999,IT
verdeciclos,VerdeCiclos,"{'latitude': 42.6041, 'longitude': -8.6419, 'city': 'Caldas de Reis', 'country': 'ES'}",/v2/networks/verdeciclos,['Instituto Tecnológico de Castilla y León (ITCL)'],,bicicard,,,,,,42.6041,-8.6419,ES
veturilo-nextbike-warsaw,VETURILO 3.0,"{'latitude': 52.2581, 'longitude': 20.9949, 'city': 'Warsaw', 'country': 'PL'}",/v2/networks/veturilo-nextbike-warsaw,['Nextbike GmbH'],,Nextbike,,,,,,52.2581,20.9949,PL
via-velo,VIA Vélo,"{'latitude': 48.2181, 'longitude': -1.6947, 'city': ""Val d'Ille-Aubigné"", 'country': 'FR'}",/v2/networks/via-velo,['Ecovelo'],https://api.gbfs.ecovelo.mobi/via/gbfs.json,Ecovelo,,True,,,,48.2181,-1.6947,FR
villo,villo,"{'latitude': 50.8503396, 'longitude': 4.3517103, 'city': 'Bruxelles', 'country': 'BE'}",/v2/networks/villo,['JCDecaux'],,Cyclocity,https://developer.jcdecaux.com,,"{'name': 'Open Licence', 'url': 'https://developer.jcdecaux.com/#/opendata/licence'}",,,50.8503396,4.3517103,BE
vilnius-cyclocity,Cyclocity,"{'latitude': 54.6871555, 'longitude': 25.2796514, 'city': 'Vilnius', 'country': 'LT'}",/v2/networks/vilnius-cyclocity,['JCDecaux'],,Cyclocity,https://developer.jcdecaux.com,,"{'name': 'Open Licence', 'url': 'https://developer.jcdecaux.com/#/opendata/licence'}",,,54.6871555,25.2796514,LT
vilvolt,Vilvolt,"{'latitude': 48.1833, 'longitude': 6.4508, 'city': 'Epinal', 'country': 'FR'}",/v2/networks/vilvolt,"['Vilvolt CA Épinal', ""Communauté d'agglomération Épinal"", 'Fifteen SAS']",,Fifteen,,,,,,48.1833,6.4508,FR
visa-frankfurt,VISA,"{'latitude': 50.1072, 'longitude': 8.66375, 'city': 'Frankfurt', 'country': 'DE'}",/v2/networks/visa-frankfurt,['Nextbike GmbH'],,Nextbike,,,,,,50.1072,8.66375,DE
vitelinhas,Vitelinhas,"{'latitude': 41.4513, 'longitude': -8.1728, 'city': 'Fafe', 'country': 'PT'}",/v2/networks/vitelinhas,"['Município de Fafe', 'Share2Go - Mobilidade Partilhada, Sociedade Unipessoal Lda']",,,,True,,,,41.4513,-8.1728,PT
vlille,V'Lille,"{'latitude': 50.62925, 'longitude': 3.057256, 'city': 'Lille', 'country': 'FR'}",/v2/networks/vlille,['Keolis'],,Keolis,https://data.lillemetropole.fr/catalogue/dataset/c8166e8f-36a2-40ca-af1a-a00ab1fb20f7,,,,,50.62925,3.057256,FR
vrn-bensheim,VRN,"{'latitude': 49.6803, 'longitude': 8.6189, 'city': 'Bensheim', 'country': 'DE'}",/v2/networks/vrn-bensheim,['Nextbike GmbH'],,Nextbike,,,,,,49.6803,8.6189,DE
vrn-burstadt,VRN,"{'latitude': 49.6461, 'longitude': 8.44917, 'city': 'Bürstadt', 'country': 'DE'}",/v2/networks/vrn-burstadt,['Nextbike GmbH'],,Nextbike,,,,,,49.6461,8.44917,DE
vrn-eppelheim,VRN,"{'latitude': 49.4025, 'longitude': 8.6331, 'city': 'Eppelheim', 'country': 'DE'}",/v2/networks/vrn-eppelheim,['Nextbike GmbH'],,Nextbike,,,,,,49.4025,8.6331,DE
vrn-heidelberg,VRN,"{'latitude': 49.4023, 'longitude': 8.67577, 'city': 'Heidelberg', 'country': 'DE'}",/v2/networks/vrn-heidelberg,['Nextbike GmbH'],,Nextbike,,,,,,49.4023,8.67577,DE
vrn-heppenheim,VRN,"{'latitude': 49.6431, 'longitude': 8.63889, 'city': 'Heppenheim', 'country': 'DE'}",/v2/networks/vrn-heppenheim,['Nextbike GmbH'],,Nextbike,,,,,,49.6431,8.63889,DE
vrn-hockenheim,VRN,"{'latitude': 49.3227, 'longitude': 8.54258, 'city': 'Hockenheim', 'country': 'DE'}",/v2/networks/vrn-hockenheim,['Nextbike GmbH'],,,,,,,,49.3227,8.54258,DE
vrn-kaiserslautern,VRN,"{'latitude': 49.4413, 'longitude': 7.75566, 'city': 'Kaiserslautern', 'country': 'DE'}",/v2/networks/vrn-kaiserslautern,['Nextbike GmbH'],,Nextbike,,,,,,49.4413,7.75566,DE
vrn-landau,VRN,"{'latitude': 49.1975, 'longitude': 8.11693, 'city': 'Landau in der Pfalz', 'country': 'DE'}",/v2/networks/vrn-landau,['Nextbike GmbH'],,Nextbike,,,,,,49.1975,8.11693,DE
vrn-ludwigshafen,VRN,"{'latitude': 49.4741, 'longitude': 8.43287, 'city': 'Ludwigshafen', 'country': 'DE'}",/v2/networks/vrn-ludwigshafen,['Nextbike GmbH'],,Nextbike,,,,,,49.4741,8.43287,DE
vrn-mannheim,VRN,"{'latitude': 49.4869, 'longitude': 8.45638, 'city': 'Mannheim', 'country': 'DE'}",/v2/networks/vrn-mannheim,['Nextbike GmbH'],,Nextbike,,,,,,49.4869,8.45638,DE
vrn-schwetzingen,VRN,"{'latitude': 49.3863, 'longitude': 8.5756, 'city': 'Schwetzingen', 'country': 'DE'}",/v2/networks/vrn-schwetzingen,['Nextbike GmbH'],,Nextbike,,,,,,49.3863,8.5756,DE
vrn-speyer,VRN,"{'latitude': 49.3126, 'longitude': 8.45295, 'city': 'Speyer', 'country': 'DE'}",/v2/networks/vrn-speyer,['Nextbike GmbH'],,Nextbike,,,,,,49.3126,8.45295,DE
vrn-weinheim,VRN,"{'latitude': 49.545, 'longitude': 8.66027, 'city': 'Weinheim', 'country': 'DE'}",/v2/networks/vrn-weinheim,['Nextbike GmbH'],,Nextbike,,,,,,49.545,8.66027,DE
vrn-worms,VRN,"{'latitude': 49.6394, 'longitude': 8.34618, 'city': 'Worms', 'country': 'DE'}",/v2/networks/vrn-worms,['Nextbike GmbH'],,Nextbike,,,,,,49.6394,8.34618,DE
vvtregiorad-ellmau,VVT REGIORAD Tirol,"{'latitude': 47.5134, 'longitude': 12.3025, 'city': 'Ellmau', 'country': 'AT'}",/v2/networks/vvtregiorad-ellmau,['Nextbike GmbH'],,Nextbike,,,,,,47.5134,12.3025,AT
vvtregiorad-kufstein,VVT REGIORAD Tirol,"{'latitude': 47.583, 'longitude': 12.1692, 'city': 'Kufstein', 'country': 'AT'}",/v2/networks/vvtregiorad-kufstein,['Nextbike GmbH'],,Nextbike,,,,,,47.583,12.1692,AT
waterford,TFI Bikes,"{'latitude': 52.2475049, 'longitude': -7.1130299, 'city': 'Waterford', 'country': 'IE'}",/v2/networks/waterford,['The National Transport Authority'],,TFI Bikes,,,,,,52.2475049,-7.1130299,IE
we-cycle,WE-cycle,"{'latitude': 39.194951, 'longitude': -106.837002, 'city': 'Aspen, CO', 'country': 'US'}",/v2/networks/we-cycle,"['PBSC', 'Alta Bicycle Share, Inc']",https://asp.publicbikesystem.net/ube/gbfs/v1/gbfs.json,,,,,,,39.194951,-106.837002,US
we-love-bike,We Love bike,"{'latitude': 45.3097228, 'longitude': 9.503715999999999, 'city': 'Lodi', 'country': 'IT'}",/v2/networks/we-love-bike,['Comunicare S.r.l.'],,Bicincittà,https://www.bicincitta.com/frmLeStazioni.aspx?ID=190,,,,,45.3097228,9.503715999999999,IT
westbike-erkelenz,westBike,"{'latitude': 51.0753, 'longitude': 6.31233, 'city': 'Erkelenz', 'country': 'DE'}",/v2/networks/westbike-erkelenz,['Nextbike GmbH'],,Nextbike,,,,,,51.0753,6.31233,DE
westbike-geilenkirchen,westBike,"{'latitude': 50.9671, 'longitude': 6.11886, 'city': 'Geilenkirchen', 'country': 'DE'}",/v2/networks/westbike-geilenkirchen,['Nextbike GmbH'],,Nextbike,,,,,,50.9671,6.11886,DE
westbike-heinsberg,westBike,"{'latitude': 51.0597, 'longitude': 6.11849, 'city': 'Heinsberg', 'country': 'DE'}",/v2/networks/westbike-heinsberg,['Nextbike GmbH'],,Nextbike,,,,,,51.0597,6.11849,DE
westbike-hueckelhoven,westBike,"{'latitude': 51.0529, 'longitude': 6.21933, 'city': 'Hückelhoven', 'country': 'DE'}",/v2/networks/westbike-hueckelhoven,['Nextbike GmbH'],,Nextbike,,,,,,51.0529,6.21933,DE
westbike-wegberg,westBike,"{'latitude': 51.1427, 'longitude': 6.2813, 'city': 'Wegberg', 'country': 'DE'}",/v2/networks/westbike-wegberg,['Nextbike GmbH'],,Nextbike,,,,,,51.1427,6.2813,DE
westcargo-bath,WESTcargo Bath,"{'latitude': 51.3814, 'longitude': -2.35519, 'city': 'Bath', 'country': 'GB'}",/v2/networks/westcargo-bath,['Nextbike GmbH'],,Nextbike,,,,,,51.3814,-2.35519,GB
westcargo-bristol,WESTcargo Bristol,"{'latitude': 51.4587, 'longitude': -2.57355, 'city': 'Bristol', 'country': 'GB'}",/v2/networks/westcargo-bristol,['Nextbike GmbH'],,Nextbike,,,,,,51.4587,-2.57355,GB
whitebikes,WhiteBikes,"{'latitude': 48.149424, 'longitude': 17.113922, 'city': 'Bratislava', 'country': 'SK'}",/v2/networks/whitebikes,['Open Source Bike Share'],,OpenSourceBikeShare,,,,,,48.149424,17.113922,SK
wienmobil-rad,WienMobil Rad,"{'latitude': 48.2081743, 'longitude': 16.3738189, 'city': 'Wien', 'country': 'AT'}",/v2/networks/wienmobil-rad,['Nextbike GmbH'],,Nextbike,,,,,,48.2081743,16.3738189,AT
winsenrad,WinsenRad,"{'latitude': 53.3547, 'longitude': 10.2067, 'city': 'Winsen (Luhe)', 'country': 'DE'}",/v2/networks/winsenrad,['Nextbike GmbH'],,Nextbike,,,,,,53.3547,10.2067,DE
wk-bike-bremen-bremen,WK-Bike,"{'latitude': 53.0781, 'longitude': 8.80132, 'city': 'Bremen', 'country': 'DE'}",/v2/networks/wk-bike-bremen-bremen,['Nextbike GmbH'],,Nextbike,,,,,,53.0781,8.80132,DE
wolf-ride-bike-share,Wolf Ride Bike Share (Stony Brook University),"{'latitude': 40.9124, 'longitude': -73.1249, 'city': 'Stony Brook', 'country': 'US'}",/v2/networks/wolf-ride-bike-share,['Stony Brook University'],https://sbu.publicbikesystem.net/customer/gbfs/v2/gbfs.json,,,,,,,40.9124,-73.1249,US
wrm-wroclaw,WRM,"{'latitude': 51.1097, 'longitude': 17.0485, 'city': 'Wrocław', 'country': 'PL'}",/v2/networks/wrm-wroclaw,['Nextbike GmbH'],,,,,,,,51.1097,17.0485,PL
wupsi,wupsiRad Leverkusen,"{'latitude': 51.0732, 'longitude': 7.00814, 'city': 'Leverkusen', 'country': 'DE'}",/v2/networks/wupsi,['Nextbike GmbH'],,Nextbike,,,,,,51.0732,7.00814,DE
xian-public-bicycle,Xi'an Public Bicycle,"{'latitude': 34.2688, 'longitude': 108.9458, 'city': ""西安 (Xi'an)"", 'country': 'CN'}",/v2/networks/xian-public-bicycle,['西安城市公共自行车服务管理有'],,,,,,,,34.2688,108.9458,CN
yelo-velo,Yélo Vélo,"{'latitude': 46.1591, 'longitude': -1.1509, 'city': 'La Rochelle', 'country': 'FR'}",/v2/networks/yelo-velo,"[""Communauté d'Agglomération de La Rochelle""]",,,,,"{'name': 'Licence Ouverte', 'url': 'https://www.etalab.gouv.fr/licence-ouverte-open-licence/'}",,,46.1591,-1.1509,FR
youbike-chiayi-city,YouBike,"{'latitude': 23.4797, 'longitude': 120.4397, 'city': '台灣 Chiayi City', 'country': 'TW'}",/v2/networks/youbike-chiayi-city,"['YouBike Co., Ltd.']",,YouBike,,,,,,23.4797,120.4397,TW
youbike-hsinchu-city,YouBike,"{'latitude': 24.8018, 'longitude': 120.9714, 'city': '新竹市 Hsinchu City', 'country': 'TW'}",/v2/networks/youbike-hsinchu-city,"['YouBike Co., Ltd.']",,YouBike,,,,,,24.8018,120.9714,TW
youbike-hsinchu-county,YouBike,"{'latitude': 24.8269, 'longitude': 121.0129, 'city': '新竹縣 Hsinchu County', 'country': 'TW'}",/v2/networks/youbike-hsinchu-county,"['YouBike Co., Ltd.']",,YouBike,,,,,,24.8269,121.0129,TW
youbike-hsinchu-science-park,YouBike,"{'latitude': 24.7818, 'longitude': 121.005, 'city': '新竹科學工業園區 Hsinchu Science Park', 'country': 'TW'}",/v2/networks/youbike-hsinchu-science-park,"['YouBike Co., Ltd.']",,YouBike,,,,,,24.7818,121.005,TW
youbike-kaohsiung-city,YouBike,"{'latitude': 22.6314, 'longitude': 120.3018, 'city': '高雄市 Kaohsiung City', 'country': 'TW'}",/v2/networks/youbike-kaohsiung-city,"['YouBike Co., Ltd.']",,YouBike,,,,,,22.6314,120.3018,TW
youbike-miaoli-county,YouBike,"{'latitude': 24.5648, 'longitude': 120.8185, 'city': '台灣 Miaoli County', 'country': 'TW'}",/v2/networks/youbike-miaoli-county,"['YouBike Co., Ltd.']",,YouBike,,,,,,24.5648,120.8185,TW
youbike-new-taipei,YouBike,"{'latitude': 25.0169826, 'longitude': 121.4627868, 'city': '新北市 New Taipei', 'country': 'TW'}",/v2/networks/youbike-new-taipei,"['YouBike Co., Ltd.']",,YouBike,,,,,,25.0169826,121.4627868,TW
youbike-pingtung-county,YouBike,"{'latitude': 22.683, 'longitude': 120.4879, 'city': '屏東縣 Pingtung County', 'country': 'TW'}",/v2/networks/youbike-pingtung-county,"['YouBike Co., Ltd.']",,YouBike,,,,,,22.683,120.4879,TW
youbike-putian-city,YouBike,"{'latitude': 25.4504, 'longitude': 119.0126, 'city': '莆田市 (Putian City)', 'country': 'CN'}",/v2/networks/youbike-putian-city,"['YouBike Co., Ltd.']",,YouBike,,,,,,25.4504,119.0126,CN
youbike-taichung,YouBike,"{'latitude': 24.1477358, 'longitude': 120.6736482, 'city': '臺中市 Taichung City', 'country': 'TW'}",/v2/networks/youbike-taichung,"['YouBike Co., Ltd.']",,YouBike,,,,,,24.1477358,120.6736482,TW
youbike-tainan-city,YouBike,"{'latitude': 22.9923, 'longitude': 120.185, 'city': '臺南市 Tainan City', 'country': 'TW'}",/v2/networks/youbike-tainan-city,"['YouBike Co., Ltd.']",,YouBike,,,,,,22.9923,120.185,TW
youbike-taipei,YouBike,"{'latitude': 25.0329636, 'longitude': 121.5654268, 'city': '台北市 Taipei City', 'country': 'TW'}",/v2/networks/youbike-taipei,"['YouBike Co., Ltd.']",,YouBike,,,,,,25.0329636,121.5654268,TW
youbike-taoyuan,YouBike,"{'latitude': 24.9936281, 'longitude': 121.3009798, 'city': '桃園市 Taoyuan City', 'country': 'TW'}",/v2/networks/youbike-taoyuan,"['YouBike Co., Ltd.']",,YouBike,,,,,,24.9936281,121.3009798,TW
yoy-san-luis-potosi,YOY - San Luis Potosi,"{'latitude': 22.438, 'longitude': -100.514, 'city': 'San Luis Potosi', 'country': 'MX'}",/v2/networks/yoy-san-luis-potosi,['Nextbike GmbH'],,,,,,,,22.438,-100.514,MX
yoy-san-luis-potosi-cancun,YOY - San Luis Potosi,"{'latitude': 21.1675, 'longitude': -86.8498, 'city': 'Cancún', 'country': 'MX'}",/v2/networks/yoy-san-luis-potosi-cancun,['Nextbike GmbH'],,,,,,,,21.1675,-86.8498,MX
yverdon-les-bains,Donkey Republic Yverdon-les-Bains,"{'latitude': 46.7788, 'longitude': 6.6414, 'city': 'Yverdon-les-Bains', 'country': 'CH'}",/v2/networks/yverdon-les-bains,['Donkey Republic'],https://stables.donkey.bike/api/public/gbfs/2/donkey_yverdon-les-bains/gbfs.json,,,,,,,46.7788,6.6414,CH
zebullo,ZébullO,"{'latitude': 49.2628, 'longitude': 4.0347, 'city': 'Reims', 'country': 'FR'}",/v2/networks/zebullo,['Ecovelo'],https://api.gbfs.ecovelo.mobi/zebullo/gbfs.json,Ecovelo,,True,,,,49.2628,4.0347,FR
zena-by-bike,Zena By Bike,"{'latitude': 44.40430089372731, 'longitude': 8.92908986230462, 'city': 'Genova', 'country': 'IT'}",/v2/networks/zena-by-bike,['Bicincitta Italia S.r.l.'],,Weelo,,,,,,44.40430089372731,8.92908986230462,IT
zoov-paris-sud,Zoov,"{'latitude': 48.7429, 'longitude': 2.238, 'city': 'Paris Sud', 'country': 'FR'}",/v2/networks/zoov-paris-sud,['Fifteen SAS'],https://gateway.prod.zoov.io/gbfs/2.2/saclay/en/gbfs.json?key=NGFlMjU3MDUtNDk5My00MTM4LTk1ZjctNmNlNDM1MWQ0NjE1,,https://www.data.gouv.fr/fr/datasets/r/4646ba01-4fe0-4cd8-91d3-09e204bbaf86,,"{'name': 'Open Data Commons Open Database License (ODbL)', 'url': 'http://opendatacommons.org/licenses/odbl/summary/'}",,,48.7429,2.238,FR
